datetime,DEMAND_MET_MW,lag_1,lag_4,lag_96,lag_192,roll_mean_4,roll_std_4,roll_mean_96,hour,minute,block_of_day,dow,is_weekend,is_holiday,hour_sin,hour_cos,dow_sin,dow_cos
2026-08-03 00:00:00,228355,230564.0,233048.0,230442.0,227840.0,231955.0,1112.7641259494367,224684.27083333334,0,0,0,0,0,0,0.0,1.0,0.0,1.0
2026-08-03 00:15:00,227426,228355.0,232624.0,230144.0,228092.0,230781.75,1823.368745847459,224662.53125,0,15,1,0,0,0,0.06540312923014306,0.9978589232386035,0.0,1.0
2026-08-03 00:30:00,225843,227426.0,231584.0,228138.0,227155.0,229482.25,1922.3590325430862,224634.21875,0,30,2,0,0,0,0.13052619222005157,0.9914448613738104,0.0,1.0
2026-08-03 00:45:00,224224,225843.0,230564.0,226183.0,226108.0,228047.0,1972.5964277232795,224610.3125,0,45,3,0,0,0,0.19509032201612825,0.9807852804032304,0.0,1.0
2026-08-03 01:00:00,222307,224224.0,228355.0,224334.0,223851.0,226462.0,1817.0076132660104,224589.90625,1,0,4,0,0,0,0.25881904510252074,0.9659258262890683,0.0,1.0
2026-08-03 01:15:00,219964,222307.0,227426.0,222334.0,221770.0,224950.0,2193.972804450101,224568.79166666666,1,15,5,0,0,0,0.3214394653031616,0.9469301294951057,0.0,1.0
2026-08-03 01:30:00,218717,219964.0,225843.0,221329.0,220425.0,223084.5,2533.1014586865563,224544.10416666666,1,30,6,0,0,0,0.3826834323650898,0.9238795325112867,0.0,1.0
2026-08-03 01:45:00,217358,218717.0,224224.0,220053.0,218830.0,221303.0,2450.8892263829384,224516.89583333334,1,45,7,0,0,0,0.44228869021900125,0.8968727415326884,0.0,1.0
2026-08-03 02:00:00,216144,217358.0,222307.0,218697.0,218092.0,219586.5,2102.8448191279613,224488.82291666666,2,0,8,0,0,0,0.49999999999999994,0.8660254037844387,0.0,1.0
2026-08-03 02:15:00,215487,216144.0,219964.0,218576.0,216705.0,218045.75,1655.285750759254,224462.22916666666,2,15,9,0,0,0,0.5555702330196022,0.8314696123025452,0.0,1.0
2026-08-03 02:30:00,214688,215487.0,218717.0,217368.0,216286.0,216926.5,1423.2063565531546,224430.05208333334,2,30,10,0,0,0,0.6087614290087207,0.7933533402912352,0.0,1.0
2026-08-03 02:45:00,214169,214688.0,217358.0,217246.0,216202.0,215919.25,1128.9125667354824,224402.13541666666,2,45,11,0,0,0,0.6593458151000688,0.7518398074789774,0.0,1.0
2026-08-03 03:00:00,213531,214169.0,216144.0,216344.0,215225.0,215122.0,870.684405128108,224370.08333333334,3,0,12,0,0,0,0.7071067811865476,0.7071067811865476,0.0,1.0
2026-08-03 03:15:00,213145,213531.0,215487.0,216267.0,215160.0,214468.75,827.4718021378695,224340.78125,3,15,13,0,0,0,0.7518398074789774,0.6593458151000688,0.0,1.0
2026-08-03 03:30:00,212131,213145.0,214688.0,215197.0,214653.0,213883.25,682.7319508171802,224308.26041666666,3,30,14,0,0,0,0.7933533402912352,0.6087614290087207,0.0,1.0
2026-08-03 03:45:00,211163,212131.0,214169.0,214524.0,213539.0,213244.0,853.7298557896594,224276.32291666666,3,45,15,0,0,0,0.8314696123025451,0.5555702330196024,0.0,1.0
2026-08-03 04:00:00,210755,211163.0,213531.0,214183.0,212379.0,212492.5,1064.9712046185218,224241.3125,4,0,16,0,0,0,0.8660254037844386,0.5000000000000001,0.0,1.0
2026-08-03 04:15:00,211466,210755.0,213145.0,215088.0,213152.0,211798.5,1067.141196530852,224205.60416666666,4,15,17,0,0,0,0.8968727415326884,0.44228869021900125,0.0,1.0
2026-08-03 04:30:00,211940,211466.0,212131.0,215305.0,213132.0,211378.75,579.9726286644578,224167.875,4,30,18,0,0,0,0.9238795325112867,0.38268343236508984,0.0,1.0
2026-08-03 04:45:00,212337,211940.0,211163.0,215722.0,213775.0,211331.0,499.70191114299445,224132.82291666666,4,45,19,0,0,0,0.9469301294951056,0.3214394653031617,0.0,1.0
2026-08-03 05:00:00,213242,212337.0,210755.0,216241.0,214010.0,211624.5,680.2815593560957,224097.5625,5,0,20,0,0,0,0.9659258262890683,0.25881904510252074,0.0,1.0
2026-08-03 05:15:00,215582,213242.0,211466.0,218133.0,214952.0,212246.25,753.2889551825084,224066.32291666666,5,15,21,0,0,0,0.9807852804032304,0.19509032201612833,0.0,1.0
2026-08-03 05:30:00,217981,215582.0,211940.0,218695.0,216653.0,213275.25,1631.503064661524,224039.75,5,30,22,0,0,0,0.9914448613738104,0.1305261922200517,0.0,1.0
2026-08-03 05:45:00,219790,217981.0,212337.0,219576.0,218532.0,214785.5,2531.348586557489,224032.3125,5,45,23,0,0,0,0.9978589232386035,0.06540312923014327,0.0,1.0
2026-08-03 06:00:00,220857,219790.0,213242.0,218706.0,218814.0,216648.75,2851.095856566959,224034.54166666666,6,0,24,0,0,0,1.0,6.123233995736766e-17,0.0,1.0
2026-08-03 06:15:00,222739,220857.0,215582.0,218764.0,220689.0,218552.5,2308.867615665003,224056.94791666666,6,15,25,0,0,0,0.9978589232386035,-0.06540312923014314,0.0,1.0
2026-08-03 06:30:00,224376,222739.0,217981.0,220688.0,223397.0,220341.75,1990.8004043600017,224098.35416666666,6,30,26,0,0,0,0.9914448613738104,-0.1305261922200516,0.0,1.0
2026-08-03 06:45:00,226205,224376.0,219790.0,220980.0,224676.0,221940.5,2030.4256532395602,224136.77083333334,6,45,27,0,0,0,0.9807852804032304,-0.1950903220161282,0.0,1.0
2026-08-03 07:00:00,226994,226205.0,220857.0,220686.0,224755.0,223544.25,2283.3556264118415,224191.19791666666,7,0,28,0,0,0,0.9659258262890683,-0.25881904510252063,0.0,1.0
2026-08-03 07:15:00,228470,226994.0,222739.0,220239.0,225873.0,225078.5,1906.559641518359,224256.90625,7,15,29,0,0,0,0.9469301294951057,-0.3214394653031616,0.0,1.0
2026-08-03 07:30:00,230031,228470.0,224376.0,219988.0,226496.0,226511.25,1705.1716189287026,224342.64583333334,7,30,30,0,0,0,0.9238795325112868,-0.3826834323650895,0.0,1.0
2026-08-03 07:45:00,230070,230031.0,226205.0,218786.0,225149.0,227925.0,1688.9268782276908,224447.26041666666,7,45,31,0,0,0,0.8968727415326884,-0.44228869021900113,0.0,1.0
2026-08-03 08:00:00,229014,230070.0,226994.0,218332.0,223635.0,228891.25,1468.0475412374278,224564.80208333334,8,0,32,0,0,0,0.8660254037844387,-0.4999999999999998,0.0,1.0
2026-08-03 08:15:00,231363,229014.0,228470.0,220398.0,226622.0,229396.25,787.5914232645811,224676.07291666666,8,15,33,0,0,0,0.8314696123025451,-0.5555702330196023,0.0,1.0
2026-08-03 08:30:00,234026,231363.0,230031.0,221101.0,227667.0,230119.5,962.4110348494183,224790.29166666666,8,30,34,0,0,0,0.7933533402912352,-0.6087614290087207,0.0,1.0
2026-08-03 08:45:00,236221,234026.0,230070.0,223207.0,229872.0,231118.25,2163.454702553286,224924.92708333334,8,45,35,0,0,0,0.7518398074789774,-0.6593458151000688,0.0,1.0
2026-08-03 09:00:00,238061,236221.0,229014.0,223217.0,230940.0,232656.0,3136.991021132609,225060.48958333334,9,0,36,0,0,0,0.7071067811865476,-0.7071067811865475,0.0,1.0
2026-08-03 09:15:00,241516,238061.0,231363.0,225925.0,235085.0,234917.75,2887.3255647167,225215.11458333334,9,15,37,0,0,0,0.659345815100069,-0.7518398074789773,0.0,1.0
2026-08-03 09:30:00,243617,241516.0,234026.0,226522.0,236124.0,237456.0,3169.6345741005066,225377.52083333334,9,30,38,0,0,0,0.6087614290087209,-0.793353340291235,0.0,1.0
2026-08-03 09:45:00,244885,243617.0,236221.0,227360.0,236996.0,239853.75,3333.464201597683,225555.59375,9,45,39,0,0,0,0.5555702330196025,-0.831469612302545,0.0,1.0
2026-08-03 10:00:00,244731,244885.0,238061.0,227164.0,237565.0,242019.75,2982.5230231019677,225738.14583333334,10,0,40,0,0,0,0.49999999999999994,-0.8660254037844387,0.0,1.0
2026-08-03 10:15:00,245048,244731.0,241516.0,226580.0,238248.0,243687.25,1553.8426293118027,225921.13541666666,10,15,41,0,0,0,0.4422886902190017,-0.8968727415326881,0.0,1.0
2026-08-03 10:30:00,244824,245048.0,243617.0,228297.0,237800.0,244570.25,648.5467729212878,226113.51041666666,10,30,42,0,0,0,0.3826834323650899,-0.9238795325112867,0.0,1.0
2026-08-03 10:45:00,244337,244824.0,244885.0,228627.0,237462.0,244872.0,133.32916660137187,226285.66666666666,10,45,43,0,0,0,0.32143946530316175,-0.9469301294951056,0.0,1.0
2026-08-03 11:00:00,243805,244337.0,244731.0,228900.0,237630.0,244735.0,296.8220566825884,226449.3125,11,0,44,0,0,0,0.258819045102521,-0.9659258262890682,0.0,1.0
2026-08-03 11:15:00,242190,243805.0,245048.0,228274.0,237571.0,244503.5,552.2152358153634,226604.57291666666,11,15,45,0,0,0,0.19509032201612816,-0.9807852804032304,0.0,1.0
2026-08-03 11:30:00,243056,242190.0,244824.0,228384.0,236839.0,243789.0,1144.3463927791347,226749.53125,11,30,46,0,0,0,0.130526192220052,-0.9914448613738104,0.0,1.0
2026-08-03 11:45:00,242571,243056.0,244337.0,228978.0,237641.0,243347.0,933.3084520492769,226902.36458333334,11,45,47,0,0,0,0.06540312923014312,-0.9978589232386035,0.0,1.0
2026-08-03 12:00:00,242800,242571.0,243805.0,229111.0,237542.0,242905.5,696.5584445447613,227043.95833333334,12,0,48,0,0,0,1.2246467991473532e-16,-1.0,0.0,1.0
2026-08-03 12:15:00,241233,242800.0,242190.0,228853.0,235624.0,242654.25,367.47097391034146,227186.55208333334,12,15,49,0,0,0,-0.06540312923014287,-0.9978589232386035,0.0,1.0
2026-08-03 12:30:00,240234,241233.0,243056.0,227189.0,236519.0,242415.0,812.5199484730297,227315.51041666666,12,30,50,0,0,0,-0.13052619222005177,-0.9914448613738104,0.0,1.0
2026-08-03 12:45:00,240996,240234.0,242571.0,227552.0,237131.0,241709.5,1202.1543162173296,227451.39583333334,12,45,51,0,0,0,-0.19509032201612792,-0.9807852804032305,0.0,1.0
2026-08-03 13:00:00,238865,240996.0,242800.0,227174.0,235324.0,241315.75,1077.3839844734832,227591.4375,13,0,52,0,0,0,-0.2588190451025208,-0.9659258262890683,0.0,1.0
2026-08-03 13:15:00,237020,238865.0,241233.0,225535.0,231986.0,240332.0,1066.8317580574544,227713.21875,13,15,53,0,0,0,-0.32143946530316153,-0.9469301294951057,0.0,1.0
2026-08-03 13:30:00,236796,237020.0,240234.0,225044.0,232206.0,239278.75,1744.9537481931382,227832.85416666666,13,30,54,0,0,0,-0.38268343236508967,-0.9238795325112868,0.0,1.0
2026-08-03 13:45:00,238257,236796.0,240996.0,226106.0,233891.0,238419.25,1952.0224341265368,227955.27083333334,13,45,55,0,0,0,-0.44228869021900147,-0.8968727415326883,0.0,1.0
2026-08-03 14:00:00,238696,238257.0,238865.0,226720.0,233238.0,237734.5,990.3415235833024,228081.84375,14,0,56,0,0,0,-0.4999999999999997,-0.8660254037844388,0.0,1.0
2026-08-03 14:15:00,239252,238696.0,237020.0,226714.0,234597.0,237692.25,927.6566803870006,228206.59375,14,15,57,0,0,0,-0.555570233019602,-0.8314696123025455,0.0,1.0
2026-08-03 14:30:00,240775,239252.0,236796.0,227763.0,236308.0,238250.25,1051.520288281032,228337.19791666666,14,30,58,0,0,0,-0.6087614290087207,-0.7933533402912352,0.0,1.0
2026-08-03 14:45:00,242033,240775.0,238257.0,228653.0,238039.0,239245.0,1098.2552830133004,228472.73958333334,14,45,59,0,0,0,-0.6593458151000688,-0.7518398074789774,0.0,1.0
2026-08-03 15:00:00,242288,242033.0,238696.0,227824.0,238122.0,240189.0,1511.1529814460487,228612.11458333334,15,0,60,0,0,0,-0.7071067811865471,-0.7071067811865479,0.0,1.0
2026-08-03 15:15:00,241553,242288.0,239252.0,226903.0,237407.0,241087.0,1390.6696228795527,228762.78125,15,15,61,0,0,0,-0.7518398074789773,-0.6593458151000691,0.0,1.0
2026-08-03 15:30:00,241685,241553.0,240775.0,227693.0,237473.0,241662.25,665.3737671414186,228915.38541666666,15,30,62,0,0,0,-0.7933533402912349,-0.6087614290087209,0.0,1.0
2026-08-03 15:45:00,241985,241685.0,242033.0,226192.0,237851.0,241889.75,333.8895775551594,229061.13541666666,15,45,63,0,0,0,-0.8314696123025452,-0.5555702330196022,0.0,1.0
2026-08-03 16:00:00,240066,241985.0,242288.0,225456.0,236985.0,241877.75,327.83265548136416,229225.64583333334,16,0,64,0,0,0,-0.8660254037844385,-0.5000000000000004,0.0,1.0
2026-08-03 16:15:00,236877,240066.0,241553.0,223119.0,235690.0,241322.25,856.7836658106659,229377.83333333334,16,15,65,0,0,0,-0.8968727415326883,-0.44228869021900136,0.0,1.0
2026-08-03 16:30:00,237387,236877.0,241685.0,222395.0,234969.0,240153.25,2341.1530456878095,229521.14583333334,16,30,66,0,0,0,-0.9238795325112868,-0.3826834323650895,0.0,1.0
2026-08-03 16:45:00,236289,237387.0,241985.0,222424.0,234955.0,239078.75,2389.6075514611102,229677.3125,16,45,67,0,0,0,-0.9469301294951056,-0.3214394653031618,0.0,1.0
2026-08-03 17:00:00,235915,236289.0,240066.0,220909.0,233749.0,237654.75,1668.930271161729,229821.73958333334,17,0,68,0,0,0,-0.9659258262890683,-0.25881904510252063,0.0,1.0
2026-08-03 17:15:00,232799,235915.0,236877.0,218142.0,230796.0,236617.0,648.302398576438,229978.05208333334,17,15,69,0,0,0,-0.9807852804032303,-0.19509032201612866,0.0,1.0
2026-08-03 17:30:00,232327,232799.0,237387.0,218290.0,229463.0,235597.5,1967.4764716932805,230130.72916666666,17,30,70,0,0,0,-0.9914448613738104,-0.13052619222005163,0.0,1.0
2026-08-03 17:45:00,232871,232327.0,236289.0,217271.0,229000.0,234332.5,2057.980482576703,230276.94791666666,17,45,71,0,0,0,-0.9978589232386035,-0.06540312923014273,0.0,1.0
2026-08-03 18:00:00,232583,232871.0,235915.0,217161.0,229322.0,233478.0,1642.4838913466745,230439.44791666666,18,0,72,0,0,0,-1.0,-1.8369701987210297e-16,0.0,1.0
2026-08-03 18:15:00,230282,232583.0,232799.0,214779.0,226825.0,232645.0,244.7856204926525,230600.09375,18,15,73,0,0,0,-0.9978589232386036,0.06540312923014237,0.0,1.0
2026-08-03 18:30:00,231775,230282.0,232327.0,216489.0,228783.0,232015.75,1177.0005310109111,230761.58333333334,18,30,74,0,0,0,-0.9914448613738105,0.13052619222005127,0.0,1.0
2026-08-03 18:45:00,233913,231775.0,232871.0,219229.0,231264.0,231877.75,1160.5887514533158,230920.8125,18,45,75,0,0,0,-0.9807852804032304,0.1950903220161283,0.0,1.0
2026-08-03 19:00:00,234813,233913.0,232583.0,222211.0,231955.0,232138.25,1519.3369990448582,231073.77083333334,19,0,76,0,0,0,-0.9659258262890684,0.2588190451025203,0.0,1.0
2026-08-03 19:15:00,238209,234813.0,230282.0,225132.0,236482.0,232695.75,2052.5118554265737,231205.04166666666,19,15,77,0,0,0,-0.9469301294951057,0.3214394653031615,0.0,1.0
2026-08-03 19:30:00,239517,238209.0,231775.0,226696.0,237506.0,234677.5,2676.989540510002,231341.26041666666,19,30,78,0,0,0,-0.923879532511287,0.38268343236508917,0.0,1.0
2026-08-03 19:45:00,239680,239517.0,233913.0,233650.0,238211.0,236613.0,2677.712456556893,231474.8125,19,45,79,0,0,0,-0.8968727415326884,0.442288690219001,0.0,1.0
2026-08-03 20:00:00,239634,239680.0,234813.0,234553.0,237624.0,238054.75,2259.229127379503,231537.625,20,0,80,0,0,0,-0.8660254037844386,0.5000000000000001,0.0,1.0
2026-08-03 20:15:00,238628,239634.0,238209.0,233984.0,236546.0,239260.0,704.0184656668732,231590.55208333334,20,15,81,0,0,0,-0.8314696123025455,0.5555702330196018,0.0,1.0
2026-08-03 20:30:00,238831,238628.0,239517.0,235136.0,236290.0,239364.75,495.93640385295777,231638.92708333334,20,30,82,0,0,0,-0.7933533402912357,0.6087614290087199,0.0,1.0
2026-08-03 20:45:00,239322,238831.0,239680.0,235398.0,236133.0,239193.25,542.1926932987976,231677.41666666666,20,45,83,0,0,0,-0.7518398074789772,0.6593458151000691,0.0,1.0
2026-08-03 21:00:00,238800,239322.0,239634.0,235425.0,236183.0,239103.75,458.08614546458836,231718.29166666666,21,0,84,0,0,0,-0.7071067811865477,0.7071067811865474,0.0,1.0
2026-08-03 21:15:00,239177,238800.0,238628.0,236189.0,235933.0,238895.25,298.1826900854643,231753.44791666666,21,15,85,0,0,0,-0.6593458151000687,0.7518398074789775,0.0,1.0
2026-08-03 21:30:00,239446,239177.0,238831.0,236760.0,235957.0,239032.5,257.77832854334883,231784.57291666666,21,30,86,0,0,0,-0.608761429008721,0.7933533402912349,0.0,1.0
2026-08-03 21:45:00,239114,239446.0,239322.0,236140.0,236183.0,239186.25,279.98377929195146,231812.55208333334,21,45,87,0,0,0,-0.555570233019603,0.8314696123025447,0.0,1.0
2026-08-03 22:00:00,238242,239114.0,238800.0,235257.0,235193.0,239134.25,265.29778865758414,231843.53125,22,0,88,0,0,0,-0.5000000000000004,0.8660254037844384,0.0,1.0
2026-08-03 22:15:00,239519,238242.0,239177.0,235636.0,236149.0,238994.75,522.0775006324279,231874.625,22,15,89,0,0,0,-0.4422886902190014,0.8968727415326883,0.0,1.0
2026-08-03 22:30:00,238399,239519.0,239446.0,234971.0,236373.0,239080.25,585.9683580762726,231915.07291666666,22,30,90,0,0,0,-0.38268343236508956,0.9238795325112868,0.0,1.0
2026-08-03 22:45:00,237511,238399.0,239114.0,233820.0,235133.0,238818.5,601.7621346234783,231950.78125,22,45,91,0,0,0,-0.32143946530316186,0.9469301294951056,0.0,1.0
2026-08-03 23:00:00,235222,237511.0,238242.0,233048.0,233890.0,238417.75,829.8969313514814,231989.22916666666,23,0,92,0,0,0,-0.25881904510252157,0.9659258262890681,0.0,1.0
2026-08-03 23:15:00,233986,235222.0,239519.0,232624.0,233676.0,237662.75,1822.8198621915294,232011.875,23,15,93,0,0,0,-0.19509032201612872,0.9807852804032303,0.0,1.0
2026-08-03 23:30:00,232737,233986.0,238399.0,231584.0,231931.0,236279.5,2032.0204231256994,232026.0625,23,30,94,0,0,0,-0.13052619222005168,0.9914448613738104,0.0,1.0
2026-08-03 23:45:00,230797,232737.0,237511.0,230564.0,231849.0,234864.0,2035.5004298697522,232038.07291666666,23,45,95,0,0,0,-0.0654031292301428,0.9978589232386035,0.0,1.0
2026-08-04 00:00:00,229074,230797.0,235222.0,228355.0,230442.0,233185.5,1888.0516412428792,232040.5,0,0,0,1,0,0,0.0,1.0,0.7818314824680298,0.6234898018587336
2026-08-04 00:15:00,228636,229074.0,233986.0,227426.0,230144.0,231648.5,2160.3889310337727,232047.98958333334,0,15,1,1,0,0,0.06540312923014306,0.9978589232386035,0.7818314824680298,0.6234898018587336
2026-08-04 00:30:00,227161,228636.0,232737.0,225843.0,228138.0,230311.0,1867.0356182997493,232060.59375,0,30,2,1,0,0,0.13052619222005157,0.9914448613738104,0.7818314824680298,0.6234898018587336
2026-08-04 00:45:00,225598,227161.0,230797.0,224224.0,226183.0,228917.0,1496.8351055922205,232074.32291666666,0,45,3,1,0,0,0.19509032201612825,0.9807852804032304,0.7818314824680298,0.6234898018587336
2026-08-04 01:00:00,223352,225598.0,229074.0,222307.0,224334.0,227617.25,1575.3842652931655,232088.63541666666,1,0,4,1,0,0,0.25881904510252074,0.9659258262890683,0.7818314824680298,0.6234898018587336
2026-08-04 01:15:00,220836,223352.0,228636.0,219964.0,222334.0,226186.75,2260.5620798081627,232099.52083333334,1,15,5,1,0,0,0.3214394653031616,0.9469301294951057,0.7818314824680298,0.6234898018587336
2026-08-04 01:30:00,219544,220836.0,227161.0,218717.0,221329.0,224236.75,2753.9137453207613,232108.60416666666,1,30,6,1,0,0,0.3826834323650898,0.9238795325112867,0.7818314824680298,0.6234898018587336
2026-08-04 01:45:00,217809,219544.0,225598.0,217358.0,220053.0,222332.5,2690.6080477592095,232117.21875,1,45,7,1,0,0,0.44228869021900125,0.8968727415326884,0.7818314824680298,0.6234898018587336
2026-08-04 02:00:00,216178,217809.0,223352.0,216144.0,218697.0,220385.25,2334.491147266707,232121.91666666666,2,0,8,1,0,0,0.49999999999999994,0.8660254037844387,0.7818314824680298,0.6234898018587336
2026-08-04 02:15:00,215394,216178.0,220836.0,215487.0,218576.0,218591.75,2031.6105885068891,232122.27083333334,2,15,9,1,0,0,0.5555702330196022,0.8314696123025452,0.7818314824680298,0.6234898018587336
2026-08-04 02:30:00,214643,215394.0,219544.0,214688.0,217368.0,217231.25,1840.9626784194445,232121.30208333334,2,30,10,1,0,0,0.6087614290087207,0.7933533402912352,0.7818314824680298,0.6234898018587336
2026-08-04 02:45:00,215253,214643.0,217809.0,214169.0,217246.0,216006.0,1355.569499017531,232120.83333333334,2,45,11,1,0,0,0.6593458151000688,0.7518398074789774,0.7818314824680298,0.6234898018587336
2026-08-04 03:00:00,213846,215253.0,216178.0,213531.0,216344.0,215367.0,631.3007735355945,232132.125,3,0,12,1,0,0,0.7071067811865476,0.7071067811865476,0.7818314824680298,0.6234898018587336
2026-08-04 03:15:00,212815,213846.0,215394.0,213145.0,216267.0,214784.0,705.1680650738288,232135.40625,3,15,13,1,0,0,0.7518398074789774,0.6593458151000688,0.7818314824680298,0.6234898018587336
2026-08-04 03:30:00,211828,212815.0,214643.0,212131.0,215197.0,214139.25,1054.1721475483157,232131.96875,3,30,14,1,0,0,0.7933533402912352,0.6087614290087207,0.7818314824680298,0.6234898018587336
2026-08-04 03:45:00,210890,211828.0,215253.0,211163.0,214524.0,213435.5,1465.2523104685083,232128.8125,3,45,15,1,0,0,0.8314696123025451,0.5555702330196024,0.7818314824680298,0.6234898018587336
2026-08-04 04:00:00,210141,210890.0,213846.0,210755.0,214183.0,212344.75,1272.5584138524346,232125.96875,4,0,16,1,0,0,0.8660254037844386,0.5000000000000001,0.7818314824680298,0.6234898018587336
2026-08-04 04:15:00,210254,210141.0,212815.0,211466.0,215088.0,211418.5,1158.9105516245131,232119.57291666666,4,15,17,1,0,0,0.8968727415326884,0.44228869021900125,0.7818314824680298,0.6234898018587336
2026-08-04 04:30:00,209812,210254.0,211828.0,211940.0,215305.0,210778.25,773.6038499559277,232106.94791666666,4,30,18,1,0,0,0.9238795325112867,0.38268343236508984,0.7818314824680298,0.6234898018587336
2026-08-04 04:45:00,210016,209812.0,210890.0,212337.0,215722.0,210274.25,451.2902798273394,232084.78125,4,45,19,1,0,0,0.9469301294951056,0.3214394653031617,0.7818314824680298,0.6234898018587336
2026-08-04 05:00:00,210660,210016.0,210141.0,213242.0,216241.0,210055.75,189.35394547417886,232060.60416666666,5,0,20,1,0,0,0.9659258262890683,0.25881904510252074,0.7818314824680298,0.6234898018587336
2026-08-04 05:15:00,212480,210660.0,210254.0,215582.0,218133.0,210185.5,364.2686737377193,232033.70833333334,5,15,21,1,0,0,0.9807852804032304,0.19509032201612833,0.7818314824680298,0.6234898018587336
2026-08-04 05:30:00,213289,212480.0,209812.0,217981.0,218695.0,210742.0,1213.7193525138514,232001.39583333334,5,30,22,1,0,0,0.9914448613738104,0.1305261922200517,0.7818314824680298,0.6234898018587336
2026-08-04 05:45:00,214639,213289.0,210016.0,219790.0,219576.0,211611.25,1529.6263977411747,231952.52083333334,5,45,23,1,0,0,0.9978589232386035,0.06540312923014327,0.7818314824680298,0.6234898018587336
2026-08-04 06:00:00,216061,214639.0,210660.0,220857.0,218706.0,212767.0,1663.1983245141398,231898.86458333334,6,0,24,1,0,0,1.0,6.123233995736766e-17,0.7818314824680298,0.6234898018587336
2026-08-04 06:15:00,217960,216061.0,212480.0,222739.0,218764.0,214117.25,1572.3626331097935,231848.90625,6,15,25,1,0,0,0.9978589232386035,-0.06540312923014314,0.7818314824680298,0.6234898018587336
2026-08-04 06:30:00,220720,217960.0,213289.0,224376.0,220688.0,215487.25,1999.6260275361396,231799.125,6,30,26,1,0,0,0.9914448613738104,-0.1305261922200516,0.7818314824680298,0.6234898018587336
2026-08-04 06:45:00,221891,220720.0,214639.0,226205.0,220980.0,217345.0,2629.318162566098,231761.04166666666,6,45,27,1,0,0,0.9807852804032304,-0.1950903220161282,0.7818314824680298,0.6234898018587336
2026-08-04 07:00:00,222146,221891.0,216061.0,226994.0,220686.0,219158.0,2641.700588636033,231716.10416666666,7,0,28,1,0,0,0.9659258262890683,-0.25881904510252063,0.7818314824680298,0.6234898018587336
2026-08-04 07:15:00,222768,222146.0,217960.0,228470.0,220239.0,220679.25,1916.2180416991384,231665.60416666666,7,15,29,1,0,0,0.9469301294951057,-0.3214394653031616,0.7818314824680298,0.6234898018587336
2026-08-04 07:30:00,222871,222768.0,220720.0,230031.0,219988.0,221881.25,857.3242774275238,231606.20833333334,7,30,30,1,0,0,0.9238795325112868,-0.3826834323650895,0.7818314824680298,0.6234898018587336
2026-08-04 07:45:00,221792,222871.0,221891.0,230070.0,218786.0,222419.0,475.8914442040544,231531.625,7,45,31,1,0,0,0.8968727415326884,-0.44228869021900113,0.7818314824680298,0.6234898018587336
2026-08-04 08:00:00,220233,221792.0,222146.0,229014.0,218332.0,222394.25,513.586328348624,231445.39583333334,8,0,32,1,0,0,0.8660254037844387,-0.4999999999999998,0.7818314824680298,0.6234898018587336
2026-08-04 08:15:00,222538,220233.0,222768.0,231363.0,220398.0,221916.0,1222.8101515225578,231353.92708333334,8,15,33,1,0,0,0.8314696123025451,-0.5555702330196023,0.7818314824680298,0.6234898018587336
2026-08-04 08:30:00,224397,222538.0,222871.0,234026.0,221101.0,221858.5,1173.8184129867025,231262.0,8,30,34,1,0,0,0.7933533402912352,-0.6087614290087207,0.7818314824680298,0.6234898018587336
2026-08-04 08:45:00,226351,224397.0,221792.0,236221.0,223207.0,222240.0,1729.1815019443798,231161.69791666666,8,45,35,1,0,0,0.7518398074789774,-0.6593458151000688,0.7818314824680298,0.6234898018587336
2026-08-04 09:00:00,228035,226351.0,220233.0,238061.0,223217.0,223379.75,2612.3873340937166,231058.88541666666,9,0,36,1,0,0,0.7071067811865476,-0.7071067811865475,0.7818314824680298,0.6234898018587336
2026-08-04 09:15:00,231497,228035.0,222538.0,241516.0,225925.0,225330.25,2382.2411541795323,230954.44791666666,9,15,37,1,0,0,0.659345815100069,-0.7518398074789773,0.7818314824680298,0.6234898018587336
2026-08-04 09:30:00,232145,231497.0,224397.0,243617.0,226522.0,227570.0,3010.616991028023,230850.08333333334,9,30,38,1,0,0,0.6087614290087209,-0.793353340291235,0.7818314824680298,0.6234898018587336
2026-08-04 09:45:00,233854,232145.0,226351.0,244885.0,227360.0,229507.0,2771.657987559068,230730.58333333334,9,45,39,1,0,0,0.5555702330196025,-0.831469612302545,0.7818314824680298,0.6234898018587336
2026-08-04 10:00:00,233996,233854.0,228035.0,244731.0,227164.0,231382.75,2443.261805455973,230615.67708333334,10,0,40,1,0,0,0.49999999999999994,-0.8660254037844387,0.7818314824680298,0.6234898018587336
2026-08-04 10:15:00,233670,233996.0,231497.0,245048.0,226580.0,232873.0,1244.5681982117317,230503.85416666666,10,15,41,1,0,0,0.4422886902190017,-0.8968727415326881,0.7818314824680298,0.6234898018587336
2026-08-04 10:30:00,234085,233670.0,232145.0,244824.0,228297.0,233416.25,857.9434227655504,230385.33333333334,10,30,42,1,0,0,0.3826834323650899,-0.9238795325112867,0.7818314824680298,0.6234898018587336
2026-08-04 10:45:00,233767,234085.0,233854.0,244337.0,228627.0,233901.25,181.1544000753719,230273.46875,10,45,43,1,0,0,0.32143946530316175,-0.9469301294951056,0.7818314824680298,0.6234898018587336
2026-08-04 11:00:00,233519,233767.0,233996.0,243805.0,228900.0,233879.5,193.5191635644075,230163.36458333334,11,0,44,1,0,0,0.258819045102521,-0.9659258262890682,0.7818314824680298,0.6234898018587336
2026-08-04 11:15:00,233658,233519.0,233670.0,242190.0,228274.0,233760.25,239.34267623361018,230056.21875,11,15,45,1,0,0,0.19509032201612816,-0.9807852804032304,0.7818314824680298,0.6234898018587336
2026-08-04 11:30:00,233782,233658.0,234085.0,243056.0,228384.0,233757.25,240.9209759789852,229967.34375,11,30,46,1,0,0,0.130526192220052,-0.9914448613738104,0.7818314824680298,0.6234898018587336
2026-08-04 11:45:00,233609,233782.0,233767.0,242571.0,228978.0,233681.5,121.61277345191488,229870.73958333334,11,45,47,1,0,0,0.06540312923014312,-0.9978589232386035,0.7818314824680298,0.6234898018587336
2026-08-04 12:00:00,232871,233609.0,233519.0,242800.0,229111.0,233642.0,109.6570411175989,229777.38541666666,12,0,48,1,0,0,1.2246467991473532e-16,-1.0,0.7818314824680298,0.6234898018587336
2026-08-04 12:15:00,231897,232871.0,233658.0,241233.0,228853.0,233480.0,412.4762619432381,229673.95833333334,12,15,49,1,0,0,-0.06540312923014287,-0.9978589232386035,0.7818314824680298,0.6234898018587336
2026-08-04 12:30:00,231248,231897.0,233782.0,240234.0,227189.0,233039.75,858.1636887369813,229576.70833333334,12,30,50,1,0,0,-0.13052619222005177,-0.9914448613738104,0.7818314824680298,0.6234898018587336
2026-08-04 12:45:00,230392,231248.0,233609.0,240996.0,227552.0,232406.25,1042.989093902713,229483.10416666666,12,45,51,1,0,0,-0.19509032201612792,-0.9807852804032305,0.7818314824680298,0.6234898018587336
2026-08-04 13:00:00,227434,230392.0,232871.0,238865.0,227174.0,231602.0,1046.7094471087364,229372.64583333334,13,0,52,1,0,0,-0.2588190451025208,-0.9659258262890683,0.7818314824680298,0.6234898018587336
2026-08-04 13:15:00,224867,227434.0,231897.0,237020.0,225535.0,230242.75,1971.3297331158674,229253.57291666666,13,15,53,1,0,0,-0.32143946530316153,-0.9469301294951057,0.7818314824680298,0.6234898018587336
2026-08-04 13:30:00,225636,224867.0,231248.0,236796.0,225044.0,228485.25,2913.4940506775297,229126.97916666666,13,30,54,1,0,0,-0.38268343236508967,-0.9238795325112868,0.7818314824680298,0.6234898018587336
2026-08-04 13:45:00,225958,225636.0,230392.0,238257.0,226106.0,227082.25,2454.7331660827635,229010.72916666666,13,45,55,1,0,0,-0.44228869021900147,-0.8968727415326883,0.7818314824680298,0.6234898018587336
2026-08-04 14:00:00,226896,225958.0,227434.0,238696.0,226720.0,225973.75,1075.7243683521851,228882.61458333334,14,0,56,1,0,0,-0.4999999999999997,-0.8660254037844388,0.7818314824680298,0.6234898018587336
2026-08-04 14:15:00,228708,226896.0,224867.0,239252.0,226714.0,225839.25,840.119584741784,228759.69791666666,14,15,57,1,0,0,-0.555570233019602,-0.8314696123025455,0.7818314824680298,0.6234898018587336
2026-08-04 14:30:00,230833,228708.0,225636.0,240775.0,227763.0,226799.5,1380.040941421678,228649.86458333334,14,30,58,1,0,0,-0.6087614290087207,-0.7933533402912352,0.7818314824680298,0.6234898018587336
2026-08-04 14:45:00,231591,230833.0,225958.0,242033.0,228653.0,228098.75,2150.715133004218,228546.30208333334,14,45,59,1,0,0,-0.6593458151000688,-0.7518398074789774,0.7818314824680298,0.6234898018587336
2026-08-04 15:00:00,231153,231591.0,226896.0,242288.0,227824.0,229507.0,2125.7982030286894,228437.53125,15,0,60,1,0,0,-0.7071067811865471,-0.7071067811865479,0.7818314824680298,0.6234898018587336
2026-08-04 15:15:00,230711,231153.0,228708.0,241553.0,226903.0,230571.25,1280.4343989443562,228321.54166666666,15,15,61,1,0,0,-0.7518398074789773,-0.6593458151000691,0.7818314824680298,0.6234898018587336
2026-08-04 15:30:00,231035,230711.0,230833.0,241685.0,227693.0,231072.0,393.0072094334358,228208.60416666666,15,30,62,1,0,0,-0.7933533402912349,-0.6087614290087209,0.7818314824680298,0.6234898018587336
2026-08-04 15:45:00,230164,231035.0,231591.0,241985.0,226192.0,231122.5,363.9647418821274,228097.66666666666,15,45,63,1,0,0,-0.8314696123025452,-0.5555702330196022,0.7818314824680298,0.6234898018587336
2026-08-04 16:00:00,229375,230164.0,231153.0,240066.0,225456.0,230765.75,442.5527275553281,227974.53125,16,0,64,1,0,0,-0.8660254037844385,-0.5000000000000004,0.7818314824680298,0.6234898018587336
2026-08-04 16:15:00,228463,229375.0,230711.0,236877.0,223119.0,230321.25,726.0534300816454,227863.16666666666,16,15,65,1,0,0,-0.8968727415326883,-0.44228869021900136,0.7818314824680298,0.6234898018587336
2026-08-04 16:30:00,228832,228463.0,231035.0,237387.0,222395.0,229759.25,1098.3734565256004,227775.52083333334,16,30,66,1,0,0,-0.9238795325112868,-0.3826834323650895,0.7818314824680298,0.6234898018587336
2026-08-04 16:45:00,229440,228832.0,230164.0,236289.0,222424.0,229208.5,738.9688762052127,227686.40625,16,45,67,1,0,0,-0.9469301294951056,-0.3214394653031618,0.7818314824680298,0.6234898018587336
2026-08-04 17:00:00,227745,229440.0,229375.0,235915.0,220909.0,229027.5,464.68376343487085,227615.0625,17,0,68,1,0,0,-0.9659258262890683,-0.25881904510252063,0.7818314824680298,0.6234898018587336
2026-08-04 17:15:00,225667,227745.0,228463.0,232799.0,218142.0,228620.0,708.9000869892205,227529.95833333334,17,15,69,1,0,0,-0.9807852804032303,-0.19509032201612866,0.7818314824680298,0.6234898018587336
2026-08-04 17:30:00,226155,225667.0,228832.0,232327.0,218290.0,227921.0,1658.1891729634865,227455.66666666666,17,30,70,1,0,0,-0.9914448613738104,-0.13052619222005163,0.7818314824680298,0.6234898018587336
2026-08-04 17:45:00,225996,226155.0,229440.0,232871.0,217271.0,227251.75,1707.4373341355765,227391.375,17,45,71,1,0,0,-0.9978589232386035,-0.06540312923014273,0.7818314824680298,0.6234898018587336
2026-08-04 18:00:00,225465,225996.0,227745.0,232583.0,217161.0,226390.75,925.4211203554912,227319.76041666666,18,0,72,1,0,0,-1.0,-1.8369701987210297e-16,0.7818314824680298,0.6234898018587336
2026-08-04 18:15:00,224100,225465.0,225667.0,230282.0,214779.0,225820.75,312.3207485903205,227245.61458333334,18,15,73,1,0,0,-0.9978589232386036,0.06540312923014237,0.7818314824680298,0.6234898018587336
2026-08-04 18:30:00,227011,224100.0,226155.0,231775.0,216489.0,225429.0,933.8276072166736,227181.21875,18,30,74,1,0,0,-0.9914448613738105,0.13052619222005127,0.7818314824680298,0.6234898018587336
2026-08-04 18:45:00,230317,227011.0,225996.0,233913.0,219229.0,225643.0,1212.2384253932962,227131.59375,18,45,75,1,0,0,-0.9807852804032304,0.1950903220161283,0.7818314824680298,0.6234898018587336
2026-08-04 19:00:00,232474,230317.0,225465.0,234813.0,222211.0,226723.25,2674.725702447513,227094.13541666666,19,0,76,1,0,0,-0.9659258262890684,0.2588190451025203,0.7818314824680298,0.6234898018587336
2026-08-04 19:15:00,235166,232474.0,224100.0,238209.0,225132.0,228475.5,3681.887423591333,227069.77083333334,19,15,77,1,0,0,-0.9469301294951057,0.3214394653031615,0.7818314824680298,0.6234898018587336
2026-08-04 19:30:00,236832,235166.0,227011.0,239517.0,226696.0,231242.0,3448.3129208353503,227038.07291666666,19,30,78,1,0,0,-0.923879532511287,0.38268343236508917,0.7818314824680298,0.6234898018587336
2026-08-04 19:45:00,237830,236832.0,230317.0,239680.0,233650.0,233697.25,2881.3373486398064,227010.10416666666,19,45,79,1,0,0,-0.8968727415326884,0.442288690219001,0.7818314824680298,0.6234898018587336
2026-08-04 20:00:00,236630,237830.0,232474.0,239634.0,234553.0,235575.5,2341.548988739434,226990.83333333334,20,0,80,1,0,0,-0.8660254037844386,0.5000000000000001,0.7818314824680298,0.6234898018587336
2026-08-04 20:15:00,236306,236630.0,235166.0,238628.0,233984.0,236614.5,1098.9599628739852,226959.54166666666,20,15,81,1,0,0,-0.8314696123025455,0.5555702330196018,0.7818314824680298,0.6234898018587336
2026-08-04 20:30:00,235801,236306.0,236832.0,238831.0,235136.0,236899.5,657.0791428739678,226935.35416666666,20,30,82,1,0,0,-0.7933533402912357,0.6087614290087199,0.7818314824680298,0.6234898018587336
2026-08-04 20:45:00,235292,235801.0,237830.0,239322.0,235398.0,236641.75,862.4895651542622,226903.79166666666,20,45,83,1,0,0,-0.7518398074789772,0.6593458151000691,0.7818314824680298,0.6234898018587336
2026-08-04 21:00:00,234608,235292.0,236630.0,238800.0,235425.0,236007.25,586.2851268793896,226861.8125,21,0,84,1,0,0,-0.7071067811865477,0.7071067811865474,0.7818314824680298,0.6234898018587336
2026-08-04 21:15:00,234733,234608.0,236306.0,239177.0,236189.0,235501.75,725.5234317373747,226818.14583333334,21,15,85,1,0,0,-0.6593458151000687,0.7518398074789775,0.7818314824680298,0.6234898018587336
2026-08-04 21:30:00,234926,234733.0,235801.0,239446.0,236760.0,235108.5,549.159661057972,226771.85416666666,21,30,86,1,0,0,-0.608761429008721,0.7933533402912349,0.7818314824680298,0.6234898018587336
2026-08-04 21:45:00,234594,234926.0,235292.0,239114.0,236140.0,234889.75,298.36931812767074,226724.77083333334,21,45,87,1,0,0,-0.555570233019603,0.8314696123025447,0.7818314824680298,0.6234898018587336
2026-08-04 22:00:00,233678,234594.0,234608.0,238242.0,235257.0,234715.25,153.76903676174913,226677.6875,22,0,88,1,0,0,-0.5000000000000004,0.8660254037844384,0.7818314824680298,0.6234898018587336
2026-08-04 22:15:00,234158,233678.0,234733.0,239519.0,235636.0,234482.75,553.5024089077085,226630.14583333334,22,15,89,1,0,0,-0.4422886902190014,0.8968727415326883,0.7818314824680298,0.6234898018587336
2026-08-04 22:30:00,234234,234158.0,234926.0,238399.0,234971.0,234339.0,541.3797188665003,226574.30208333334,22,30,90,1,0,0,-0.38268343236508956,0.9238795325112868,0.7818314824680298,0.6234898018587336
2026-08-04 22:45:00,232863,234234.0,234594.0,237511.0,233820.0,234166.0,376.83595016041915,226530.91666666666,22,45,91,1,0,0,-0.32143946530316186,0.9469301294951056,0.7818314824680298,0.6234898018587336
2026-08-04 23:00:00,231034,232863.0,233678.0,235222.0,233048.0,233733.25,630.225025949708,226482.5,23,0,92,1,0,0,-0.25881904510252157,0.9659258262890681,0.7818314824680298,0.6234898018587336
2026-08-04 23:15:00,229637,231034.0,234158.0,233986.0,232624.0,233072.25,1497.4160800080372,226438.875,23,15,93,1,0,0,-0.19509032201612872,0.9807852804032303,0.7818314824680298,0.6234898018587336
2026-08-04 23:30:00,227528,229637.0,234234.0,232737.0,231584.0,231942.0,2019.8179785977368,226393.57291666666,23,30,94,1,0,0,-0.13052619222005168,0.9914448613738104,0.7818314824680298,0.6234898018587336
2026-08-04 23:45:00,225480,227528.0,232863.0,230797.0,230564.0,230265.5,2252.8882943161316,226339.3125,23,45,95,1,0,0,-0.0654031292301428,0.9978589232386035,0.7818314824680298,0.6234898018587336
2026-08-05 00:00:00,223275,225480.0,231034.0,229074.0,228355.0,228419.75,2432.6493616357106,226283.92708333334,0,0,0,2,0,0,0.0,1.0,0.9749279121818236,-0.22252093395631434
2026-08-05 00:15:00,221801,223275.0,229637.0,228636.0,227426.0,226480.0,2728.6735483258735,226223.52083333334,0,15,1,2,0,0,0.06540312923014306,0.9978589232386035,0.9749279121818236,-0.22252093395631434
2026-08-05 00:30:00,220100,221801.0,227528.0,227161.0,225843.0,224521.0,2510.8196536854844,226152.32291666666,0,30,2,2,0,0,0.13052619222005157,0.9914448613738104,0.9749279121818236,-0.22252093395631434
2026-08-05 00:45:00,218680,220100.0,225480.0,225598.0,224224.0,222664.0,2281.9612909366533,226078.77083333334,0,45,3,2,0,0,0.19509032201612825,0.9807852804032304,0.9749279121818236,-0.22252093395631434
2026-08-05 01:00:00,216742,218680.0,223275.0,223352.0,222307.0,220964.0,2000.3701324171554,226006.70833333334,1,0,4,2,0,0,0.25881904510252074,0.9659258262890683,0.9749279121818236,-0.22252093395631434
2026-08-05 01:15:00,214911,216742.0,221801.0,220836.0,219964.0,219330.75,2146.2356774905406,225937.85416666666,1,15,5,2,0,0,0.3214394653031616,0.9469301294951057,0.9749279121818236,-0.22252093395631434
2026-08-05 01:30:00,213524,214911.0,220100.0,219544.0,218717.0,217608.25,2264.4361145032617,225876.13541666666,1,30,6,2,0,0,0.3826834323650898,0.9238795325112867,0.9749279121818236,-0.22252093395631434
2026-08-05 01:45:00,212158,213524.0,218680.0,217809.0,217358.0,215964.25,2239.371098470866,225813.42708333334,1,45,7,2,0,0,0.44228869021900125,0.8968727415326884,0.9749279121818236,-0.22252093395631434
2026-08-05 02:00:00,211288,212158.0,216742.0,216178.0,216144.0,214333.75,1959.8017544299253,225754.5625,2,0,8,2,0,0,0.49999999999999994,0.8660254037844387,0.9749279121818236,-0.22252093395631434
2026-08-05 02:15:00,209143,211288.0,214911.0,215394.0,215487.0,212970.25,1587.7515286299092,225703.625,2,15,9,2,0,0,0.5555702330196022,0.8314696123025452,0.9749279121818236,-0.22252093395631434
2026-08-05 02:30:00,208090,209143.0,213524.0,214643.0,214688.0,211528.25,1837.2752243471746,225638.51041666666,2,30,10,2,0,0,0.6087614290087207,0.7933533402912352,0.9749279121818236,-0.22252093395631434
2026-08-05 02:45:00,207590,208090.0,212158.0,215253.0,214169.0,210169.75,1878.2258250806692,225570.25,2,45,11,2,0,0,0.6593458151000688,0.7518398074789774,0.9749279121818236,-0.22252093395631434
2026-08-05 03:00:00,206703,207590.0,211288.0,213846.0,213531.0,209027.75,1639.9708076670024,225490.42708333334,3,0,12,2,0,0,0.7071067811865476,0.7071067811865476,0.9749279121818236,-0.22252093395631434
2026-08-05 03:15:00,206257,206703.0,209143.0,212815.0,213145.0,207881.5,1017.9536662671037,225416.02083333334,3,15,13,2,0,0,0.7518398074789774,0.6593458151000688,0.9749279121818236,-0.22252093395631434
2026-08-05 03:30:00,205878,206257.0,208090.0,211828.0,212131.0,207160.0,831.4761972940885,225347.70833333334,3,30,14,2,0,0,0.7933533402912352,0.6087614290087207,0.9749279121818236,-0.22252093395631434
2026-08-05 03:45:00,205068,205878.0,207590.0,210890.0,211163.0,206607.0,736.9862052078302,225285.72916666666,3,45,15,2,0,0,0.8314696123025451,0.5555702330196024,0.9749279121818236,-0.22252093395631434
2026-08-05 04:00:00,204266,205068.0,206703.0,210141.0,210755.0,205976.5,693.1947778222059,225225.08333333334,4,0,16,2,0,0,0.8660254037844386,0.5000000000000001,0.9749279121818236,-0.22252093395631434
2026-08-05 04:15:00,205247,204266.0,206257.0,210254.0,211466.0,205367.25,885.9689140520958,225163.88541666666,4,15,17,2,0,0,0.8968727415326884,0.44228869021900125,0.9749279121818236,-0.22252093395631434
2026-08-05 04:30:00,205218,205247.0,205878.0,209812.0,211940.0,205114.75,663.9786015628171,225111.72916666666,4,30,18,2,0,0,0.9238795325112867,0.38268343236508984,0.9749279121818236,-0.22252093395631434
2026-08-05 04:45:00,205825,205218.0,205068.0,210016.0,212337.0,204949.75,462.53387263347076,225063.875,4,45,19,2,0,0,0.9469301294951056,0.3214394653031617,0.9749279121818236,-0.22252093395631434
2026-08-05 05:00:00,206818,205825.0,204266.0,210660.0,213242.0,205139.0,645.659869177764,225020.21875,5,0,20,2,0,0,0.9659258262890683,0.25881904510252074,0.9749279121818236,-0.22252093395631434
2026-08-05 05:15:00,208424,206818.0,205247.0,212480.0,215582.0,205777.0,748.1902610076179,224980.19791666666,5,15,21,2,0,0,0.9807852804032304,0.19509032201612833,0.9749279121818236,-0.22252093395631434
2026-08-05 05:30:00,210575,208424.0,205218.0,213289.0,217981.0,206571.25,1400.2074548675475,224937.94791666666,5,30,22,2,0,0,0.9914448613738104,0.1305261922200517,0.9749279121818236,-0.22252093395631434
2026-08-05 05:45:00,213287,210575.0,205825.0,214639.0,219790.0,207910.5,2074.1350807826643,224909.67708333334,5,45,23,2,0,0,0.9978589232386035,0.06540312923014327,0.9749279121818236,-0.22252093395631434
2026-08-05 06:00:00,214175,213287.0,206818.0,216061.0,220857.0,209776.0,2801.380017063018,224895.59375,6,0,24,2,0,0,1.0,6.123233995736766e-17,0.9749279121818236,-0.22252093395631434
2026-08-05 06:15:00,216473,214175.0,208424.0,217960.0,222739.0,211615.25,2621.2760728317025,224875.94791666666,6,15,25,2,0,0,0.9978589232386035,-0.06540312923014314,0.9749279121818236,-0.22252093395631434
2026-08-05 06:30:00,219740,216473.0,210575.0,220720.0,224376.0,213627.5,2437.9173488861334,224860.45833333334,6,30,26,2,0,0,0.9914448613738104,-0.1305261922200516,0.9749279121818236,-0.22252093395631434
2026-08-05 06:45:00,221722,219740.0,213287.0,221891.0,226205.0,215918.75,2879.5784847786304,224850.25,6,45,27,2,0,0,0.9807852804032304,-0.1950903220161282,0.9749279121818236,-0.22252093395631434
2026-08-05 07:00:00,221714,221722.0,214175.0,222146.0,226994.0,218027.5,3358.581694703881,224848.48958333334,7,0,28,2,0,0,0.9659258262890683,-0.25881904510252063,0.9749279121818236,-0.22252093395631434
2026-08-05 07:15:00,222382,221714.0,216473.0,222768.0,228470.0,219912.25,2475.1840840632467,224843.98958333334,7,15,29,2,0,0,0.9469301294951057,-0.3214394653031616,0.9749279121818236,-0.22252093395631434
2026-08-05 07:30:00,222378,222382.0,219740.0,222871.0,230031.0,221389.5,1143.3522350235562,224839.96875,7,30,30,2,0,0,0.9238795325112868,-0.3826834323650895,0.9749279121818236,-0.22252093395631434
2026-08-05 07:45:00,221832,222378.0,221722.0,221792.0,230070.0,222049.0,382.2233204118872,224834.83333333334,7,45,31,2,0,0,0.8968727415326884,-0.44228869021900113,0.9749279121818236,-0.22252093395631434
2026-08-05 08:00:00,221078,221832.0,221714.0,220233.0,229014.0,222076.5,353.75085394481835,224835.25,8,0,32,2,0,0,0.8660254037844387,-0.4999999999999998,0.9749279121818236,-0.22252093395631434
2026-08-05 08:15:00,222706,221078.0,222382.0,222538.0,231363.0,221917.5,616.4119293676022,224844.05208333334,8,15,33,2,0,0,0.8314696123025451,-0.5555702330196023,0.9749279121818236,-0.22252093395631434
2026-08-05 08:30:00,224157,222706.0,222378.0,224397.0,234026.0,221998.5,711.7160014125652,224845.80208333334,8,30,34,2,0,0,0.7933533402912352,-0.6087614290087207,0.9749279121818236,-0.22252093395631434
2026-08-05 08:45:00,225986,224157.0,221832.0,226351.0,236221.0,222443.25,1322.0578340854422,224843.30208333334,8,45,35,2,0,0,0.7518398074789774,-0.6593458151000688,0.9749279121818236,-0.22252093395631434
2026-08-05 09:00:00,227266,225986.0,221078.0,228035.0,238061.0,223481.75,2090.217911287407,224839.5,9,0,36,2,0,0,0.7071067811865476,-0.7071067811865475,0.9749279121818236,-0.22252093395631434
2026-08-05 09:15:00,230918,227266.0,222706.0,231497.0,241516.0,225028.75,2006.3840401744353,224831.48958333334,9,15,37,2,0,0,0.659345815100069,-0.7518398074789773,0.9749279121818236,-0.22252093395631434
2026-08-05 09:30:00,232280,230918.0,224157.0,232145.0,243617.0,227081.75,2858.064190438467,224825.45833333334,9,30,38,2,0,0,0.6087614290087209,-0.793353340291235,0.9749279121818236,-0.22252093395631434
2026-08-05 09:45:00,232637,232280.0,225986.0,233854.0,244885.0,229112.5,2970.827662453688,224826.86458333334,9,45,39,2,0,0,0.5555702330196025,-0.831469612302545,0.9749279121818236,-0.22252093395631434
2026-08-05 10:00:00,231697,232637.0,227266.0,233996.0,244731.0,230775.25,2453.9491131643417,224814.1875,10,0,40,2,0,0,0.49999999999999994,-0.8660254037844387,0.9749279121818236,-0.22252093395631434
2026-08-05 10:15:00,233033,231697.0,230918.0,233670.0,245048.0,231883.0,750.9873500932354,224790.23958333334,10,15,41,2,0,0,0.4422886902190017,-0.8968727415326881,0.9749279121818236,-0.22252093395631434
2026-08-05 10:30:00,232739,233033.0,232280.0,234085.0,244824.0,232411.75,567.1315984849238,224783.60416666666,10,30,42,2,0,0,0.3826834323650899,-0.9238795325112867,0.9749279121818236,-0.22252093395631434
2026-08-05 10:45:00,232227,232739.0,232637.0,233767.0,244337.0,232526.5,577.9212749155943,224769.58333333334,10,45,43,2,0,0,0.32143946530316175,-0.9469301294951056,0.9749279121818236,-0.22252093395631434
2026-08-05 11:00:00,232039,232227.0,231697.0,233519.0,243805.0,232424.0,588.0600876328298,224753.54166666666,11,0,44,2,0,0,0.258819045102521,-0.9659258262890682,0.9749279121818236,-0.22252093395631434
2026-08-05 11:15:00,230914,232039.0,233033.0,233658.0,242190.0,232509.5,457.4928050436757,224738.125,11,15,45,2,0,0,0.19509032201612816,-0.9807852804032304,0.9749279121818236,-0.22252093395631434
2026-08-05 11:30:00,231421,230914.0,232739.0,233782.0,243056.0,231979.75,769.6160839449308,224709.54166666666,11,30,46,2,0,0,0.130526192220052,-0.9914448613738104,0.9749279121818236,-0.22252093395631434
2026-08-05 11:45:00,231012,231421.0,232227.0,233609.0,242571.0,231650.25,599.5517075282671,224684.94791666666,11,45,47,2,0,0,0.06540312923014312,-0.9978589232386035,0.9749279121818236,-0.22252093395631434
2026-08-05 12:00:00,231419,231012.0,232039.0,232871.0,242800.0,231346.5,511.2249993887826,224657.89583333334,12,0,48,2,0,0,1.2246467991473532e-16,-1.0,0.9749279121818236,-0.22252093395631434
2026-08-05 12:15:00,230292,231419.0,230914.0,231897.0,241233.0,231191.5,266.86638354563496,224642.77083333334,12,15,49,2,0,0,-0.06540312923014287,-0.9978589232386035,0.9749279121818236,-0.22252093395631434
2026-08-05 12:30:00,229385,230292.0,231421.0,231248.0,240234.0,231036.0,531.9855887772957,224626.05208333334,12,30,50,2,0,0,-0.13052619222005177,-0.9914448613738104,0.9749279121818236,-0.22252093395631434
2026-08-05 12:45:00,228383,229385.0,231012.0,230392.0,240996.0,230527.0,892.6137649248905,224606.64583333334,12,45,51,2,0,0,-0.19509032201612792,-0.9807852804032305,0.9749279121818236,-0.22252093395631434
2026-08-05 13:00:00,225965,228383.0,231419.0,227434.0,238865.0,229869.75,1294.0735102767774,224585.71875,13,0,52,2,0,0,-0.2588190451025208,-0.9659258262890683,0.9749279121818236,-0.22252093395631434
2026-08-05 13:15:00,222521,225965.0,230292.0,224867.0,237020.0,228506.25,1864.961728829864,224570.41666666666,13,15,53,2,0,0,-0.32143946530316153,-0.9469301294951057,0.9749279121818236,-0.22252093395631434
2026-08-05 13:30:00,223490,222521.0,229385.0,225636.0,236796.0,226563.5,3053.492590460975,224545.97916666666,13,30,54,2,0,0,-0.38268343236508967,-0.9238795325112868,0.9749279121818236,-0.22252093395631434
2026-08-05 13:45:00,225366,223490.0,228383.0,225958.0,238257.0,225089.75,2631.17431007527,224523.625,13,45,55,2,0,0,-0.44228869021900147,-0.8968727415326883,0.9749279121818236,-0.22252093395631434
2026-08-05 14:00:00,225254,225366.0,225965.0,226896.0,238696.0,224335.5,1604.6267478763011,224517.45833333334,14,0,56,2,0,0,-0.4999999999999997,-0.8660254037844388,0.9749279121818236,-0.22252093395631434
2026-08-05 14:15:00,225514,225254.0,222521.0,228708.0,239252.0,224157.75,1388.821172793703,224500.35416666666,14,15,57,2,0,0,-0.555570233019602,-0.8314696123025455,0.9749279121818236,-0.22252093395631434
2026-08-05 14:30:00,227687,225514.0,223490.0,230833.0,240775.0,224906.0,949.9866665731345,224467.08333333334,14,30,58,2,0,0,-0.6087614290087207,-0.7933533402912352,0.9749279121818236,-0.22252093395631434
2026-08-05 14:45:00,228390,227687.0,225366.0,231591.0,242033.0,225955.25,1159.4002400667061,224434.3125,14,45,59,2,0,0,-0.6593458151000688,-0.7518398074789774,0.9749279121818236,-0.22252093395631434
2026-08-05 15:00:00,229981,228390.0,225254.0,231153.0,242288.0,226711.25,1562.8259393376932,224400.96875,15,0,60,2,0,0,-0.7071067811865471,-0.7071067811865479,0.9749279121818236,-0.22252093395631434
2026-08-05 15:15:00,229155,229981.0,225514.0,230711.0,241553.0,227893.0,1853.719683950824,224388.76041666666,15,15,61,2,0,0,-0.7518398074789773,-0.6593458151000691,0.9749279121818236,-0.22252093395631434
2026-08-05 15:30:00,229743,229155.0,227687.0,231035.0,241685.0,228803.25,987.8617902655933,224372.55208333334,15,30,62,2,0,0,-0.7933533402912349,-0.6087614290087209,0.9749279121818236,-0.22252093395631434
2026-08-05 15:45:00,229336,229743.0,228390.0,230164.0,241985.0,229317.25,708.9769037141276,224359.09375,15,45,63,2,0,0,-0.8314696123025452,-0.5555702330196022,0.9749279121818236,-0.22252093395631434
2026-08-05 16:00:00,230049,229336.0,229981.0,229375.0,240066.0,229553.75,376.2865707587801,224350.46875,16,0,64,2,0,0,-0.8660254037844385,-0.5000000000000004,0.9749279121818236,-0.22252093395631434
2026-08-05 16:15:00,228032,230049.0,229155.0,228463.0,236877.0,229570.75,402.6366227755108,224357.48958333334,16,15,65,2,0,0,-0.8968727415326883,-0.44228869021900136,0.9749279121818236,-0.22252093395631434
2026-08-05 16:30:00,228762,228032.0,229743.0,228832.0,237387.0,229290.0,888.0634361726297,224353.0,16,30,66,2,0,0,-0.9238795325112868,-0.3826834323650895,0.9749279121818236,-0.22252093395631434
2026-08-05 16:45:00,229195,228762.0,229336.0,229440.0,236289.0,229044.75,856.1453829033585,224352.27083333334,16,45,67,2,0,0,-0.9469301294951056,-0.3214394653031618,0.9749279121818236,-0.22252093395631434
2026-08-05 17:00:00,229055,229195.0,230049.0,227745.0,235915.0,229009.5,842.9576897251357,224349.71875,17,0,68,2,0,0,-0.9659258262890683,-0.25881904510252063,0.9749279121818236,-0.22252093395631434
2026-08-05 17:15:00,226397,229055.0,228032.0,225667.0,232799.0,228761.0,518.4058898843049,224363.36458333334,17,15,69,2,0,0,-0.9807852804032303,-0.19509032201612866,0.9749279121818236,-0.22252093395631434
2026-08-05 17:30:00,226638,226397.0,228762.0,226155.0,232327.0,228352.25,1315.9258781051226,224370.96875,17,30,70,2,0,0,-0.9914448613738104,-0.13052619222005163,0.9749279121818236,-0.22252093395631434
2026-08-05 17:45:00,224290,226638.0,229195.0,225996.0,232871.0,227821.25,1509.7347173151754,224376.0,17,45,71,2,0,0,-0.9978589232386035,-0.06540312923014273,0.9749279121818236,-0.22252093395631434
2026-08-05 18:00:00,225947,224290.0,229055.0,225465.0,232583.0,226595.0,1949.8442672856581,224358.22916666666,18,0,72,2,0,0,-1.0,-1.8369701987210297e-16,0.9749279121818236,-0.22252093395631434
2026-08-05 18:15:00,225345,225947.0,226397.0,224100.0,230282.0,225818.0,1058.1534230284117,224363.25,18,15,73,2,0,0,-0.9978589232386036,0.06540312923014237,0.9749279121818236,-0.22252093395631434
2026-08-05 18:30:00,227614,225345.0,226638.0,227011.0,231775.0,225555.0,995.1344967725443,224376.21875,18,30,74,2,0,0,-0.9914448613738105,0.13052619222005127,0.9749279121818236,-0.22252093395631434
2026-08-05 18:45:00,230603,227614.0,224290.0,230317.0,233913.0,225799.0,1390.3627823941292,224382.5,18,45,75,2,0,0,-0.9807852804032304,0.1950903220161283,0.9749279121818236,-0.22252093395631434
2026-08-05 19:00:00,233190,230603.0,225947.0,232474.0,234813.0,227377.25,2354.93586253782,224385.47916666666,19,0,76,2,0,0,-0.9659258262890684,0.2588190451025203,0.9749279121818236,-0.22252093395631434
2026-08-05 19:15:00,236594,233190.0,225345.0,235166.0,238209.0,229188.0,3428.5251445288754,224392.9375,19,15,77,2,0,0,-0.9469301294951057,0.3214394653031615,0.9749279121818236,-0.22252093395631434
2026-08-05 19:30:00,234301,236594.0,227614.0,236832.0,239517.0,232000.25,3817.046884263638,224407.8125,19,30,78,2,0,0,-0.923879532511287,0.38268343236508917,0.9749279121818236,-0.22252093395631434
2026-08-05 19:45:00,239985,234301.0,230603.0,237830.0,239680.0,233672.0,2488.9629701276654,224381.44791666666,19,45,79,2,0,0,-0.8968727415326884,0.442288690219001,0.9749279121818236,-0.22252093395631434
2026-08-05 20:00:00,239761,239985.0,233190.0,236630.0,239634.0,236017.5,3000.807502434425,224403.89583333334,20,0,80,2,0,0,-0.8660254037844386,0.5000000000000001,0.9749279121818236,-0.22252093395631434
2026-08-05 20:15:00,239171,239761.0,236594.0,236306.0,238628.0,237660.25,2722.6863419547117,224436.51041666666,20,15,81,2,0,0,-0.8314696123025455,0.5555702330196018,0.9749279121818236,-0.22252093395631434
2026-08-05 20:30:00,238917,239171.0,234301.0,235801.0,238831.0,238304.5,2690.9915768479723,224466.35416666666,20,30,82,2,0,0,-0.7933533402912357,0.6087614290087199,0.9749279121818236,-0.22252093395631434
2026-08-05 20:45:00,238586,238917.0,239985.0,235292.0,239322.0,239458.5,498.1923992462513,224498.8125,20,45,83,2,0,0,-0.7518398074789772,0.6593458151000691,0.9749279121818236,-0.22252093395631434
2026-08-05 21:00:00,238172,238586.0,239761.0,234608.0,238800.0,239108.75,496.43420174957345,224533.125,21,0,84,2,0,0,-0.7071067811865477,0.7071067811865474,0.9749279121818236,-0.22252093395631434
2026-08-05 21:15:00,234508,238172.0,239171.0,234733.0,239177.0,238711.5,432.1191965188233,224570.25,21,15,85,2,0,0,-0.6593458151000687,0.7518398074789775,0.9749279121818236,-0.22252093395631434
2026-08-05 21:30:00,237138,234508.0,238917.0,234926.0,239446.0,237545.75,2047.9714150023558,224567.90625,21,30,86,2,0,0,-0.608761429008721,0.7933533402912349,0.9749279121818236,-0.22252093395631434
2026-08-05 21:45:00,237206,237138.0,238586.0,234594.0,239114.0,237101.0,1832.7833114328455,224590.94791666666,21,45,87,2,0,0,-0.555570233019603,0.8314696123025447,0.9749279121818236,-0.22252093395631434
2026-08-05 22:00:00,236680,237206.0,238172.0,233678.0,238242.0,236756.0,1571.3034928576803,224618.15625,22,0,88,2,0,0,-0.5000000000000004,0.8660254037844384,0.9749279121818236,-0.22252093395631434
2026-08-05 22:15:00,236708,236680.0,234508.0,234158.0,239519.0,236383.0,1271.637789099847,224649.42708333334,22,15,89,2,0,0,-0.4422886902190014,0.8968727415326883,0.9749279121818236,-0.22252093395631434
2026-08-05 22:30:00,236982,236708.0,237138.0,234234.0,238399.0,236933.0,277.6016330404898,224675.98958333334,22,30,90,2,0,0,-0.38268343236508956,0.9238795325112868,0.9749279121818236,-0.22252093395631434
2026-08-05 22:45:00,235612,236982.0,237206.0,232863.0,237511.0,236894.0,248.64968664115864,224704.61458333334,22,45,91,2,0,0,-0.32143946530316186,0.9469301294951056,0.9749279121818236,-0.22252093395631434
2026-08-05 23:00:00,234093,235612.0,236680.0,231034.0,235222.0,236495.5,604.5524515430786,224733.25,23,0,92,2,0,0,-0.25881904510252157,0.9659258262890681,0.9749279121818236,-0.22252093395631434
2026-08-05 23:15:00,232530,234093.0,236708.0,229637.0,233986.0,235848.75,1311.64969281693,224765.11458333334,23,15,93,2,0,0,-0.19509032201612872,0.9807852804032303,0.9749279121818236,-0.22252093395631434
2026-08-05 23:30:00,229523,232530.0,236982.0,227528.0,232737.0,234804.25,1921.2101004315198,224795.25,23,30,94,2,0,0,-0.13052619222005168,0.9914448613738104,0.9749279121818236,-0.22252093395631434
2026-08-05 23:45:00,226946,229523.0,235612.0,225480.0,230797.0,232939.5,2602.113307807094,224816.03125,23,45,95,2,0,0,-0.0654031292301428,0.9978589232386035,0.9749279121818236,-0.22252093395631434
2026-08-06 00:00:00,223970,226946.0,234093.0,223275.0,229074.0,230773.0,3178.9871552639875,224831.30208333334,0,0,0,3,0,0,0.0,1.0,0.43388373911755823,-0.900968867902419
2026-08-06 00:15:00,222469,223970.0,232530.0,221801.0,228636.0,228242.25,3649.5435673519655,224838.54166666666,0,15,1,3,0,0,0.06540312923014306,0.9978589232386035,0.43388373911755823,-0.900968867902419
2026-08-06 00:30:00,220680,222469.0,229523.0,220100.0,227161.0,225727.0,3140.9759629771306,224845.5,0,30,2,3,0,0,0.13052619222005157,0.9914448613738104,0.43388373911755823,-0.900968867902419
2026-08-06 00:45:00,218911,220680.0,226946.0,218680.0,225598.0,223516.25,2652.679195957694,224851.54166666666,0,45,3,3,0,0,0.19509032201612825,0.9807852804032304,0.43388373911755823,-0.900968867902419
2026-08-06 01:00:00,216910,218911.0,223970.0,216742.0,223352.0,221507.5,2192.0277522574293,224853.94791666666,1,0,4,3,0,0,0.25881904510252074,0.9659258262890683,0.43388373911755823,-0.900968867902419
2026-08-06 01:15:00,215079,216910.0,222469.0,214911.0,220836.0,219742.5,2382.376754419853,224855.69791666666,1,15,5,3,0,0,0.3214394653031616,0.9469301294951057,0.43388373911755823,-0.900968867902419
2026-08-06 01:30:00,213664,215079.0,220680.0,213524.0,219544.0,217895.0,2428.206608452705,224857.44791666666,1,30,6,3,0,0,0.3826834323650898,0.9238795325112867,0.43388373911755823,-0.900968867902419
2026-08-06 01:45:00,211657,213664.0,218911.0,212158.0,217809.0,216141.0,2275.0556037161023,224858.90625,1,45,7,3,0,0,0.44228869021900125,0.8968727415326884,0.43388373911755823,-0.900968867902419
2026-08-06 02:00:00,210198,211657.0,216910.0,211288.0,216178.0,214327.5,2221.5505846142737,224853.6875,2,0,8,3,0,0,0.49999999999999994,0.8660254037844387,0.43388373911755823,-0.900968867902419
2026-08-06 02:15:00,208776,210198.0,215079.0,209143.0,215394.0,212649.5,2154.575673614955,224842.33333333334,2,15,9,3,0,0,0.5555702330196022,0.8314696123025452,0.43388373911755823,-0.900968867902419
2026-08-06 02:30:00,207949,208776.0,213664.0,208090.0,214643.0,211073.75,2089.351474341577,224838.51041666666,2,30,10,3,0,0,0.6087614290087207,0.7933533402912352,0.43388373911755823,-0.900968867902419
2026-08-06 02:45:00,207071,207949.0,211657.0,207590.0,215253.0,209645.0,1631.5156552522983,224837.04166666666,2,45,11,3,0,0,0.6593458151000688,0.7518398074789774,0.43388373911755823,-0.900968867902419
2026-08-06 03:00:00,206123,207071.0,210198.0,206703.0,213846.0,208498.5,1329.7885796872677,224831.63541666666,3,0,12,3,0,0,0.7071067811865476,0.7071067811865476,0.43388373911755823,-0.900968867902419
2026-08-06 03:15:00,205131,206123.0,208776.0,206257.0,212815.0,207479.75,1141.3890295016336,224825.59375,3,15,13,3,0,0,0.7518398074789774,0.6593458151000688,0.43388373911755823,-0.900968867902419
2026-08-06 03:30:00,204197,205131.0,207949.0,205878.0,211828.0,206568.5,1214.2436603362078,224813.86458333334,3,30,14,3,0,0,0.7933533402912352,0.6087614290087207,0.43388373911755823,-0.900968867902419
2026-08-06 03:45:00,203144,204197.0,207071.0,205068.0,210890.0,205630.5,1241.2384944079097,224796.35416666666,3,45,15,3,0,0,0.8314696123025451,0.5555702330196024,0.43388373911755823,-0.900968867902419
2026-08-06 04:00:00,202065,203144.0,206123.0,204266.0,210141.0,204648.75,1274.6671134064861,224776.3125,4,0,16,3,0,0,0.8660254037844386,0.5000000000000001,0.43388373911755823,-0.900968867902419
2026-08-06 04:15:00,201959,202065.0,205131.0,205247.0,210254.0,203634.25,1324.1146413107012,224753.38541666666,4,15,17,3,0,0,0.8968727415326884,0.44228869021900125,0.43388373911755823,-0.900968867902419
2026-08-06 04:30:00,202185,201959.0,204197.0,205218.0,209812.0,202841.25,1050.4990480719348,224719.13541666666,4,30,18,3,0,0,0.9238795325112867,0.38268343236508984,0.43388373911755823,-0.900968867902419
2026-08-06 04:45:00,202793,202185.0,203144.0,205825.0,210016.0,202338.25,545.0427353275884,224687.54166666666,4,45,19,3,0,0,0.9469301294951056,0.3214394653031617,0.43388373911755823,-0.900968867902419
2026-08-06 05:00:00,203644,202793.0,202065.0,206818.0,210660.0,202250.5,373.26442816504584,224655.95833333334,5,0,20,3,0,0,0.9659258262890683,0.25881904510252074,0.43388373911755823,-0.900968867902419
2026-08-06 05:15:00,205977,203644.0,201959.0,208424.0,212480.0,202645.25,753.2376229761152,224622.89583333334,5,15,21,3,0,0,0.9807852804032304,0.19509032201612833,0.43388373911755823,-0.900968867902419
2026-08-06 05:30:00,207771,205977.0,202185.0,210575.0,213289.0,203649.75,1662.8929360204488,224597.40625,5,30,22,3,0,0,0.9914448613738104,0.1305261922200517,0.43388373911755823,-0.900968867902419
2026-08-06 05:45:00,209512,207771.0,202793.0,213287.0,214639.0,205046.25,2260.8257156770637,224568.19791666666,5,45,23,3,0,0,0.9978589232386035,0.06540312923014327,0.43388373911755823,-0.900968867902419
2026-08-06 06:00:00,210987,209512.0,203644.0,214175.0,216061.0,206726.0,2510.8793944220733,224528.875,6,0,24,3,0,0,1.0,6.123233995736766e-17,0.43388373911755823,-0.900968867902419
2026-08-06 06:15:00,213859,210987.0,205977.0,216473.0,217960.0,208561.75,2167.258694757044,224495.66666666666,6,15,25,3,0,0,0.9978589232386035,-0.06540312923014314,0.43388373911755823,-0.900968867902419
2026-08-06 06:30:00,217096,213859.0,207771.0,219740.0,220720.0,210532.25,2578.0790490854465,224468.4375,6,30,26,3,0,0,0.9914448613738104,-0.1305261922200516,0.43388373911755823,-0.900968867902419
2026-08-06 06:45:00,219294,217096.0,209512.0,221722.0,221891.0,212863.5,3349.5711665823746,224440.89583333334,6,45,27,3,0,0,0.9807852804032304,-0.1950903220161282,0.43388373911755823,-0.900968867902419
2026-08-06 07:00:00,219513,219294.0,210987.0,221714.0,222146.0,215309.0,3644.89496876568,224415.60416666666,7,0,28,3,0,0,0.9659258262890683,-0.25881904510252063,0.43388373911755823,-0.900968867902419
2026-08-06 07:15:00,219795,219513.0,213859.0,222382.0,222768.0,217440.5,2625.296237252739,224392.67708333334,7,15,29,3,0,0,0.9469301294951057,-0.3214394653031616,0.43388373911755823,-0.900968867902419
2026-08-06 07:30:00,219846,219795.0,217096.0,222378.0,222871.0,218924.5,1236.1290385716375,224365.72916666666,7,30,30,3,0,0,0.9238795325112868,-0.3826834323650895,0.43388373911755823,-0.900968867902419
2026-08-06 07:45:00,219028,219846.0,219294.0,221832.0,221792.0,219612.0,257.662570040821,224339.35416666666,7,45,31,3,0,0,0.8968727415326884,-0.44228869021900113,0.43388373911755823,-0.900968867902419
2026-08-06 08:00:00,217280,219028.0,219513.0,221078.0,220233.0,219545.5,374.79461042021535,224310.14583333334,8,0,32,3,0,0,0.8660254037844387,-0.4999999999999998,0.43388373911755823,-0.900968867902419
2026-08-06 08:15:00,219514,217280.0,219795.0,222706.0,222538.0,218987.25,1198.0921987337672,224270.58333333334,8,15,33,3,0,0,0.8314696123025451,-0.5555702330196023,0.43388373911755823,-0.900968867902419
2026-08-06 08:30:00,221185,219514.0,219846.0,224157.0,224397.0,218917.0,1141.8610540108252,224237.33333333334,8,30,34,3,0,0,0.7933533402912352,-0.6087614290087207,0.43388373911755823,-0.900968867902419
2026-08-06 08:45:00,221954,221185.0,219028.0,225986.0,226351.0,219251.75,1606.6624567718145,224206.375,8,45,35,3,0,0,0.7518398074789774,-0.6593458151000688,0.43388373911755823,-0.900968867902419
2026-08-06 09:00:00,222771,221954.0,217280.0,227266.0,228035.0,219983.25,2070.089752482575,224164.375,9,0,36,3,0,0,0.7071067811865476,-0.7071067811865475,0.43388373911755823,-0.900968867902419
2026-08-06 09:15:00,226021,222771.0,219514.0,230918.0,231497.0,221356.0,1388.288394630845,224117.55208333334,9,15,37,3,0,0,0.659345815100069,-0.7518398074789773,0.43388373911755823,-0.900968867902419
2026-08-06 09:30:00,226963,226021.0,221185.0,232280.0,232145.0,222982.75,2126.5020377762844,224066.54166666666,9,30,38,3,0,0,0.6087614290087209,-0.793353340291235,0.43388373911755823,-0.900968867902419
2026-08-06 09:45:00,227210,226963.0,221954.0,232637.0,233854.0,224427.25,2437.9087178700292,224011.15625,9,45,39,3,0,0,0.5555702330196025,-0.831469612302545,0.43388373911755823,-0.900968867902419
2026-08-06 10:00:00,228121,227210.0,222771.0,231697.0,233996.0,225741.25,2045.3642503639055,223954.625,10,0,40,3,0,0,0.49999999999999994,-0.8660254037844387,0.43388373911755823,-0.900968867902419
2026-08-06 10:15:00,227928,228121.0,226021.0,233033.0,233670.0,227078.75,863.2776204674959,223917.375,10,15,41,3,0,0,0.4422886902190017,-0.8968727415326881,0.43388373911755823,-0.900968867902419
2026-08-06 10:30:00,228393,227928.0,226963.0,232739.0,234085.0,227555.5,556.468926955211,223864.19791666666,10,30,42,3,0,0,0.3826834323650899,-0.9238795325112867,0.43388373911755823,-0.900968867902419
2026-08-06 10:45:00,228264,228393.0,227210.0,232227.0,233767.0,227913.0,505.9967061816549,223818.92708333334,10,45,43,3,0,0,0.32143946530316175,-0.9469301294951056,0.43388373911755823,-0.900968867902419
2026-08-06 11:00:00,228838,228264.0,228121.0,232039.0,233519.0,228176.5,199.46678921568562,223777.64583333334,11,0,44,3,0,0,0.258819045102521,-0.9659258262890682,0.43388373911755823,-0.900968867902419
2026-08-06 11:15:00,227533,228838.0,227928.0,230914.0,233658.0,228355.75,376.5371827589073,223744.30208333334,11,15,45,3,0,0,0.19509032201612816,-0.9807852804032304,0.43388373911755823,-0.900968867902419
2026-08-06 11:30:00,227357,227533.0,228393.0,231421.0,233782.0,228257.0,541.6893328591112,223709.08333333334,11,30,46,3,0,0,0.130526192220052,-0.9914448613738104,0.43388373911755823,-0.900968867902419
2026-08-06 11:45:00,227312,227357.0,228264.0,231012.0,233609.0,227998.0,683.9741710522992,223666.75,11,45,47,3,0,0,0.06540312923014312,-0.9978589232386035,0.43388373911755823,-0.900968867902419
2026-08-06 12:00:00,227981,227312.0,228838.0,231419.0,232871.0,227760.0,724.9657463172649,223628.20833333334,12,0,48,3,0,0,1.2246467991473532e-16,-1.0,0.43388373911755823,-0.900968867902419
2026-08-06 12:15:00,226218,227981.0,227533.0,230292.0,231897.0,227545.75,305.43452653557927,223592.39583333334,12,15,49,3,0,0,-0.06540312923014287,-0.9978589232386035,0.43388373911755823,-0.900968867902419
2026-08-06 12:30:00,225558,226218.0,227357.0,229385.0,231248.0,227217.0,732.6486197352817,223549.95833333334,12,30,50,3,0,0,-0.13052619222005177,-0.9914448613738104,0.43388373911755823,-0.900968867902419
2026-08-06 12:45:00,225228,225558.0,227312.0,228383.0,230392.0,226767.25,1085.3421503532197,223510.09375,12,45,51,3,0,0,-0.19509032201612792,-0.9807852804032305,0.43388373911755823,-0.900968867902419
2026-08-06 13:00:00,223140,225228.0,227981.0,225965.0,227434.0,226246.25,1227.5553958986995,223477.22916666666,13,0,52,3,0,0,-0.2588190451025208,-0.9659258262890683,0.43388373911755823,-0.900968867902419
2026-08-06 13:15:00,220410,223140.0,226218.0,222521.0,224867.0,225036.0,1329.3216315098512,223447.80208333334,13,15,53,3,0,0,-0.32143946530316153,-0.9469301294951057,0.43388373911755823,-0.900968867902419
2026-08-06 13:30:00,220661,220410.0,225558.0,223490.0,225636.0,223584.0,2371.4147676018238,223425.8125,13,30,54,3,0,0,-0.38268343236508967,-0.9238795325112868,0.43388373911755823,-0.900968867902419
2026-08-06 13:45:00,222249,220661.0,225228.0,225366.0,225958.0,222359.75,2274.7105859867124,223396.34375,13,45,55,3,0,0,-0.44228869021900147,-0.8968727415326883,0.43388373911755823,-0.900968867902419
2026-08-06 14:00:00,223205,222249.0,223140.0,225254.0,226896.0,221615.0,1302.526007417896,223363.875,14,0,56,3,0,0,-0.4999999999999997,-0.8660254037844388,0.43388373911755823,-0.900968867902419
2026-08-06 14:15:00,224251,223205.0,220410.0,225514.0,228708.0,221631.25,1328.0487880094383,223342.53125,14,15,57,3,0,0,-0.555570233019602,-0.8314696123025455,0.43388373911755823,-0.900968867902419
2026-08-06 14:30:00,224947,224251.0,220661.0,227687.0,230833.0,222591.5,1524.7359334214768,223329.375,14,30,58,3,0,0,-0.6087614290087207,-0.7933533402912352,0.43388373911755823,-0.900968867902419
2026-08-06 14:45:00,225940,224947.0,222249.0,228390.0,231591.0,223663.0,1183.7173085946924,223300.83333333334,14,45,59,3,0,0,-0.6593458151000688,-0.7518398074789774,0.43388373911755823,-0.900968867902419
2026-08-06 15:00:00,227398,225940.0,223205.0,229981.0,231153.0,224585.75,1152.2474777581363,223275.3125,15,0,60,3,0,0,-0.7071067811865471,-0.7071067811865479,0.43388373911755823,-0.900968867902419
2026-08-06 15:15:00,226598,227398.0,224251.0,229155.0,230711.0,225634.0,1365.0384609966075,223248.40625,15,15,61,3,0,0,-0.7518398074789773,-0.6593458151000691,0.43388373911755823,-0.900968867902419
2026-08-06 15:30:00,227026,226598.0,224947.0,229743.0,231035.0,226220.75,1037.544336402058,223221.77083333334,15,30,62,3,0,0,-0.7933533402912349,-0.6087614290087209,0.43388373911755823,-0.900968867902419
2026-08-06 15:45:00,226933,227026.0,225940.0,229336.0,230164.0,226740.5,625.8122721711213,223193.46875,15,45,63,3,0,0,-0.8314696123025452,-0.5555702330196022,0.43388373911755823,-0.900968867902419
2026-08-06 16:00:00,226894,226933.0,227398.0,230049.0,229375.0,226988.75,328.9715033251045,223168.4375,16,0,64,3,0,0,-0.8660254037844385,-0.5000000000000004,0.43388373911755823,-0.900968867902419
2026-08-06 16:15:00,225408,226894.0,226598.0,228032.0,228463.0,226862.75,184.9817558571127,223135.57291666666,16,15,65,3,0,0,-0.8968727415326883,-0.44228869021900136,0.43388373911755823,-0.900968867902419
2026-08-06 16:30:00,225380,225408.0,227026.0,228762.0,228832.0,226565.25,773.4844859465381,223108.23958333334,16,30,66,3,0,0,-0.9238795325112868,-0.3826834323650895,0.43388373911755823,-0.900968867902419
2026-08-06 16:45:00,225362,225380.0,226933.0,229195.0,229440.0,226153.75,877.5026590652834,223073.01041666666,16,45,67,3,0,0,-0.9469301294951056,-0.3214394653031618,0.43388373911755823,-0.900968867902419
2026-08-06 17:00:00,225307,225362.0,226894.0,229055.0,227745.0,225761.0,755.5704246902754,223033.08333333334,17,0,68,3,0,0,-0.9659258262890683,-0.25881904510252063,0.43388373911755823,-0.900968867902419
2026-08-06 17:15:00,223047,225307.0,225408.0,226397.0,225667.0,225364.25,42.60183877072598,222994.04166666666,17,15,69,3,0,0,-0.9807852804032303,-0.19509032201612866,0.43388373911755823,-0.900968867902419
2026-08-06 17:30:00,222572,223047.0,225380.0,226638.0,226155.0,224774.0,1151.7519987682422,222959.14583333334,17,30,70,3,0,0,-0.9914448613738104,-0.13052619222005163,0.43388373911755823,-0.900968867902419
2026-08-06 17:45:00,222707,222572.0,225362.0,224290.0,225996.0,224072.0,1470.8217657713124,222916.79166666666,17,45,71,3,0,0,-0.9978589232386035,-0.06540312923014273,0.43388373911755823,-0.900968867902419
2026-08-06 18:00:00,222007,222707.0,225307.0,225947.0,225465.0,223408.25,1281.5119650891447,222900.30208333334,18,0,72,3,0,0,-1.0,-1.8369701987210297e-16,0.43388373911755823,-0.900968867902419
2026-08-06 18:15:00,220258,222007.0,223047.0,225345.0,224100.0,222583.25,433.0391629710286,222859.26041666666,18,15,73,3,0,0,-0.9978589232386036,0.06540312923014237,0.43388373911755823,-0.900968867902419
2026-08-06 18:30:00,223167,220258.0,222572.0,227614.0,227011.0,221886.0,1126.892778099722,222806.27083333334,18,30,74,3,0,0,-0.9914448613738105,0.13052619222005127,0.43388373911755823,-0.900968867902419
2026-08-06 18:45:00,226370,223167.0,222707.0,230603.0,230317.0,222034.75,1276.9130419361534,222759.94791666666,18,45,75,3,0,0,-0.9807852804032304,0.1950903220161283,0.43388373911755823,-0.900968867902419
2026-08-06 19:00:00,229140,226370.0,222007.0,233190.0,232474.0,222950.5,2574.205443756704,222715.85416666666,19,0,76,3,0,0,-0.9659258262890684,0.2588190451025203,0.43388373911755823,-0.900968867902419
2026-08-06 19:15:00,231759,229140.0,220258.0,236594.0,235166.0,224733.75,3854.8409716441806,222673.66666666666,19,15,77,3,0,0,-0.9469301294951057,0.3214394653031615,0.43388373911755823,-0.900968867902419
2026-08-06 19:30:00,234597,231759.0,223167.0,234301.0,236832.0,227609.0,3689.306438885229,222623.30208333334,19,30,78,3,0,0,-0.923879532511287,0.38268343236508917,0.43388373911755823,-0.900968867902419
2026-08-06 19:45:00,235332,234597.0,226370.0,239985.0,237830.0,230466.5,3524.7931854223784,222626.38541666666,19,45,79,3,0,0,-0.8968727415326884,0.442288690219001,0.43388373911755823,-0.900968867902419
2026-08-06 20:00:00,233770,235332.0,229140.0,239761.0,236630.0,232707.0,2833.4265474862827,222577.91666666666,20,0,80,3,0,0,-0.8660254037844386,0.5000000000000001,0.43388373911755823,-0.900968867902419
2026-08-06 20:15:00,233549,233770.0,231759.0,239171.0,236306.0,233864.5,1541.8790484340973,222515.51041666666,20,15,81,3,0,0,-0.8314696123025455,0.5555702330196018,0.43388373911755823,-0.900968867902419
2026-08-06 20:30:00,233130,233549.0,234597.0,238917.0,235801.0,234312.0,815.9979575138038,222456.94791666666,20,30,82,3,0,0,-0.7933533402912357,0.6087614290087199,0.43388373911755823,-0.900968867902419
2026-08-06 20:45:00,232983,233130.0,235332.0,238586.0,235292.0,233945.25,961.844538720629,222396.66666666666,20,45,83,3,0,0,-0.7518398074789772,0.6593458151000691,0.43388373911755823,-0.900968867902419
2026-08-06 21:00:00,232911,232983.0,233770.0,238172.0,234608.0,233358.0,364.61577950864876,222338.30208333334,21,0,84,3,0,0,-0.7071067811865477,0.7071067811865474,0.43388373911755823,-0.900968867902419
2026-08-06 21:15:00,232690,232911.0,233549.0,234508.0,234733.0,233143.25,285.44044913086657,222283.5,21,15,85,3,0,0,-0.6593458151000687,0.7518398074789775,0.43388373911755823,-0.900968867902419
2026-08-06 21:30:00,232135,232690.0,233130.0,237138.0,234926.0,232928.5,183.26756396054054,222264.5625,21,30,86,3,0,0,-0.608761429008721,0.7933533402912349,0.43388373911755823,-0.900968867902419
2026-08-06 21:45:00,231501,232135.0,232983.0,237206.0,234594.0,232679.75,383.9682061491115,222212.44791666666,21,45,87,3,0,0,-0.555570233019603,0.8314696123025447,0.43388373911755823,-0.900968867902419
2026-08-06 22:00:00,230197,231501.0,232911.0,236680.0,233678.0,232309.25,630.001256612527,222153.02083333334,22,0,88,3,0,0,-0.5000000000000004,0.8660254037844384,0.43388373911755823,-0.900968867902419
2026-08-06 22:15:00,230845,230197.0,232690.0,236708.0,234158.0,231630.75,1072.1866675164465,222085.48958333334,22,15,89,3,0,0,-0.4422886902190014,0.8968727415326883,0.43388373911755823,-0.900968867902419
2026-08-06 22:30:00,230333,230845.0,232135.0,236982.0,234234.0,231169.5,835.2921644550598,222024.41666666666,22,30,90,3,0,0,-0.38268343236508956,0.9238795325112868,0.43388373911755823,-0.900968867902419
2026-08-06 22:45:00,229192,230333.0,231501.0,235612.0,232863.0,230719.0,591.2923698701692,221955.15625,22,45,91,3,0,0,-0.32143946530316186,0.9469301294951056,0.43388373911755823,-0.900968867902419
2026-08-06 23:00:00,227547,229192.0,230197.0,234093.0,231034.0,230141.75,691.9091342076789,221888.28125,23,0,92,3,0,0,-0.25881904510252157,0.9659258262890681,0.43388373911755823,-0.900968867902419
2026-08-06 23:15:00,225227,227547.0,230845.0,232530.0,229637.0,229479.25,1461.7643163884843,221820.09375,23,15,93,3,0,0,-0.19509032201612872,0.9807852804032303,0.43388373911755823,-0.900968867902419
2026-08-06 23:30:00,223140,225227.0,230333.0,229523.0,227528.0,228074.75,2216.3138127681045,221744.02083333334,23,30,94,3,0,0,-0.13052619222005168,0.9914448613738104,0.43388373911755823,-0.900968867902419
2026-08-06 23:45:00,220895,223140.0,229192.0,226946.0,225480.0,226276.5,2649.1126187209734,221677.53125,23,45,95,3,0,0,-0.0654031292301428,0.9978589232386035,0.43388373911755823,-0.900968867902419
2026-08-07 00:00:00,218662,220895.0,227547.0,223970.0,223275.0,224202.25,2846.2690637628302,221614.5,0,0,0,4,0,0,0.0,1.0,-0.433883739117558,-0.9009688679024191
2026-08-07 00:15:00,216861,218662.0,225227.0,222469.0,221801.0,221981.0,2832.840388491151,221559.20833333334,0,15,1,4,0,0,0.06540312923014306,0.9978589232386035,-0.433883739117558,-0.9009688679024191
2026-08-07 00:30:00,215515,216861.0,223140.0,220680.0,220100.0,219889.5,2723.6831068732454,221500.79166666666,0,30,2,4,0,0,0.13052619222005157,0.9914448613738104,-0.433883739117558,-0.9009688679024191
2026-08-07 00:45:00,213777,215515.0,220895.0,218911.0,218680.0,217983.25,2330.285586932789,221446.98958333334,0,45,3,4,0,0,0.19509032201612825,0.9807852804032304,-0.433883739117558,-0.9009688679024191
2026-08-07 01:00:00,211706,213777.0,218662.0,216910.0,216742.0,216203.75,2068.692239878456,221393.51041666666,1,0,4,4,0,0,0.25881904510252074,0.9659258262890683,-0.433883739117558,-0.9009688679024191
2026-08-07 01:15:00,209809,211706.0,216861.0,215079.0,214911.0,214464.75,2230.750303522717,221339.30208333334,1,15,5,4,0,0,0.3214394653031616,0.9469301294951057,-0.433883739117558,-0.9009688679024191
2026-08-07 01:30:00,208368,209809.0,215515.0,213664.0,213524.0,212701.75,2478.578809855901,221284.40625,1,30,6,4,0,0,0.3826834323650898,0.9238795325112867,-0.433883739117558,-0.9009688679024191
2026-08-07 01:45:00,206922,208368.0,213777.0,211657.0,212158.0,210915.0,2347.137973504475,221229.23958333334,1,45,7,4,0,0,0.44228869021900125,0.8968727415326884,-0.433883739117558,-0.9009688679024191
2026-08-07 02:00:00,205561,206922.0,211706.0,210198.0,211288.0,209201.25,2043.886718158982,221179.91666666666,2,0,8,4,0,0,0.49999999999999994,0.8660254037844387,-0.433883739117558,-0.9009688679024191
2026-08-07 02:15:00,203988,205561.0,209809.0,208776.0,209143.0,207665.0,1832.1035269147253,221131.61458333334,2,15,9,4,0,0,0.5555702330196022,0.8314696123025452,-0.433883739117558,-0.9009688679024191
2026-08-07 02:30:00,203097,203988.0,208368.0,207949.0,208090.0,206209.75,1872.8225356397375,221081.73958333334,2,30,10,4,0,0,0.6087614290087207,0.7933533402912352,-0.433883739117558,-0.9009688679024191
2026-08-07 02:45:00,202471,203097.0,206922.0,207071.0,207590.0,204892.0,1693.8813417710428,221031.19791666666,2,45,11,4,0,0,0.6593458151000688,0.7518398074789774,-0.433883739117558,-0.9009688679024191
2026-08-07 03:00:00,201849,202471.0,205561.0,206123.0,206703.0,203779.25,1341.043468099902,220983.28125,3,0,12,4,0,0,0.7071067811865476,0.7071067811865476,-0.433883739117558,-0.9009688679024191
2026-08-07 03:15:00,201604,201849.0,203988.0,205131.0,206257.0,202851.25,913.1791992813285,220938.76041666666,3,15,13,4,0,0,0.7518398074789774,0.6593458151000688,-0.433883739117558,-0.9009688679024191
2026-08-07 03:30:00,200849,201604.0,203097.0,204197.0,205878.0,202255.25,669.3919504546102,220902.02083333334,3,30,14,4,0,0,0.7933533402912352,0.6087614290087207,-0.433883739117558,-0.9009688679024191
2026-08-07 03:45:00,199760,200849.0,202471.0,203144.0,205068.0,201693.25,670.7897708423669,220867.14583333334,3,45,15,4,0,0,0.8314696123025451,0.5555702330196024,-0.433883739117558,-0.9009688679024191
2026-08-07 04:00:00,199178,199760.0,201849.0,202065.0,204266.0,201015.5,938.9811854700578,220831.89583333334,4,0,16,4,0,0,0.8660254037844386,0.5000000000000001,-0.433883739117558,-0.9009688679024191
2026-08-07 04:15:00,199864,199178.0,201604.0,201959.0,205247.0,200347.75,1086.7659591651193,220801.82291666666,4,15,17,4,0,0,0.8968727415326884,0.44228869021900125,-0.433883739117558,-0.9009688679024191
2026-08-07 04:30:00,200605,199864.0,200849.0,202185.0,205218.0,199912.75,693.3327123395246,220780.0,4,30,18,4,0,0,0.9238795325112867,0.38268343236508984,-0.433883739117558,-0.9009688679024191
2026-08-07 04:45:00,201110,200605.0,199760.0,202793.0,205825.0,199851.75,585.9160207174871,220763.54166666666,4,45,19,4,0,0,0.9469301294951056,0.3214394653031617,-0.433883739117558,-0.9009688679024191
2026-08-07 05:00:00,202308,201110.0,199178.0,203644.0,206818.0,200189.25,846.373193888731,220746.01041666666,5,0,20,4,0,0,0.9659258262890683,0.25881904510252074,-0.433883739117558,-0.9009688679024191
2026-08-07 05:15:00,204519,202308.0,199864.0,205977.0,208424.0,200971.75,1027.3416747444528,220732.09375,5,15,21,4,0,0,0.9807852804032304,0.19509032201612833,-0.433883739117558,-0.9009688679024191
2026-08-07 05:30:00,206228,204519.0,200605.0,207771.0,210575.0,202135.5,1742.116433154437,220716.90625,5,30,22,4,0,0,0.9914448613738104,0.1305261922200517,-0.433883739117558,-0.9009688679024191
2026-08-07 05:45:00,207838,206228.0,201110.0,209512.0,213287.0,203541.25,2280.8260747662057,220700.83333333334,5,45,23,4,0,0,0.9978589232386035,0.06540312923014327,-0.433883739117558,-0.9009688679024191
2026-08-07 06:00:00,210345,207838.0,202308.0,210987.0,214175.0,205223.25,2369.3241476561975,220683.39583333334,6,0,24,4,0,0,1.0,6.123233995736766e-17,-0.433883739117558,-0.9009688679024191
2026-08-07 06:15:00,213499,210345.0,204519.0,213859.0,216473.0,207232.5,2478.332033176097,220676.70833333334,6,15,25,4,0,0,0.9978589232386035,-0.06540312923014314,-0.433883739117558,-0.9009688679024191
2026-08-07 06:30:00,216513,213499.0,206228.0,217096.0,219740.0,209477.5,3171.3419346810847,220672.95833333334,6,30,26,4,0,0,0.9914448613738104,-0.1305261922200516,-0.433883739117558,-0.9009688679024191
2026-08-07 06:45:00,218314,216513.0,207838.0,219294.0,221722.0,212048.75,3771.20373134805,220666.88541666666,6,45,27,4,0,0,0.9807852804032304,-0.1950903220161282,-0.433883739117558,-0.9009688679024191
2026-08-07 07:00:00,218373,218314.0,210345.0,219513.0,221714.0,214667.75,3500.106224578539,220656.67708333334,7,0,28,4,0,0,0.9659258262890683,-0.25881904510252063,-0.433883739117558,-0.9009688679024191
2026-08-07 07:15:00,219313,218373.0,213499.0,219795.0,222382.0,216674.75,2286.390514180255,220644.80208333334,7,15,29,4,0,0,0.9469301294951057,-0.3214394653031616,-0.433883739117558,-0.9009688679024191
2026-08-07 07:30:00,219498,219313.0,216513.0,219846.0,222378.0,218128.25,1170.0528121984232,220639.78125,7,30,30,4,0,0,0.9238795325112868,-0.3826834323650895,-0.433883739117558,-0.9009688679024191
2026-08-07 07:45:00,218532,219498.0,218314.0,219028.0,221832.0,218874.5,618.2494102976935,220636.15625,7,45,31,4,0,0,0.8968727415326884,-0.44228869021900113,-0.433883739117558,-0.9009688679024191
2026-08-07 08:00:00,217648,218532.0,218373.0,217280.0,221078.0,218929.0,559.1547191968533,220630.98958333334,8,0,32,4,0,0,0.8660254037844387,-0.4999999999999998,-0.433883739117558,-0.9009688679024191
2026-08-07 08:15:00,219233,217648.0,219313.0,219514.0,222706.0,218747.75,844.2710366543714,220634.82291666666,8,15,33,4,0,0,0.8314696123025451,-0.5555702330196023,-0.433883739117558,-0.9009688679024191
2026-08-07 08:30:00,220780,219233.0,219498.0,221185.0,224157.0,218727.75,827.1921884706,220631.89583333334,8,30,34,4,0,0,0.7933533402912352,-0.6087614290087207,-0.433883739117558,-0.9009688679024191
2026-08-07 08:45:00,222096,220780.0,218532.0,221954.0,225986.0,219048.25,1324.1732955571867,220627.67708333334,8,45,35,4,0,0,0.7518398074789774,-0.6593458151000688,-0.433883739117558,-0.9009688679024191
2026-08-07 09:00:00,223346,222096.0,217648.0,222771.0,227266.0,219939.25,1924.1488811073773,220629.15625,9,0,36,4,0,0,0.7071067811865476,-0.7071067811865475,-0.433883739117558,-0.9009688679024191
2026-08-07 09:15:00,227354,223346.0,219233.0,226021.0,230918.0,221363.75,1765.0651309985055,220635.14583333334,9,15,37,4,0,0,0.659345815100069,-0.7518398074789773,-0.433883739117558,-0.9009688679024191
2026-08-07 09:30:00,229095,227354.0,220780.0,226963.0,232280.0,223394.0,2840.28777884685,220649.03125,9,30,38,4,0,0,0.6087614290087209,-0.793353340291235,-0.433883739117558,-0.9009688679024191
2026-08-07 09:45:00,230435,229095.0,222096.0,227210.0,232637.0,225472.75,3295.7195850577787,220671.23958333334,9,45,39,4,0,0,0.5555702330196025,-0.831469612302545,-0.433883739117558,-0.9009688679024191
2026-08-07 10:00:00,230220,230435.0,223346.0,228121.0,231697.0,227557.5,3077.9894411774817,220704.83333333334,10,0,40,4,0,0,0.49999999999999994,-0.8660254037844387,-0.433883739117558,-0.9009688679024191
2026-08-07 10:15:00,230806,230220.0,227354.0,227928.0,233033.0,229276.0,1409.6408526051525,220726.69791666666,10,15,41,4,0,0,0.4422886902190017,-0.8968727415326881,-0.433883739117558,-0.9009688679024191
2026-08-07 10:30:00,230448,230806.0,229095.0,228393.0,232739.0,230139.0,736.8857894319333,220756.67708333334,10,30,42,4,0,0,0.3826834323650899,-0.9238795325112867,-0.433883739117558,-0.9009688679024191
2026-08-07 10:45:00,229703,230448.0,230435.0,228264.0,232227.0,230477.25,242.8269273921728,220778.08333333334,10,45,43,4,0,0,0.32143946530316175,-0.9469301294951056,-0.433883739117558,-0.9009688679024191
2026-08-07 11:00:00,229657,229703.0,230220.0,228838.0,232039.0,230294.25,462.10271224774834,220793.07291666666,11,0,44,4,0,0,0.258819045102521,-0.9659258262890682,-0.433883739117558,-0.9009688679024191
2026-08-07 11:15:00,228513,229657.0,230806.0,227533.0,230914.0,230153.5,566.2593634252112,220801.60416666666,11,15,45,4,0,0,0.19509032201612816,-0.9807852804032304,-0.433883739117558,-0.9009688679024191
2026-08-07 11:30:00,229156,228513.0,230448.0,227357.0,231421.0,229580.25,798.5342301158576,220811.8125,11,30,46,4,0,0,0.130526192220052,-0.9914448613738104,-0.433883739117558,-0.9009688679024191
2026-08-07 11:45:00,229188,229156.0,229703.0,227312.0,231012.0,229257.25,554.5727334324375,220830.55208333334,11,45,47,4,0,0,0.06540312923014312,-0.9978589232386035,-0.433883739117558,-0.9009688679024191
2026-08-07 12:00:00,228190,229188.0,229657.0,227981.0,231419.0,229128.5,469.9109844783273,220850.09375,12,0,48,4,0,0,1.2246467991473532e-16,-1.0,-0.433883739117558,-0.9009688679024191
2026-08-07 12:15:00,227121,228190.0,228513.0,226218.0,230292.0,228761.75,491.89997289428095,220852.27083333334,12,15,49,4,0,0,-0.06540312923014287,-0.9978589232386035,-0.433883739117558,-0.9009688679024191
2026-08-07 12:30:00,225993,227121.0,229156.0,225558.0,229385.0,228413.75,978.3770149249169,220861.67708333334,12,30,50,4,0,0,-0.13052619222005177,-0.9914448613738104,-0.433883739117558,-0.9009688679024191
2026-08-07 12:45:00,225158,225993.0,229188.0,225228.0,228383.0,227623.0,1375.9382253575432,220866.20833333334,12,45,51,4,0,0,-0.19509032201612792,-0.9807852804032305,-0.433883739117558,-0.9009688679024191
2026-08-07 13:00:00,222737,225158.0,228190.0,223140.0,225965.0,226615.5,1322.4211381654263,220865.47916666666,13,0,52,4,0,0,-0.2588190451025208,-0.9659258262890683,-0.433883739117558,-0.9009688679024191
2026-08-07 13:15:00,220338,222737.0,227121.0,220410.0,222521.0,225252.25,1859.776218617013,220861.28125,13,15,53,4,0,0,-0.32143946530316153,-0.9469301294951057,-0.433883739117558,-0.9009688679024191
2026-08-07 13:30:00,220740,220338.0,225993.0,220661.0,223490.0,223556.5,2551.5784003893377,220860.53125,13,30,54,4,0,0,-0.38268343236508967,-0.9238795325112868,-0.433883739117558,-0.9009688679024191
2026-08-07 13:45:00,221355,220740.0,225158.0,222249.0,225366.0,222243.25,2208.264382571395,220861.35416666666,13,45,55,4,0,0,-0.44228869021900147,-0.8968727415326883,-0.433883739117558,-0.9009688679024191
2026-08-07 14:00:00,220897,221355.0,222737.0,223205.0,225254.0,221292.5,1049.8909467178394,220852.04166666666,14,0,56,4,0,0,-0.4999999999999997,-0.8660254037844388,-0.433883739117558,-0.9009688679024191
2026-08-07 14:15:00,222302,220897.0,220338.0,224251.0,225514.0,220832.5,420.41764948688984,220828.0,14,15,57,4,0,0,-0.555570233019602,-0.8314696123025455,-0.433883739117558,-0.9009688679024191
2026-08-07 14:30:00,223348,222302.0,220740.0,224947.0,227687.0,221323.5,702.5736023127707,220807.69791666666,14,30,58,4,0,0,-0.6087614290087207,-0.7933533402912352,-0.433883739117558,-0.9009688679024191
2026-08-07 14:45:00,224482,223348.0,221355.0,225940.0,228390.0,221975.5,1086.0541729889644,220791.04166666666,14,45,59,4,0,0,-0.6593458151000688,-0.7518398074789774,-0.433883739117558,-0.9009688679024191
2026-08-07 15:00:00,225878,224482.0,220897.0,227398.0,229981.0,222757.25,1526.6008810426085,220775.85416666666,15,0,60,4,0,0,-0.7071067811865471,-0.7071067811865479,-0.433883739117558,-0.9009688679024191
2026-08-07 15:15:00,225044,225878.0,222302.0,226598.0,229155.0,224002.5,1534.8714386988215,220760.02083333334,15,15,61,4,0,0,-0.7518398074789773,-0.6593458151000691,-0.433883739117558,-0.9009688679024191
2026-08-07 15:30:00,224862,225044.0,223348.0,227026.0,229743.0,224688.0,1061.5824665721375,220743.83333333334,15,30,62,4,0,0,-0.7933533402912349,-0.6087614290087209,-0.433883739117558,-0.9009688679024191
2026-08-07 15:45:00,225333,224862.0,224482.0,226933.0,229336.0,225066.5,589.4910233979144,220721.29166666666,15,45,63,4,0,0,-0.8314696123025452,-0.5555702330196022,-0.433883739117558,-0.9009688679024191
2026-08-07 16:00:00,224014,225333.0,225878.0,226894.0,230049.0,225279.25,443.783261664278,220704.625,16,0,64,4,0,0,-0.8660254037844385,-0.5000000000000004,-0.433883739117558,-0.9009688679024191
2026-08-07 16:15:00,222425,224014.0,225044.0,225408.0,228032.0,224813.25,567.0281445102296,220674.625,16,15,65,4,0,0,-0.8968727415326883,-0.44228869021900136,-0.433883739117558,-0.9009688679024191
2026-08-07 16:30:00,222689,222425.0,224862.0,225380.0,228762.0,224158.5,1278.0538590633496,220643.55208333334,16,30,66,4,0,0,-0.9238795325112868,-0.3826834323650895,-0.433883739117558,-0.9009688679024191
2026-08-07 16:45:00,223192,222689.0,225333.0,225362.0,229195.0,223615.25,1339.6891119460215,220615.52083333334,16,45,67,4,0,0,-0.9469301294951056,-0.3214394653031618,-0.433883739117558,-0.9009688679024191
2026-08-07 17:00:00,222500,223192.0,224014.0,225307.0,229055.0,223080.0,699.2391102715734,220592.91666666666,17,0,68,4,0,0,-0.9659258262890683,-0.25881904510252063,-0.433883739117558,-0.9009688679024191
2026-08-07 17:15:00,220974,222500.0,222425.0,223047.0,226397.0,222701.5,345.3505465466135,220563.67708333334,17,15,69,4,0,0,-0.9807852804032303,-0.19509032201612866,-0.433883739117558,-0.9009688679024191
2026-08-07 17:30:00,221149,220974.0,222689.0,222572.0,226638.0,222338.75,955.5547690565454,220542.08333333334,17,30,70,4,0,0,-0.9914448613738104,-0.13052619222005163,-0.433883739117558,-0.9009688679024191
2026-08-07 17:45:00,221532,221149.0,223192.0,222707.0,224290.0,221953.75,1070.6983313084538,220527.26041666666,17,45,71,4,0,0,-0.9978589232386035,-0.06540312923014273,-0.433883739117558,-0.9009688679024191
2026-08-07 18:00:00,221161,221532.0,222500.0,222007.0,225947.0,221538.75,681.8833600159985,220515.02083333334,18,0,72,4,0,0,-1.0,-1.8369701987210297e-16,-0.433883739117558,-0.9009688679024191
2026-08-07 18:15:00,219960,221161.0,220974.0,220258.0,225345.0,221204.0,234.7750696589775,220506.20833333334,18,15,73,4,0,0,-0.9978589232386036,0.06540312923014237,-0.433883739117558,-0.9009688679024191
2026-08-07 18:30:00,223111,219960.0,221149.0,223167.0,227614.0,220950.5,683.8481800322169,220503.10416666666,18,30,74,4,0,0,-0.9914448613738105,0.13052619222005127,-0.433883739117558,-0.9009688679024191
2026-08-07 18:45:00,225528,223111.0,221532.0,226370.0,230603.0,221441.0,1299.8643518972933,220502.52083333334,18,45,75,4,0,0,-0.9807852804032304,0.1950903220161283,-0.433883739117558,-0.9009688679024191
2026-08-07 19:00:00,227690,225528.0,221161.0,229140.0,233190.0,222440.0,2433.9423438802696,220493.75,19,0,76,4,0,0,-0.9659258262890684,0.2588190451025203,-0.433883739117558,-0.9009688679024191
2026-08-07 19:15:00,230520,227690.0,219960.0,231759.0,236594.0,224072.25,3318.7309195936177,220478.64583333334,19,15,77,4,0,0,-0.9469301294951057,0.3214394653031615,-0.433883739117558,-0.9009688679024191
2026-08-07 19:30:00,232259,230520.0,223111.0,234597.0,234301.0,226712.25,3153.1151131328365,220465.73958333334,19,30,78,4,0,0,-0.923879532511287,0.38268343236508917,-0.433883739117558,-0.9009688679024191
2026-08-07 19:45:00,233185,232259.0,225528.0,235332.0,239985.0,228999.25,2983.4187743817306,220441.38541666666,19,45,79,4,0,0,-0.8968727415326884,0.442288690219001,-0.433883739117558,-0.9009688679024191
2026-08-07 20:00:00,232197,233185.0,227690.0,233770.0,239761.0,230913.5,2416.324826397871,220419.02083333334,20,0,80,4,0,0,-0.8660254037844386,0.5000000000000001,-0.433883739117558,-0.9009688679024191
2026-08-07 20:15:00,230137,232197.0,230520.0,233549.0,239171.0,232040.25,1109.659820245242,220402.63541666666,20,15,81,4,0,0,-0.8314696123025455,0.5555702330196018,-0.433883739117558,-0.9009688679024191
2026-08-07 20:30:00,229650,230137.0,232259.0,233130.0,238917.0,231944.5,1286.9295500013598,220367.09375,20,30,82,4,0,0,-0.7933533402912357,0.6087614290087199,-0.433883739117558,-0.9009688679024191
2026-08-07 20:45:00,229129,229650.0,233185.0,232983.0,238586.0,231292.25,1676.5701844340915,220330.84375,20,45,83,4,0,0,-0.7518398074789772,0.6593458151000691,-0.433883739117558,-0.9009688679024191
2026-08-07 21:00:00,228296,229129.0,232197.0,232911.0,238172.0,230278.25,1343.7542868148823,220290.69791666666,21,0,84,4,0,0,-0.7071067811865477,0.7071067811865474,-0.433883739117558,-0.9009688679024191
2026-08-07 21:15:00,228238,228296.0,230137.0,232690.0,234508.0,229303.0,787.4621684034711,220242.625,21,15,85,4,0,0,-0.6593458151000687,0.7518398074789775,-0.433883739117558,-0.9009688679024191
2026-08-07 21:30:00,227951,228238.0,229650.0,232135.0,237138.0,228828.25,682.4975579932112,220196.25,21,30,86,4,0,0,-0.608761429008721,0.7933533402912349,-0.433883739117558,-0.9009688679024191
2026-08-07 21:45:00,227251,227951.0,229129.0,231501.0,237206.0,228403.5,506.64024053895236,220152.66666666666,21,45,87,4,0,0,-0.555570233019603,0.8314696123025447,-0.433883739117558,-0.9009688679024191
2026-08-07 22:00:00,226531,227251.0,228296.0,230197.0,236680.0,227934.0,479.66585591780756,220108.39583333334,22,0,88,4,0,0,-0.5000000000000004,0.8660254037844384,-0.433883739117558,-0.9009688679024191
2026-08-07 22:15:00,227238,226531.0,228238.0,230845.0,236708.0,227492.75,763.5000000000222,220070.20833333334,22,15,89,4,0,0,-0.4422886902190014,0.8968727415326883,-0.433883739117558,-0.9009688679024191
2026-08-07 22:30:00,226827,227238.0,227951.0,230333.0,236982.0,227242.75,579.740387299956,220032.63541666666,22,30,90,4,0,0,-0.38268343236508956,0.9238795325112868,-0.433883739117558,-0.9009688679024191
2026-08-07 22:45:00,226187,226827.0,227251.0,229192.0,235612.0,226961.75,348.17751698432056,219996.11458333334,22,45,91,4,0,0,-0.32143946530316186,0.9469301294951056,-0.433883739117558,-0.9009688679024191
2026-08-07 23:00:00,224363,226187.0,226531.0,227547.0,234093.0,226695.75,446.1803633808897,219964.8125,23,0,92,4,0,0,-0.25881904510252157,0.9659258262890681,-0.433883739117558,-0.9009688679024191
2026-08-07 23:15:00,223001,224363.0,227238.0,225227.0,232530.0,226153.75,1269.744692185545,219931.64583333334,23,15,93,4,0,0,-0.19509032201612872,0.9807852804032303,-0.433883739117558,-0.9009688679024191
2026-08-07 23:30:00,221030,223001.0,226827.0,223140.0,229523.0,225094.5,1742.8852515297847,219908.45833333334,23,30,94,4,0,0,-0.13052619222005168,0.9914448613738104,-0.433883739117558,-0.9009688679024191
2026-08-07 23:45:00,219299,221030.0,226187.0,220895.0,226946.0,223645.25,2177.9385321904842,219886.47916666666,23,45,95,4,0,0,-0.0654031292301428,0.9978589232386035,-0.433883739117558,-0.9009688679024191
2026-08-08 00:00:00,216979,219299.0,224363.0,218662.0,223970.0,221923.25,2220.9989306616158,219869.85416666666,0,0,0,5,1,0,0.0,1.0,-0.9749279121818236,-0.2225209339563146
2026-08-08 00:15:00,215342,216979.0,223001.0,216861.0,222469.0,220077.25,2560.004736323752,219852.32291666666,0,15,1,5,1,0,0.06540312923014306,0.9978589232386035,-0.9749279121818236,-0.2225209339563146
2026-08-08 00:30:00,213770,215342.0,221030.0,215515.0,220680.0,218162.5,2507.9926235936227,219836.5,0,30,2,5,1,0,0.13052619222005157,0.9914448613738104,-0.9749279121818236,-0.2225209339563146
2026-08-08 00:45:00,212109,213770.0,219299.0,213777.0,218911.0,216347.5,2363.9431042222664,219818.32291666666,0,45,3,5,1,0,0.19509032201612825,0.9807852804032304,-0.9749279121818236,-0.2225209339563146
2026-08-08 01:00:00,210423,212109.0,216979.0,211706.0,216910.0,214550.0,2089.19330524168,219800.94791666666,1,0,4,5,1,0,0.25881904510252074,0.9659258262890683,-0.9749279121818236,-0.2225209339563146
2026-08-08 01:15:00,208610,210423.0,215342.0,209809.0,215079.0,212911.0,2119.826250741635,219787.58333333334,1,15,5,5,1,0,0.3214394653031616,0.9469301294951057,-0.9749279121818236,-0.2225209339563146
2026-08-08 01:30:00,207352,208610.0,213770.0,208368.0,213664.0,211228.0,2216.594535167251,219775.09375,1,30,6,5,1,0,0.3826834323650898,0.9238795325112867,-0.9749279121818236,-0.2225209339563146
2026-08-08 01:45:00,205732,207352.0,212109.0,206922.0,211657.0,209623.5,2081.9706209902765,219764.51041666666,1,45,7,5,1,0,0.44228869021900125,0.8968727415326884,-0.9749279121818236,-0.2225209339563146
2026-08-08 02:00:00,204178,205732.0,210423.0,205561.0,210198.0,208029.25,1983.5435252765787,219752.11458333334,2,0,8,5,1,0,0.49999999999999994,0.8660254037844387,-0.9749279121818236,-0.2225209339563146
2026-08-08 02:15:00,203283,204178.0,208610.0,203988.0,208776.0,206468.0,1928.333995966463,219737.70833333334,2,15,9,5,1,0,0.5555702330196022,0.8314696123025452,-0.9749279121818236,-0.2225209339563146
2026-08-08 02:30:00,202288,203283.0,207352.0,203097.0,207949.0,205136.25,1790.4603458328772,219730.36458333334,2,30,10,5,1,0,0.6087614290087207,0.7933533402912352,-0.9749279121818236,-0.2225209339563146
2026-08-08 02:45:00,201643,202288.0,205732.0,202471.0,207071.0,203870.25,1461.6429967676697,219721.9375,2,45,11,5,1,0,0.6593458151000688,0.7518398074789774,-0.9749279121818236,-0.2225209339563146
2026-08-08 03:00:00,200726,201643.0,204178.0,201849.0,206123.0,202848.0,1114.1139977578437,219713.3125,3,0,12,5,1,0,0.7071067811865476,0.7071067811865476,-0.9749279121818236,-0.2225209339563146
2026-08-08 03:15:00,200137,200726.0,203283.0,201604.0,205131.0,201985.0,1076.8252721155009,219701.61458333334,3,15,13,5,1,0,0.7518398074789774,0.6593458151000688,-0.9749279121818236,-0.2225209339563146
2026-08-08 03:30:00,199580,200137.0,202288.0,200849.0,204197.0,201198.5,954.7476106280463,219686.33333333334,3,30,14,5,1,0,0.7933533402912352,0.6087614290087207,-0.9749279121818236,-0.2225209339563146
2026-08-08 03:45:00,199267,199580.0,201643.0,199760.0,203144.0,200521.5,882.0137942987647,219673.11458333334,3,45,15,5,1,0,0.8314696123025451,0.5555702330196024,-0.9749279121818236,-0.2225209339563146
2026-08-08 04:00:00,198001,199267.0,200726.0,199178.0,202065.0,199927.5,642.5234107278098,219667.97916666666,4,0,16,5,1,0,0.8660254037844386,0.5000000000000001,-0.9749279121818236,-0.2225209339563146
2026-08-08 04:15:00,198952,198001.0,200137.0,199864.0,201959.0,199246.25,904.7840902668278,219655.71875,4,15,17,5,1,0,0.8968727415326884,0.44228869021900125,-0.9749279121818236,-0.2225209339563146
2026-08-08 04:30:00,199125,198952.0,199580.0,200605.0,202185.0,198950.0,682.6404617366114,219646.21875,4,30,18,5,1,0,0.9238795325112867,0.38268343236508984,-0.9749279121818236,-0.2225209339563146
2026-08-08 04:45:00,199740,199125.0,199267.0,201110.0,202793.0,198836.25,571.5367442255782,219630.80208333334,4,45,19,5,1,0,0.9469301294951056,0.3214394653031617,-0.9749279121818236,-0.2225209339563146
2026-08-08 05:00:00,201089,199740.0,198001.0,202308.0,203644.0,198954.5,720.0113425032334,219616.53125,5,0,20,5,1,0,0.9659258262890683,0.25881904510252074,-0.9749279121818236,-0.2225209339563146
2026-08-08 05:15:00,203042,201089.0,198952.0,204519.0,205977.0,199726.5,969.2335459870518,219603.83333333334,5,15,21,5,1,0,0.9807852804032304,0.19509032201612833,-0.9749279121818236,-0.2225209339563146
2026-08-08 05:30:00,204370,203042.0,199125.0,206228.0,207771.0,200749.0,1734.830058920271,219588.44791666666,5,30,22,5,1,0,0.9914448613738104,0.1305261922200517,-0.9749279121818236,-0.2225209339563146
2026-08-08 05:45:00,205770,204370.0,199740.0,207838.0,209512.0,202060.25,2051.4762773833463,219569.09375,5,45,23,5,1,0,0.9978589232386035,0.06540312923014327,-0.9749279121818236,-0.2225209339563146
2026-08-08 06:00:00,207210,205770.0,201089.0,210345.0,210987.0,203567.75,1992.8308800966145,219547.55208333334,6,0,24,5,1,0,1.0,6.123233995736766e-17,-0.9749279121818236,-0.2225209339563146
2026-08-08 06:15:00,208962,207210.0,203042.0,213499.0,213859.0,205098.0,1795.2945904966814,219514.89583333334,6,15,25,5,1,0,0.9978589232386035,-0.06540312923014314,-0.9749279121818236,-0.2225209339563146
2026-08-08 06:30:00,212174,208962.0,204370.0,216513.0,217096.0,206578.0,1967.316954636432,219467.63541666666,6,30,26,5,1,0,0.9914448613738104,-0.1305261922200516,-0.9749279121818236,-0.2225209339563146
2026-08-08 06:45:00,212975,212174.0,205770.0,218314.0,219294.0,208529.0,2758.342255776097,219422.4375,6,45,27,5,1,0,0.9807852804032304,-0.1950903220161282,-0.9749279121818236,-0.2225209339563146
2026-08-08 07:00:00,212724,212975.0,207210.0,218373.0,219513.0,210330.25,2708.1472602746912,219366.82291666666,7,0,28,5,1,0,0.9659258262890683,-0.25881904510252063,-0.9749279121818236,-0.2225209339563146
2026-08-08 07:15:00,213511,212724.0,208962.0,219313.0,219795.0,211708.75,1861.4702746305948,219307.97916666666,7,15,29,5,1,0,0.9469301294951057,-0.3214394653031616,-0.9749279121818236,-0.2225209339563146
2026-08-08 07:30:00,213537,213511.0,212174.0,219498.0,219846.0,212846.0,555.3779493881842,219247.54166666666,7,30,30,5,1,0,0.9238795325112868,-0.3826834323650895,-0.9749279121818236,-0.2225209339563146
2026-08-08 07:45:00,213144,213537.0,212975.0,218532.0,219028.0,213186.75,402.8187143947319,219185.44791666666,7,45,31,5,1,0,0.8968727415326884,-0.44228869021900113,-0.9749279121818236,-0.2225209339563146
2026-08-08 08:00:00,212465,213144.0,212724.0,217648.0,217280.0,213229.0,381.504914778247,219129.32291666666,8,0,32,5,1,0,0.8660254037844387,-0.4999999999999998,-0.9749279121818236,-0.2225209339563146
2026-08-08 08:15:00,214620,212465.0,213511.0,219233.0,219514.0,213164.25,499.51267918504806,219075.33333333334,8,15,33,5,1,0,0.8314696123025451,-0.5555702330196023,-0.9749279121818236,-0.2225209339563146
2026-08-08 08:30:00,216728,214620.0,213537.0,220780.0,221185.0,213441.5,901.857527550755,219027.28125,8,30,34,5,1,0,0.7933533402912352,-0.6087614290087207,-0.9749279121818236,-0.2225209339563146
2026-08-08 08:45:00,218679,216728.0,213144.0,222096.0,221954.0,214239.25,1887.3599506541675,218985.07291666666,8,45,35,5,1,0,0.7518398074789774,-0.6593458151000688,-0.9749279121818236,-0.2225209339563146
2026-08-08 09:00:00,219903,218679.0,212465.0,223346.0,222771.0,215623.0,2679.498336131838,218949.47916666666,9,0,36,5,1,0,0.7071067811865476,-0.7071067811865475,-0.9749279121818236,-0.2225209339563146
2026-08-08 09:15:00,223410,219903.0,214620.0,227354.0,226021.0,217482.5,2313.2667377542034,218913.61458333334,9,15,37,5,1,0,0.659345815100069,-0.7518398074789773,-0.9749279121818236,-0.2225209339563146
2026-08-08 09:30:00,224415,223410.0,216728.0,229095.0,226963.0,219680.0,2809.4444290642227,218872.53125,9,30,38,5,1,0,0.6087614290087209,-0.793353340291235,-0.9749279121818236,-0.2225209339563146
2026-08-08 09:45:00,225367,224415.0,218679.0,230435.0,227210.0,221601.75,2745.442450680763,218823.78125,9,45,39,5,1,0,0.5555702330196025,-0.831469612302545,-0.9749279121818236,-0.2225209339563146
2026-08-08 10:00:00,224513,225367.0,219903.0,230220.0,228121.0,223273.75,2384.9994234800133,218770.98958333334,10,0,40,5,1,0,0.49999999999999994,-0.8660254037844387,-0.9749279121818236,-0.2225209339563146
2026-08-08 10:15:00,225045,224513.0,223410.0,230806.0,227928.0,224426.25,801.1297751716951,218711.54166666666,10,15,41,5,1,0,0.4422886902190017,-0.8968727415326881,-0.9749279121818236,-0.2225209339563146
2026-08-08 10:30:00,223764,225045.0,224415.0,230448.0,228393.0,224835.0,449.89183885312997,218651.53125,10,30,42,5,1,0,0.3826834323650899,-0.9238795325112867,-0.9749279121818236,-0.2225209339563146
2026-08-08 10:45:00,222911,223764.0,225367.0,229703.0,228264.0,224672.25,700.4519374422849,218581.90625,10,45,43,5,1,0,0.32143946530316175,-0.9469301294951056,-0.9749279121818236,-0.2225209339563146
2026-08-08 11:00:00,222863,222911.0,224513.0,229657.0,228838.0,224058.25,927.9437393146803,218511.15625,11,0,44,5,1,0,0.258819045102521,-0.9659258262890682,-0.9749279121818236,-0.2225209339563146
2026-08-08 11:15:00,222480,222863.0,225045.0,228513.0,227533.0,223645.75,1020.5290703029029,218440.38541666666,11,15,45,5,1,0,0.19509032201612816,-0.9807852804032304,-0.9749279121818236,-0.2225209339563146
2026-08-08 11:30:00,222203,222480.0,223764.0,229156.0,227357.0,223004.5,541.8194656279096,218377.54166666666,11,30,46,5,1,0,0.130526192220052,-0.9914448613738104,-0.9749279121818236,-0.2225209339563146
2026-08-08 11:45:00,221527,222203.0,222911.0,229188.0,227312.0,222614.25,335.2047881519356,218305.11458333334,11,45,47,5,1,0,0.06540312923014312,-0.9978589232386035,-0.9749279121818236,-0.2225209339563146
2026-08-08 12:00:00,221738,221527.0,222863.0,228190.0,227981.0,222268.25,563.4047538552137,218225.3125,12,0,48,5,1,0,1.2246467991473532e-16,-1.0,-0.9749279121818236,-0.2225209339563146
2026-08-08 12:15:00,220986,221738.0,222480.0,227121.0,226218.0,221987.0,433.32282038528047,218158.10416666666,12,15,49,5,1,0,-0.06540312923014287,-0.9978589232386035,-0.9749279121818236,-0.2225209339563146
2026-08-08 12:30:00,220762,220986.0,222203.0,225993.0,225558.0,221613.5,504.72731912058254,218094.19791666666,12,30,50,5,1,0,-0.13052619222005177,-0.9914448613738104,-0.9749279121818236,-0.2225209339563146
2026-08-08 12:45:00,220069,220762.0,221527.0,225158.0,225228.0,221253.25,455.5841488316405,218039.70833333334,12,45,51,5,1,0,-0.19509032201612792,-0.9807852804032305,-0.9749279121818236,-0.2225209339563146
2026-08-08 13:00:00,218655,220069.0,221738.0,222737.0,223140.0,220888.75,687.6866413321189,217986.69791666666,13,0,52,5,1,0,-0.2588190451025208,-0.9659258262890683,-0.9749279121818236,-0.2225209339563146
2026-08-08 13:15:00,216194,218655.0,220986.0,220338.0,220410.0,220118.0,1050.5443033653123,217944.17708333334,13,15,53,5,1,0,-0.32143946530316153,-0.9469301294951057,-0.9749279121818236,-0.2225209339563146
2026-08-08 13:30:00,216463,216194.0,220762.0,220740.0,220661.0,218920.0,2017.7930187872666,217901.01041666666,13,30,54,5,1,0,-0.38268343236508967,-0.9238795325112868,-0.9749279121818236,-0.2225209339563146
2026-08-08 13:45:00,218829,216463.0,220069.0,221355.0,222249.0,217845.25,1847.3404983019861,217856.45833333334,13,45,55,5,1,0,-0.44228869021900147,-0.8968727415326883,-0.9749279121818236,-0.2225209339563146
2026-08-08 14:00:00,218946,218829.0,218655.0,220897.0,223205.0,217535.25,1399.5595438089194,217830.14583333334,14,0,56,5,1,0,-0.4999999999999997,-0.8660254037844388,-0.9749279121818236,-0.2225209339563146
2026-08-08 14:15:00,220494,218946.0,216194.0,222302.0,224251.0,217608.0,1482.2849478648263,217809.82291666666,14,15,57,5,1,0,-0.555570233019602,-0.8314696123025455,-0.9749279121818236,-0.2225209339563146
2026-08-08 14:30:00,222422,220494.0,216463.0,223348.0,224947.0,218683.0,1663.1903078120536,217790.98958333334,14,30,58,5,1,0,-0.6087614290087207,-0.7933533402912352,-0.9749279121818236,-0.2225209339563146
2026-08-08 14:45:00,222862,222422.0,218829.0,224482.0,225940.0,220172.75,1680.5660504722669,217781.34375,14,45,59,5,1,0,-0.6593458151000688,-0.7518398074789774,-0.9749279121818236,-0.2225209339563146
2026-08-08 15:00:00,223738,222862.0,218946.0,225878.0,227398.0,221181.0,1810.4360432411383,217764.46875,15,0,60,5,1,0,-0.7071067811865471,-0.7071067811865479,-0.9749279121818236,-0.2225209339563146
2026-08-08 15:15:00,224112,223738.0,220494.0,225044.0,226598.0,222379.0,1370.55268657087,217742.17708333334,15,15,61,5,1,0,-0.7518398074789773,-0.6593458151000691,-0.9749279121818236,-0.2225209339563146
2026-08-08 15:30:00,224694,224112.0,222422.0,224862.0,227026.0,223283.5,777.3517007549547,217732.46875,15,30,62,5,1,0,-0.7933533402912349,-0.6087614290087209,-0.9749279121818236,-0.2225209339563146
2026-08-08 15:45:00,225377,224694.0,222862.0,225333.0,226933.0,223851.5,768.0405805250741,217730.71875,15,45,63,5,1,0,-0.8314696123025452,-0.5555702330196022,-0.9749279121818236,-0.2225209339563146
2026-08-08 16:00:00,225461,225377.0,223738.0,224014.0,226894.0,224480.25,715.6332277547068,217731.17708333334,16,0,64,5,1,0,-0.8660254037844385,-0.5000000000000004,-0.9749279121818236,-0.2225209339563146
2026-08-08 16:15:00,223051,225461.0,224112.0,222425.0,225408.0,224911.0,633.8101713709641,217746.25,16,15,65,5,1,0,-0.8968727415326883,-0.44228869021900136,-0.9749279121818236,-0.2225209339563146
2026-08-08 16:30:00,223537,223051.0,224694.0,222689.0,225380.0,224645.75,1117.2756672668686,217752.77083333334,16,30,66,5,1,0,-0.9238795325112868,-0.3826834323650895,-0.9749279121818236,-0.2225209339563146
2026-08-08 16:45:00,222177,223537.0,225377.0,223192.0,225362.0,224356.5,1243.2820811598992,217761.60416666666,16,45,67,5,1,0,-0.9469301294951056,-0.3214394653031618,-0.9749279121818236,-0.2225209339563146
2026-08-08 17:00:00,221908,222177.0,225461.0,222500.0,225307.0,223556.5,1388.7705594037595,217751.03125,17,0,68,5,1,0,-0.9659258262890683,-0.25881904510252063,-0.9749279121818236,-0.2225209339563146
2026-08-08 17:15:00,220083,221908.0,223051.0,220974.0,223047.0,222668.25,757.3045952587083,217744.86458333334,17,15,69,5,1,0,-0.9807852804032303,-0.19509032201612866,-0.9749279121818236,-0.2225209339563146
2026-08-08 17:30:00,220271,220083.0,223537.0,221149.0,222572.0,221926.25,1420.71516615164,217735.58333333334,17,30,70,5,1,0,-0.9914448613738104,-0.13052619222005163,-0.9749279121818236,-0.2225209339563146
2026-08-08 17:45:00,219176,220271.0,222177.0,221532.0,222707.0,221109.75,1085.3482927920527,217726.4375,17,45,71,5,1,0,-0.9978589232386035,-0.06540312923014273,-0.9749279121818236,-0.2225209339563146
2026-08-08 18:00:00,220331,219176.0,221908.0,221161.0,222007.0,220359.5,1137.6597323745898,217701.89583333334,18,0,72,5,1,0,-1.0,-1.8369701987210297e-16,-0.9749279121818236,-0.2225209339563146
2026-08-08 18:15:00,219513,220331.0,220083.0,219960.0,220258.0,219965.25,536.6677277421855,217693.25,18,15,73,5,1,0,-0.9978589232386036,0.06540312923014237,-0.9749279121818236,-0.2225209339563146
2026-08-08 18:30:00,222610,219513.0,220271.0,223111.0,223167.0,219822.75,569.6422122700885,217688.59375,18,30,74,5,1,0,-0.9914448613738105,0.13052619222005127,-0.9749279121818236,-0.2225209339563146
2026-08-08 18:45:00,225715,222610.0,219176.0,225528.0,226370.0,220407.5,1546.348494572495,217683.375,18,45,75,5,1,0,-0.9807852804032304,0.1950903220161283,-0.9749279121818236,-0.2225209339563146
2026-08-08 19:00:00,228756,225715.0,220331.0,227690.0,229140.0,222042.25,2777.10369209841,217685.32291666666,19,0,76,5,1,0,-0.9659258262890684,0.2588190451025203,-0.9749279121818236,-0.2225209339563146
2026-08-08 19:15:00,232099,228756.0,219513.0,230520.0,231759.0,224148.5,3980.6959609260925,217696.42708333334,19,15,77,5,1,0,-0.9469301294951057,0.3214394653031615,-0.9749279121818236,-0.2225209339563146
2026-08-08 19:30:00,234449,232099.0,222610.0,232259.0,234597.0,227295.0,4068.519878284977,217712.875,19,30,78,5,1,0,-0.923879532511287,0.38268343236508917,-0.9749279121818236,-0.2225209339563146
2026-08-08 19:45:00,235712,234449.0,225715.0,233185.0,235332.0,230254.75,3823.1127261260167,217735.6875,19,45,79,5,1,0,-0.8968727415326884,0.442288690219001,-0.9749279121818236,-0.2225209339563146
2026-08-08 20:00:00,234374,235712.0,228756.0,232197.0,233770.0,232754.0,3057.0038708949487,217762.01041666666,20,0,80,5,1,0,-0.8660254037844386,0.5000000000000001,-0.9749279121818236,-0.2225209339563146
2026-08-08 20:15:00,233419,234374.0,232099.0,230137.0,233549.0,234158.5,1503.965092680029,217784.6875,20,15,81,5,1,0,-0.8314696123025455,0.5555702330196018,-0.9749279121818236,-0.2225209339563146
2026-08-08 20:30:00,233381,233419.0,234449.0,229650.0,233130.0,234488.5,940.8246382828462,217818.875,20,30,82,5,1,0,-0.7933533402912357,0.6087614290087199,-0.9749279121818236,-0.2225209339563146
2026-08-08 20:45:00,233230,233381.0,235712.0,229129.0,232983.0,234221.5,1094.7287335226229,217857.73958333334,20,45,83,5,1,0,-0.7518398074789772,0.6593458151000691,-0.9749279121818236,-0.2225209339563146
2026-08-08 21:00:00,232107,233230.0,234374.0,228296.0,232911.0,233601.0,521.7579259899873,217900.45833333334,21,0,84,5,1,0,-0.7071067811865477,0.7071067811865474,-0.9749279121818236,-0.2225209339563146
2026-08-08 21:15:00,231667,232107.0,233419.0,228238.0,232690.0,233034.25,623.5326107483969,217940.15625,21,15,85,5,1,0,-0.6593458151000687,0.7518398074789775,-0.9749279121818236,-0.2225209339563146
2026-08-08 21:30:00,231316,231667.0,233381.0,227951.0,232135.0,232596.25,840.7026327226007,217975.875,21,30,86,5,1,0,-0.608761429008721,0.7933533402912349,-0.9749279121818236,-0.2225209339563146
2026-08-08 21:45:00,229924,231316.0,233230.0,227251.0,231501.0,232080.0,832.1646471702823,218010.92708333334,21,45,87,5,1,0,-0.555570233019603,0.8314696123025447,-0.9749279121818236,-0.2225209339563146
2026-08-08 22:00:00,230351,229924.0,232107.0,226531.0,230197.0,231253.5,943.5608088512538,218038.77083333334,22,0,88,5,1,0,-0.5000000000000004,0.8660254037844384,-0.9749279121818236,-0.2225209339563146
2026-08-08 22:15:00,230247,230351.0,231667.0,227238.0,230845.0,230814.5,813.6504163337178,218078.5625,22,15,89,5,1,0,-0.4422886902190014,0.8968727415326883,-0.9749279121818236,-0.2225209339563146
2026-08-08 22:30:00,230248,230247.0,231316.0,226827.0,230333.0,230459.5,599.2442462524796,218109.90625,22,30,90,5,1,0,-0.38268343236508956,0.9238795325112868,-0.9749279121818236,-0.2225209339563146
2026-08-08 22:45:00,229818,230248.0,229924.0,226187.0,229192.0,230192.5,185.53077013450456,218145.54166666666,22,45,91,5,1,0,-0.32143946530316186,0.9469301294951056,-0.9749279121818236,-0.2225209339563146
2026-08-08 23:00:00,228113,229818.0,230351.0,224363.0,227547.0,230166.0,237.0752341909681,218183.36458333334,23,0,92,5,1,0,-0.25881904510252157,0.9659258262890681,-0.9749279121818236,-0.2225209339563146
2026-08-08 23:15:00,226440,228113.0,230247.0,223001.0,225227.0,229606.5,1016.0441263383731,218222.42708333334,23,15,93,5,1,0,-0.19509032201612872,0.9807852804032303,-0.9749279121818236,-0.2225209339563146
2026-08-08 23:30:00,224849,226440.0,230248.0,221030.0,223140.0,228654.75,1740.7093142356387,218258.25,23,30,94,5,1,0,-0.13052619222005168,0.9914448613738104,-0.9749279121818236,-0.2225209339563146
2026-08-08 23:45:00,223087,224849.0,229818.0,219299.0,220895.0,227305.0,2140.7314949178844,218298.03125,23,45,95,5,1,0,-0.0654031292301428,0.9978589232386035,-0.9749279121818236,-0.2225209339563146
2026-08-09 00:00:00,220460,223087.0,228113.0,216979.0,218662.0,225622.25,2152.3598483215374,218337.48958333334,0,0,0,6,1,0,0.0,1.0,-0.7818314824680299,0.6234898018587334
2026-08-09 00:15:00,219138,220460.0,226440.0,215342.0,216861.0,223709.0,2562.605835212804,218373.75,0,15,1,6,1,0,0.06540312923014306,0.9978589232386035,-0.7818314824680299,0.6234898018587334
2026-08-09 00:30:00,218121,219138.0,224849.0,213770.0,215515.0,221883.5,2569.4827624770505,218413.29166666666,0,30,2,6,1,0,0.13052619222005157,0.9914448613738104,-0.7818314824680299,0.6234898018587334
2026-08-09 00:45:00,216505,218121.0,223087.0,212109.0,213777.0,220201.5,2148.8326288165613,218458.61458333334,0,45,3,6,1,0,0.19509032201612825,0.9807852804032304,-0.7818314824680299,0.6234898018587334
2026-08-09 01:00:00,213953,216505.0,220460.0,210423.0,211706.0,218556.0,1669.3078405934232,218504.40625,1,0,4,6,1,0,0.25881904510252074,0.9659258262890683,-0.7818314824680299,0.6234898018587334
2026-08-09 01:15:00,212624,213953.0,219138.0,208610.0,209809.0,216929.25,2261.039344342927,218541.17708333334,1,15,5,6,1,0,0.3214394653031616,0.9469301294951057,-0.7818314824680299,0.6234898018587334
2026-08-09 01:30:00,211128,212624.0,218121.0,207352.0,208368.0,215300.75,2475.577289576452,218582.98958333334,1,30,6,6,1,0,0.3826834323650898,0.9238795325112867,-0.7818314824680299,0.6234898018587334
2026-08-09 01:45:00,210080,211128.0,216505.0,205732.0,206922.0,213552.5,2281.663793521446,218622.32291666666,1,45,7,6,1,0,0.44228869021900125,0.8968727415326884,-0.7818314824680299,0.6234898018587334
2026-08-09 02:00:00,208832,210080.0,213953.0,204178.0,205561.0,211946.25,1696.939671879948,218667.61458333334,2,0,8,6,1,0,0.49999999999999994,0.8660254037844387,-0.7818314824680299,0.6234898018587334
2026-08-09 02:15:00,207055,208832.0,212624.0,203283.0,203988.0,210666.0,1607.7064408653835,218716.09375,2,15,9,6,1,0,0.5555702330196022,0.8314696123025452,-0.7818314824680299,0.6234898018587334
2026-08-09 02:30:00,206270,207055.0,211128.0,202288.0,203097.0,209273.75,1751.78734915706,218755.38541666666,2,30,10,6,1,0,0.6087614290087207,0.7933533402912352,-0.7818314824680299,0.6234898018587334
2026-08-09 02:45:00,205298,206270.0,210080.0,201643.0,202471.0,208059.25,1721.4825732490121,218796.86458333334,2,45,11,6,1,0,0.6593458151000688,0.7518398074789774,-0.7818314824680299,0.6234898018587334
2026-08-09 03:00:00,204453,205298.0,208832.0,200726.0,201849.0,206863.75,1496.0722743236802,218834.9375,3,0,12,6,1,0,0.7071067811865476,0.7071067811865476,-0.7818314824680299,0.6234898018587334
2026-08-09 03:15:00,203746,204453.0,207055.0,200137.0,201604.0,205769.0,1134.0920009711226,218873.76041666666,3,15,13,6,1,0,0.7518398074789774,0.6593458151000688,-0.7818314824680299,0.6234898018587334
2026-08-09 03:30:00,202781,203746.0,206270.0,199580.0,200849.0,204941.75,1089.320392110004,218911.35416666666,3,30,14,6,1,0,0.7933533402912352,0.6087614290087207,-0.7818314824680299,0.6234898018587334
2026-08-09 03:45:00,201772,202781.0,205298.0,199267.0,199760.0,204069.5,1067.8902877480873,218944.69791666666,3,45,15,6,1,0,0.8314696123025451,0.5555702330196024,-0.7818314824680299,0.6234898018587334
2026-08-09 04:00:00,201552,201772.0,204453.0,198001.0,199178.0,203188.0,1166.518181027065,218970.79166666666,4,0,16,6,1,0,0.8660254037844386,0.5000000000000001,-0.7818314824680299,0.6234898018587334
2026-08-09 04:15:00,202126,201552.0,203746.0,198952.0,199864.0,202462.75,1009.0614038138115,219007.78125,4,15,17,6,1,0,0.8968727415326884,0.44228869021900125,-0.7818314824680299,0.6234898018587334
2026-08-09 04:30:00,202117,202126.0,202781.0,199125.0,200605.0,202057.75,537.0241304324228,219040.84375,4,30,18,6,1,0,0.9238795325112867,0.38268343236508984,-0.7818314824680299,0.6234898018587334
2026-08-09 04:45:00,202971,202117.0,201772.0,199740.0,201110.0,201891.75,280.1075686232552,219072.01041666666,4,45,19,6,1,0,0.9469301294951056,0.3214394653031617,-0.7818314824680299,0.6234898018587334
2026-08-09 05:00:00,203352,202971.0,201552.0,201089.0,202308.0,202191.5,584.9276308513455,219105.66666666666,5,0,20,6,1,0,0.9659258262890683,0.25881904510252074,-0.7818314824680299,0.6234898018587334
2026-08-09 05:15:00,205161,203352.0,202126.0,203042.0,204519.0,202641.5,620.2744016428312,219129.23958333334,5,15,21,6,1,0,0.9807852804032304,0.19509032201612833,-0.7818314824680299,0.6234898018587334
2026-08-09 05:30:00,205947,205161.0,202117.0,204370.0,206228.0,203400.25,1282.387714382835,219151.3125,5,30,22,6,1,0,0.9914448613738104,0.1305261922200517,-0.7818314824680299,0.6234898018587334
2026-08-09 05:45:00,206615,205947.0,202971.0,205770.0,207838.0,204357.75,1426.5967369933353,219167.73958333334,5,45,23,6,1,0,0.9978589232386035,0.06540312923014327,-0.7818314824680299,0.6234898018587334
2026-08-09 06:00:00,206210,206615.0,203352.0,207210.0,210345.0,205268.75,1409.249534326704,219176.54166666666,6,0,24,6,1,0,1.0,6.123233995736766e-17,-0.7818314824680299,0.6234898018587334
2026-08-09 06:15:00,206475,206210.0,205161.0,208962.0,213499.0,205983.25,613.1701096216058,219166.125,6,15,25,6,1,0,0.9978589232386035,-0.06540312923014314,-0.7818314824680299,0.6234898018587334
2026-08-09 06:30:00,207523,206475.0,205947.0,212174.0,216513.0,206311.75,295.5259435876466,219140.21875,6,30,26,6,1,0,0.9914448613738104,-0.1305261922200516,-0.7818314824680299,0.6234898018587334
2026-08-09 06:45:00,208064,207523.0,206615.0,212975.0,218314.0,206705.75,570.1306136901425,219091.77083333334,6,45,27,6,1,0,0.9807852804032304,-0.1950903220161282,-0.7818314824680299,0.6234898018587334
2026-08-09 07:00:00,208220,208064.0,206210.0,212724.0,218373.0,207068.0,873.0891516143688,219040.61458333334,7,0,28,6,1,0,0.9659258262890683,-0.25881904510252063,-0.7818314824680299,0.6234898018587334
2026-08-09 07:15:00,207990,208220.0,206475.0,213511.0,219313.0,207570.5,789.0435137980023,218993.69791666666,7,15,29,6,1,0,0.9469301294951057,-0.3214394653031616,-0.7818314824680299,0.6234898018587334
2026-08-09 07:30:00,207919,207990.0,207523.0,213537.0,219498.0,207949.25,299.9015116112321,218936.1875,7,30,30,6,1,0,0.9238795325112868,-0.3826834323650895,-0.7818314824680299,0.6234898018587334
2026-08-09 07:45:00,207398,207919.0,208064.0,213144.0,218532.0,208048.25,128.89886216216578,218877.66666666666,7,45,31,6,1,0,0.8968727415326884,-0.44228869021900113,-0.7818314824680299,0.6234898018587334
2026-08-09 08:00:00,207126,207398.0,208220.0,212465.0,217648.0,207881.75,347.14682292468274,218817.8125,8,0,32,6,1,0,0.8660254037844387,-0.4999999999999998,-0.7818314824680299,0.6234898018587334
2026-08-09 08:15:00,209347,207126.0,207990.0,214620.0,219233.0,207608.25,415.9602344776493,218762.19791666666,8,15,33,6,1,0,0.8314696123025451,-0.5555702330196023,-0.7818314824680299,0.6234898018587334
2026-08-09 08:30:00,210841,209347.0,207919.0,216728.0,220780.0,207947.5,989.3137352057238,218707.27083333334,8,30,34,6,1,0,0.7933533402912352,-0.6087614290087207,-0.7818314824680299,0.6234898018587334
2026-08-09 08:45:00,212825,210841.0,207398.0,218679.0,222096.0,208678.0,1748.640805502005,218645.94791666666,8,45,35,6,1,0,0.7518398074789774,-0.6593458151000688,-0.7818314824680299,0.6234898018587334
2026-08-09 09:00:00,214527,212825.0,207126.0,219903.0,223346.0,210034.75,2406.197605490188,218584.96875,9,0,36,6,1,0,0.7071067811865476,-0.7071067811865475,-0.7818314824680299,0.6234898018587334
2026-08-09 09:15:00,217894,214527.0,209347.0,223410.0,227354.0,211885.0,2265.3288208705367,218528.96875,9,15,37,6,1,0,0.659345815100069,-0.7518398074789773,-0.7818314824680299,0.6234898018587334
2026-08-09 09:30:00,218688,217894.0,210841.0,224415.0,229095.0,214021.75,2988.8112882326136,218471.51041666666,9,30,38,6,1,0,0.6087614290087209,-0.793353340291235,-0.7818314824680299,0.6234898018587334
2026-08-09 09:45:00,220089,218688.0,212825.0,225367.0,230435.0,215983.5,2772.594753415417,218411.85416666666,9,45,39,6,1,0,0.5555702330196025,-0.831469612302545,-0.7818314824680299,0.6234898018587334
2026-08-09 10:00:00,219323,220089.0,214527.0,224513.0,230220.0,217799.5,2362.867537548394,218356.875,10,0,40,6,1,0,0.49999999999999994,-0.8660254037844387,-0.7818314824680299,0.6234898018587334
2026-08-09 10:15:00,218085,219323.0,217894.0,225045.0,230806.0,218998.5,932.8845945060232,218302.8125,10,15,41,6,1,0,0.4422886902190017,-0.8968727415326881,-0.7818314824680299,0.6234898018587334
2026-08-09 10:30:00,217385,218085.0,218688.0,223764.0,230448.0,219046.25,859.5081442313394,218230.3125,10,30,42,6,1,0,0.3826834323650899,-0.9238795325112867,-0.7818314824680299,0.6234898018587334
2026-08-09 10:45:00,217756,217385.0,220089.0,222911.0,229703.0,218720.5,1214.251346852591,218163.86458333334,10,45,43,6,1,0,0.32143946530316175,-0.9469301294951056,-0.7818314824680299,0.6234898018587334
2026-08-09 11:00:00,217172,217756.0,219323.0,222863.0,229657.0,218137.25,840.6276920650845,218110.16666666666,11,0,44,6,1,0,0.258819045102521,-0.9659258262890682,-0.7818314824680299,0.6234898018587334
2026-08-09 11:15:00,217296,217172.0,218085.0,222480.0,228513.0,217599.5,403.71978731128667,218050.88541666666,11,15,45,6,1,0,0.19509032201612816,-0.9807852804032304,-0.7818314824680299,0.6234898018587334
2026-08-09 11:30:00,217733,217296.0,217385.0,222203.0,229156.0,217402.25,251.48939672810985,217996.88541666666,11,30,46,6,1,0,0.130526192220052,-0.9914448613738104,-0.7818314824680299,0.6234898018587334
2026-08-09 11:45:00,218874,217733.0,217756.0,221527.0,229188.0,217489.25,299.2004623436746,217950.32291666666,11,45,47,6,1,0,0.06540312923014312,-0.9978589232386035,-0.7818314824680299,0.6234898018587334
2026-08-09 12:00:00,218367,218874.0,217172.0,221738.0,228190.0,217768.75,775.1255274685079,217922.6875,12,0,48,6,1,0,1.2246467991473532e-16,-1.0,-0.7818314824680299,0.6234898018587334
2026-08-09 12:15:00,217962,218367.0,217296.0,220986.0,227121.0,218067.5,694.5610124387937,217887.57291666666,12,15,49,6,1,0,-0.06540312923014287,-0.9978589232386035,-0.7818314824680299,0.6234898018587334
2026-08-09 12:30:00,218245,217962.0,217733.0,220762.0,225993.0,218234.0,500.7574263053957,217856.07291666666,12,30,50,6,1,0,-0.13052619222005177,-0.9914448613738104,-0.7818314824680299,0.6234898018587334
2026-08-09 12:45:00,217341,218245.0,218874.0,220069.0,225158.0,218362.0,381.1640066952857,217829.85416666666,12,45,51,6,1,0,-0.19509032201612792,-0.9807852804032305,-0.7818314824680299,0.6234898018587334
2026-08-09 13:00:00,215734,217341.0,218367.0,218655.0,222737.0,217978.75,457.7600353897307,217801.4375,13,0,52,6,1,0,-0.2588190451025208,-0.9659258262890683,-0.7818314824680299,0.6234898018587334
2026-08-09 13:15:00,213734,215734.0,217962.0,216194.0,220338.0,217320.5,1123.035321498548,217771.01041666666,13,15,53,6,1,0,-0.32143946530316153,-0.9469301294951057,-0.7818314824680299,0.6234898018587334
2026-08-09 13:30:00,214794,213734.0,218245.0,216463.0,220740.0,216263.5,1980.4114892281025,217745.38541666666,13,30,54,6,1,0,-0.38268343236508967,-0.9238795325112868,-0.7818314824680299,0.6234898018587334
2026-08-09 13:45:00,214821,214794.0,217341.0,218829.0,221355.0,215400.75,1529.9048717703563,217728.0,13,45,55,6,1,0,-0.44228869021900147,-0.8968727415326883,-0.7818314824680299,0.6234898018587334
2026-08-09 14:00:00,215386,214821.0,215734.0,218946.0,220897.0,214770.75,817.6728665344535,217686.25,14,0,56,6,1,0,-0.4999999999999997,-0.8660254037844388,-0.7818314824680299,0.6234898018587334
2026-08-09 14:15:00,215387,215386.0,213734.0,220494.0,222302.0,214683.75,689.4859800363381,217649.16666666666,14,15,57,6,1,0,-0.555570233019602,-0.8314696123025455,-0.7818314824680299,0.6234898018587334
2026-08-09 14:30:00,216120,215387.0,214794.0,222422.0,223348.0,215097.0,334.4677363613202,217595.96875,14,30,58,6,1,0,-0.6087614290087207,-0.7933533402912352,-0.7818314824680299,0.6234898018587334
2026-08-09 14:45:00,216929,216120.0,214821.0,222862.0,224482.0,215428.5,532.5276205669201,217530.32291666666,14,45,59,6,1,0,-0.6593458151000688,-0.7518398074789774,-0.7818314824680299,0.6234898018587334
2026-08-09 15:00:00,217994,216929.0,215386.0,223738.0,225878.0,215955.5,735.3649887414178,217468.52083333334,15,0,60,6,1,0,-0.7071067811865471,-0.7071067811865479,-0.7818314824680299,0.6234898018587334
2026-08-09 15:15:00,216878,217994.0,215387.0,224112.0,225044.0,216607.5,1118.4842421777755,217408.6875,15,15,61,6,1,0,-0.7518398074789773,-0.6593458151000691,-0.7818314824680299,0.6234898018587334
2026-08-09 15:30:00,217008,216878.0,216120.0,224694.0,224862.0,216980.25,770.4545736122208,217333.33333333334,15,30,62,6,1,0,-0.7933533402912349,-0.6087614290087209,-0.7818314824680299,0.6234898018587334
2026-08-09 15:45:00,217783,217008.0,216929.0,225377.0,225333.0,217202.25,530.5358140597004,217253.27083333334,15,45,63,6,1,0,-0.8314696123025452,-0.5555702330196022,-0.7818314824680299,0.6234898018587334
2026-08-09 16:00:00,215292,217783.0,217994.0,225461.0,224014.0,217415.75,555.1818771057405,217174.16666666666,16,0,64,6,1,0,-0.8660254037844385,-0.5000000000000004,-0.7818314824680299,0.6234898018587334
2026-08-09 16:15:00,212491,215292.0,216878.0,223051.0,222425.0,216740.25,1044.8956486973489,217068.23958333334,16,15,65,6,1,0,-0.8968727415326883,-0.44228869021900136,-0.7818314824680299,0.6234898018587334
2026-08-09 16:30:00,211949,212491.0,217008.0,223537.0,222689.0,215643.5,2345.2881130755195,216958.23958333334,16,30,66,6,1,0,-0.9238795325112868,-0.3826834323650895,-0.7818314824680299,0.6234898018587334
2026-08-09 16:45:00,212084,211949.0,217783.0,222177.0,223192.0,214378.75,2701.248399660174,216837.53125,16,45,67,6,1,0,-0.9469301294951056,-0.3214394653031618,-0.7818314824680299,0.6234898018587334
2026-08-09 17:00:00,210926,212084.0,215292.0,221908.0,222500.0,212954.0,1575.5991452989088,216732.39583333334,17,0,68,6,1,0,-0.9659258262890683,-0.25881904510252063,-0.7818314824680299,0.6234898018587334
2026-08-09 17:15:00,208688,210926.0,212491.0,220083.0,220974.0,211862.5,665.4795263567275,216618.0,17,15,69,6,1,0,-0.9807852804032303,-0.19509032201612866,-0.7818314824680299,0.6234898018587334
2026-08-09 17:30:00,208871,208688.0,211949.0,220271.0,221149.0,210911.75,1570.066320255286,216499.30208333334,17,30,70,6,1,0,-0.9914448613738104,-0.13052619222005163,-0.7818314824680299,0.6234898018587334
2026-08-09 17:45:00,208975,208871.0,212084.0,219176.0,221532.0,210142.25,1644.7468650220842,216380.55208333334,17,45,71,6,1,0,-0.9978589232386035,-0.06540312923014273,-0.7818314824680299,0.6234898018587334
2026-08-09 18:00:00,209754,208975.0,210926.0,220331.0,221161.0,209365.0,1047.4072751322547,216274.29166666666,18,0,72,6,1,0,-1.0,-1.8369701987210297e-16,-0.7818314824680299,0.6234898018587334
2026-08-09 18:15:00,209050,209754.0,208688.0,219513.0,219960.0,209072.0,469.890058063201,216164.11458333334,18,15,73,6,1,0,-0.9978589232386036,0.06540312923014237,-0.7818314824680299,0.6234898018587334
2026-08-09 18:30:00,211585,209050.0,208871.0,222610.0,223111.0,209162.5,401.10555551704647,216055.125,18,30,74,6,1,0,-0.9914448613738105,0.13052619222005127,-0.7818314824680299,0.6234898018587334
2026-08-09 18:45:00,215539,211585.0,208975.0,225715.0,225528.0,209841.0,1214.4603739933132,215940.28125,18,45,75,6,1,0,-0.9807852804032304,0.1950903220161283,-0.7818314824680299,0.6234898018587334
2026-08-09 19:00:00,219556,215539.0,209754.0,228756.0,227690.0,211482.0,2908.06155368142,215834.28125,19,0,76,6,1,0,-0.9659258262890684,0.2588190451025203,-0.7818314824680299,0.6234898018587334
2026-08-09 19:15:00,224250,219556.0,209050.0,232099.0,230520.0,213932.5,4602.6860635937355,215738.44791666666,19,15,77,6,1,0,-0.9469301294951057,0.3214394653031615,-0.7818314824680299,0.6234898018587334
2026-08-09 19:30:00,227270,224250.0,211585.0,234449.0,232259.0,217732.5,5428.50983235731,215656.6875,19,30,78,6,1,0,-0.923879532511287,0.38268343236508917,-0.7818314824680299,0.6234898018587334
2026-08-09 19:45:00,228786,227270.0,215539.0,235712.0,233185.0,221653.75,5166.349476822749,215581.90625,19,45,79,6,1,0,-0.8968727415326884,0.442288690219001,-0.7818314824680299,0.6234898018587334
2026-08-09 20:00:00,229398,228786.0,219556.0,234374.0,232197.0,224965.5,4069.4623313979323,215509.76041666666,20,0,80,6,1,0,-0.8660254037844386,0.5000000000000001,-0.7818314824680299,0.6234898018587334
2026-08-09 20:15:00,229301,229398.0,224250.0,233419.0,230137.0,227426.0,2298.5282247560185,215457.92708333334,20,15,81,6,1,0,-0.8314696123025455,0.5555702330196018,-0.7818314824680299,0.6234898018587334
2026-08-09 20:30:00,229751,229301.0,227270.0,233381.0,229650.0,228688.75,983.2250929128072,215415.03125,20,30,82,6,1,0,-0.7933533402912357,0.6087614290087199,-0.7818314824680299,0.6234898018587334
2026-08-09 20:45:00,229641,229751.0,228786.0,233230.0,229129.0,229309.0,398.6970445506267,215377.21875,20,45,83,6,1,0,-0.7518398074789772,0.6593458151000691,-0.7818314824680299,0.6234898018587334
2026-08-09 21:00:00,229285,229641.0,229398.0,232107.0,228296.0,229522.75,208.8194994089449,215339.83333333334,21,0,84,6,1,0,-0.7071067811865477,0.7071067811865474,-0.7818314824680299,0.6234898018587334
2026-08-09 21:15:00,229064,229285.0,229301.0,231667.0,228238.0,229494.5,237.0562521148429,215310.4375,21,15,85,6,1,0,-0.6593458151000687,0.7518398074789775,-0.7818314824680299,0.6234898018587334
2026-08-09 21:30:00,230658,229064.0,229751.0,231316.0,227951.0,229435.25,317.50734899642237,215283.32291666666,21,30,86,6,1,0,-0.608761429008721,0.7933533402912349,-0.7818314824680299,0.6234898018587334
2026-08-09 21:45:00,230683,230658.0,229641.0,229924.0,227251.0,229662.0,705.2635441214411,215276.46875,21,45,87,6,1,0,-0.555570233019603,0.8314696123025447,-0.7818314824680299,0.6234898018587334
2026-08-09 22:00:00,229767,230683.0,229285.0,230351.0,226531.0,229922.5,868.4754842059365,215284.375,22,0,88,6,1,0,-0.5000000000000004,0.8660254037844384,-0.7818314824680299,0.6234898018587334
2026-08-09 22:15:00,230761,229767.0,229064.0,230247.0,227238.0,230043.0,779.4104609682474,215278.29166666666,22,15,89,6,1,0,-0.4422886902190014,0.8968727415326883,-0.7818314824680299,0.6234898018587334
2026-08-09 22:30:00,230958,230761.0,230658.0,230248.0,226827.0,230467.25,468.88973472811114,215283.64583333334,22,30,90,6,1,0,-0.38268343236508956,0.9238795325112868,-0.7818314824680299,0.6234898018587334
2026-08-09 22:45:00,229641,230958.0,230683.0,229818.0,226187.0,230542.25,529.6296662134771,215291.04166666666,22,45,91,6,1,0,-0.32143946530316186,0.9469301294951056,-0.7818314824680299,0.6234898018587334
2026-08-09 23:00:00,228842,229641.0,229767.0,228113.0,224363.0,230281.75,673.9245135770536,215289.19791666666,23,0,92,6,1,0,-0.25881904510252157,0.9659258262890681,-0.7818314824680299,0.6234898018587334
2026-08-09 23:15:00,226695,228842.0,230761.0,226440.0,223001.0,230050.5,992.7283952152961,215296.79166666666,23,15,93,6,1,0,-0.19509032201612872,0.9807852804032303,-0.7818314824680299,0.6234898018587334
2026-08-09 23:30:00,225294,226695.0,230958.0,224849.0,221030.0,229034.0,1786.8044101132225,215299.44791666666,23,30,94,6,1,0,-0.13052619222005168,0.9914448613738104,-0.7818314824680299,0.6234898018587334
2026-08-09 23:45:00,223216,225294.0,229641.0,223087.0,219299.0,227618.0,1986.92475952162,215304.08333333334,23,45,95,6,1,0,-0.0654031292301428,0.9978589232386035,-0.7818314824680299,0.6234898018587334
2026-08-10 00:00:00,220969,223216.0,228842.0,220460.0,216979.0,226011.75,2367.0325128030454,215305.42708333334,0,0,0,0,0,0,0.0,1.0,0.0,1.0
2026-08-10 00:15:00,220190,220969.0,226695.0,219138.0,215342.0,224043.5,2498.7669625904264,215310.72916666666,0,15,1,0,0,0,0.06540312923014306,0.9978589232386035,0.0,1.0
2026-08-10 00:30:00,218381,220190.0,225294.0,218121.0,213770.0,222417.25,2307.3623288653007,215321.6875,0,30,2,0,0,0,0.13052619222005157,0.9914448613738104,0.0,1.0
2026-08-10 00:45:00,216587,218381.0,223216.0,216505.0,212109.0,220689.0,2003.3300610067695,215324.39583333334,0,45,3,0,0,0,0.19509032201612825,0.9807852804032304,0.0,1.0
2026-08-10 01:00:00,214822,216587.0,220969.0,213953.0,210423.0,219031.75,1957.4438050682418,215325.25,1,0,4,0,0,0,0.25881904510252074,0.9659258262890683,0.0,1.0
2026-08-10 01:15:00,213080,214822.0,220190.0,212624.0,208610.0,217495.0,2310.6574821898716,215334.30208333334,1,15,5,0,0,0,0.3214394653031616,0.9469301294951057,0.0,1.0
2026-08-10 01:30:00,211680,213080.0,218381.0,211128.0,207352.0,215717.5,2280.9785180926233,215339.05208333334,1,30,6,0,0,0,0.3826834323650898,0.9238795325112867,0.0,1.0
2026-08-10 01:45:00,209785,211680.0,216587.0,210080.0,205732.0,214042.25,2128.3728330973104,215344.80208333334,1,45,7,0,0,0,0.44228869021900125,0.8968727415326884,0.0,1.0
2026-08-10 02:00:00,208688,209785.0,214822.0,208832.0,204178.0,212341.75,2134.755001555605,215341.72916666666,2,0,8,0,0,0,0.49999999999999994,0.8660254037844387,0.0,1.0
2026-08-10 02:15:00,207948,208688.0,213080.0,207055.0,203283.0,210808.25,1954.7631356935985,215340.22916666666,2,15,9,0,0,0,0.5555702330196022,0.8314696123025452,0.0,1.0
2026-08-10 02:30:00,207266,207948.0,211680.0,206270.0,202288.0,209525.25,1622.6647579419077,215349.53125,2,30,10,0,0,0,0.6087614290087207,0.7933533402912352,0.0,1.0
2026-08-10 02:45:00,206463,207266.0,209785.0,205298.0,201643.0,208421.75,1078.507726753346,215359.90625,2,45,11,0,0,0,0.6593458151000688,0.7518398074789774,0.0,1.0
2026-08-10 03:00:00,206153,206463.0,208688.0,204453.0,200726.0,207591.25,950.2397504489828,215372.04166666666,3,0,12,0,0,0,0.7071067811865476,0.7071067811865476,0.0,1.0
2026-08-10 03:15:00,205554,206153.0,207948.0,203746.0,200137.0,206957.5,809.9409443492401,215389.75,3,15,13,0,0,0,0.7518398074789774,0.6593458151000688,0.0,1.0
2026-08-10 03:30:00,204677,205554.0,207266.0,202781.0,199580.0,206359.0,712.7238829542229,215408.58333333334,3,30,14,0,0,0,0.7933533402912352,0.6087614290087207,0.0,1.0
2026-08-10 03:45:00,203535,204677.0,206463.0,201772.0,199267.0,205711.75,786.2719525287281,215428.33333333334,3,45,15,0,0,0,0.8314696123025451,0.5555702330196024,0.0,1.0
2026-08-10 04:00:00,203676,203535.0,206153.0,201552.0,198001.0,204979.75,1138.0156340460994,215446.69791666666,4,0,16,0,0,0,0.8660254037844386,0.5000000000000001,0.0,1.0
2026-08-10 04:15:00,204436,203676.0,205554.0,202126.0,198952.0,204360.5,944.2113110951417,215468.82291666666,4,15,17,0,0,0,0.8968727415326884,0.44228869021900125,0.0,1.0
2026-08-10 04:30:00,204613,204436.0,204677.0,202117.0,199125.0,204081.0,560.7679258540653,215492.88541666666,4,30,18,0,0,0,0.9238795325112867,0.38268343236508984,0.0,1.0
2026-08-10 04:45:00,205810,204613.0,203535.0,202971.0,199740.0,204065.0,538.5678539732364,215518.88541666666,4,45,19,0,0,0,0.9469301294951056,0.3214394653031617,0.0,1.0
2026-08-10 05:00:00,206645,205810.0,203676.0,203352.0,201089.0,204633.75,883.2486909132724,215548.45833333334,5,0,20,0,0,0,0.9659258262890683,0.25881904510252074,0.0,1.0
2026-08-10 05:15:00,208431,206645.0,204436.0,205161.0,203042.0,205376.0,1043.1500371471063,215582.76041666666,5,15,21,0,0,0,0.9807852804032304,0.19509032201612833,0.0,1.0
2026-08-10 05:30:00,210770,208431.0,204613.0,205947.0,204370.0,206374.75,1604.5668937961627,215616.82291666666,5,30,22,0,0,0,0.9914448613738104,0.1305261922200517,0.0,1.0
2026-08-10 05:45:00,211976,210770.0,205810.0,206615.0,205770.0,207914.0,2195.5410874467066,215667.0625,5,45,23,0,0,0,0.9978589232386035,0.06540312923014327,0.0,1.0
2026-08-10 06:00:00,213733,211976.0,206645.0,206210.0,207210.0,209455.5,2382.529538116996,215722.90625,6,0,24,0,0,0,1.0,6.123233995736766e-17,0.0,1.0
2026-08-10 06:15:00,215949,213733.0,208431.0,206475.0,208962.0,211227.5,2226.170179179174,215801.27083333334,6,15,25,0,0,0,0.9978589232386035,-0.06540312923014314,0.0,1.0
2026-08-10 06:30:00,219315,215949.0,210770.0,207523.0,212174.0,213107.0,2251.63422133051,215899.95833333334,6,30,26,0,0,0,0.9914448613738104,-0.1305261922200516,0.0,1.0
2026-08-10 06:45:00,220748,219315.0,211976.0,208064.0,212975.0,215243.25,3164.016895761881,216022.79166666666,6,45,27,0,0,0,0.9807852804032304,-0.1950903220161282,0.0,1.0
2026-08-10 07:00:00,221617,220748.0,213733.0,208220.0,212724.0,217436.25,3184.5126654900637,216154.91666666666,7,0,28,0,0,0,0.9659258262890683,-0.25881904510252063,0.0,1.0
2026-08-10 07:15:00,222435,221617.0,215949.0,207990.0,213511.0,219407.25,2493.2314205999105,216294.46875,7,15,29,0,0,0,0.9469301294951057,-0.3214394653031616,0.0,1.0
2026-08-10 07:30:00,221578,222435.0,219315.0,207919.0,213537.0,221028.75,1334.0835493576285,216444.9375,7,30,30,0,0,0,0.9238795325112868,-0.3826834323650895,0.0,1.0
2026-08-10 07:45:00,221523,221578.0,220748.0,207398.0,213144.0,221594.5,688.9075893519014,216587.21875,7,45,31,0,0,0,0.8968727415326884,-0.44228869021900113,0.0,1.0
2026-08-10 08:00:00,221598,221523.0,221617.0,207126.0,212465.0,221788.25,432.8874950068627,216734.35416666666,8,0,32,0,0,0,0.8660254037844387,-0.4999999999999998,0.0,1.0
2026-08-10 08:15:00,223784,221598.0,222435.0,209347.0,214620.0,221783.5,435.4893798934519,216885.10416666666,8,15,33,0,0,0,0.8314696123025451,-0.5555702330196023,0.0,1.0
2026-08-10 08:30:00,225814,223784.0,221578.0,210841.0,216728.0,222120.75,1109.286670192447,217035.48958333334,8,30,34,0,0,0,0.7933533402912352,-0.6087614290087207,0.0,1.0
2026-08-10 08:45:00,228597,225814.0,221523.0,212825.0,218679.0,223179.75,2045.4131408267272,217191.45833333334,8,45,35,0,0,0,0.7518398074789774,-0.6593458151000688,0.0,1.0
2026-08-10 09:00:00,231121,228597.0,221598.0,214527.0,219903.0,224948.25,2980.075656198456,217355.75,9,0,36,0,0,0,0.7071067811865476,-0.7071067811865475,0.0,1.0
2026-08-10 09:15:00,235181,231121.0,223784.0,217894.0,223410.0,227329.0,3206.72927866801,217528.60416666666,9,15,37,0,0,0,0.659345815100069,-0.7518398074789773,0.0,1.0
2026-08-10 09:30:00,236436,235181.0,225814.0,218688.0,224415.0,230178.25,3977.575255940066,217708.67708333334,9,30,38,0,0,0,0.6087614290087209,-0.793353340291235,0.0,1.0
2026-08-10 09:45:00,237734,236436.0,228597.0,220089.0,225367.0,232833.75,3622.584287034145,217893.55208333334,9,45,39,0,0,0,0.5555702330196025,-0.831469612302545,0.0,1.0
2026-08-10 10:00:00,239273,237734.0,231121.0,219323.0,224513.0,235118.0,2861.2676677771137,218077.35416666666,10,0,40,0,0,0,0.49999999999999994,-0.8660254037844387,0.0,1.0
2026-08-10 10:15:00,240125,239273.0,235181.0,218085.0,225045.0,237156.0,1754.4987888283074,218285.16666666666,10,15,41,0,0,0,0.4422886902190017,-0.8968727415326881,0.0,1.0
2026-08-10 10:30:00,241388,240125.0,236436.0,217385.0,223764.0,238392.0,1636.9025627690812,218514.75,10,30,42,0,0,0,0.3826834323650899,-0.9238795325112867,0.0,1.0
2026-08-10 10:45:00,240131,241388.0,237734.0,217756.0,222911.0,239630.0,1533.8246314360665,218764.78125,10,45,43,0,0,0,0.32143946530316175,-0.9469301294951056,0.0,1.0
2026-08-10 11:00:00,240673,240131.0,239273.0,217172.0,222863.0,240229.25,871.3278659609055,218997.85416666666,11,0,44,0,0,0,0.258819045102521,-0.9659258262890682,0.0,1.0
2026-08-10 11:15:00,240350,240673.0,240125.0,217296.0,222480.0,240579.25,597.253924223178,219242.65625,11,15,45,0,0,0,0.19509032201612816,-0.9807852804032304,0.0,1.0
2026-08-10 11:30:00,241748,240350.0,241388.0,217733.0,222203.0,240635.5,548.8451512038584,219482.80208333334,11,30,46,0,0,0,0.130526192220052,-0.9914448613738104,0.0,1.0
2026-08-10 11:45:00,241716,241748.0,240131.0,218874.0,221527.0,240725.5,717.0990168728355,219732.95833333334,11,45,47,0,0,0,0.06540312923014312,-0.9978589232386035,0.0,1.0
2026-08-10 12:00:00,241531,241716.0,240673.0,218367.0,221738.0,241121.75,717.0069153548365,219970.89583333334,12,0,48,0,0,0,1.2246467991473532e-16,-1.0,0.0,1.0
2026-08-10 12:15:00,240779,241531.0,240350.0,217962.0,220986.0,241336.25,664.420737685584,220212.1875,12,15,49,0,0,0,-0.06540312923014287,-0.9978589232386035,0.0,1.0
2026-08-10 12:30:00,240401,240779.0,241748.0,218245.0,220762.0,241443.5,453.20819351227044,220449.86458333334,12,30,50,0,0,0,-0.13052619222005177,-0.9914448613738104,0.0,1.0
2026-08-10 12:45:00,239234,240401.0,241716.0,217341.0,220069.0,241106.75,620.9339068424719,220680.65625,12,45,51,0,0,0,-0.19509032201612792,-0.9807852804032305,0.0,1.0
2026-08-10 13:00:00,237822,239234.0,241531.0,215734.0,218655.0,240486.25,957.8800812210173,220908.70833333334,13,0,52,0,0,0,-0.2588190451025208,-0.9659258262890683,0.0,1.0
2026-08-10 13:15:00,235160,237822.0,240779.0,213734.0,216194.0,239559.0,1331.6853982829364,221138.79166666666,13,15,53,0,0,0,-0.32143946530316153,-0.9469301294951057,0.0,1.0
2026-08-10 13:30:00,235493,235160.0,240401.0,214794.0,216463.0,238154.25,2257.5553703065616,221361.97916666666,13,30,54,0,0,0,-0.38268343236508967,-0.9238795325112868,0.0,1.0
2026-08-10 13:45:00,236475,235493.0,239234.0,214821.0,218829.0,236927.25,1940.9549840220427,221577.59375,13,45,55,0,0,0,-0.44228869021900147,-0.8968727415326883,0.0,1.0
2026-08-10 14:00:00,236968,236475.0,237822.0,215386.0,218946.0,236237.5,1194.7570185327845,221803.15625,14,0,56,0,0,0,-0.4999999999999997,-0.8660254037844388,0.0,1.0
2026-08-10 14:15:00,237658,236968.0,235160.0,215387.0,220494.0,236024.0,841.2280705413269,222027.96875,14,15,57,0,0,0,-0.555570233019602,-0.8314696123025455,0.0,1.0
2026-08-10 14:30:00,240408,237658.0,235493.0,216120.0,222422.0,236648.5,910.394236947205,222259.95833333334,14,30,58,0,0,0,-0.6087614290087207,-0.7933533402912352,0.0,1.0
2026-08-10 14:45:00,240619,240408.0,236475.0,216929.0,222862.0,237877.25,1755.544241348922,222512.95833333334,14,45,59,0,0,0,-0.6593458151000688,-0.7518398074789774,0.0,1.0
2026-08-10 15:00:00,241566,240619.0,236968.0,217994.0,223738.0,238913.25,1871.1414297161077,222759.72916666666,15,0,60,0,0,0,-0.7071067811865471,-0.7071067811865479,0.0,1.0
2026-08-10 15:15:00,241742,241566.0,237658.0,216878.0,224112.0,240062.75,1680.3962578312844,223005.27083333334,15,15,61,0,0,0,-0.7518398074789773,-0.6593458151000691,0.0,1.0
2026-08-10 15:30:00,240983,241742.0,240408.0,217008.0,224694.0,241083.75,667.9542773773575,223264.27083333334,15,30,62,0,0,0,-0.7933533402912349,-0.6087614290087209,0.0,1.0
2026-08-10 15:45:00,239945,240983.0,240619.0,217783.0,225377.0,241227.5,519.405108433396,223514.01041666666,15,45,63,0,0,0,-0.8314696123025452,-0.5555702330196022,0.0,1.0
2026-08-10 16:00:00,239855,239945.0,241566.0,215292.0,225461.0,241059.0,810.4134747152485,223744.86458333334,16,0,64,0,0,0,-0.8660254037844385,-0.5000000000000004,0.0,1.0
2026-08-10 16:15:00,235794,239855.0,241742.0,212491.0,223051.0,240631.25,900.184564408901,224000.72916666666,16,15,65,0,0,0,-0.8968727415326883,-0.44228869021900136,0.0,1.0
2026-08-10 16:30:00,234875,235794.0,240983.0,211949.0,223537.0,239144.25,2291.4000632800994,224243.46875,16,30,66,0,0,0,-0.9238795325112868,-0.3826834323650895,0.0,1.0
2026-08-10 16:45:00,234559,234875.0,239945.0,212084.0,222177.0,237617.25,2662.7129492305507,224482.28125,16,45,67,0,0,0,-0.9469301294951056,-0.3214394653031618,0.0,1.0
2026-08-10 17:00:00,233086,234559.0,239855.0,210926.0,221908.0,236270.75,2446.2450647199553,224716.39583333334,17,0,68,0,0,0,-0.9659258262890683,-0.25881904510252063,0.0,1.0
2026-08-10 17:15:00,230059,233086.0,235794.0,208688.0,220083.0,234578.5,1124.468615243101,224947.22916666666,17,15,69,0,0,0,-0.9807852804032303,-0.19509032201612866,0.0,1.0
2026-08-10 17:30:00,229991,230059.0,234875.0,208871.0,220271.0,233144.75,2199.9373286528153,225169.84375,17,30,70,0,0,0,-0.9914448613738104,-0.13052619222005163,0.0,1.0
2026-08-10 17:45:00,229362,229991.0,234559.0,208975.0,219176.0,231923.75,2273.630192005746,225389.84375,17,45,71,0,0,0,-0.9978589232386035,-0.06540312923014273,0.0,1.0
2026-08-10 18:00:00,228333,229362.0,233086.0,209754.0,220331.0,230624.5,1670.7284838257724,225602.20833333334,18,0,72,0,0,0,-1.0,-1.8369701987210297e-16,0.0,1.0
2026-08-10 18:15:00,227570,228333.0,230059.0,209050.0,219513.0,229436.25,799.6329887309329,225795.73958333334,18,15,73,0,0,0,-0.9978589232386036,0.06540312923014237,0.0,1.0
2026-08-10 18:30:00,229981,227570.0,229991.0,211585.0,222610.0,228814.0,1074.6363726086256,225988.65625,18,30,74,0,0,0,-0.9914448613738105,0.13052619222005127,0.0,1.0
2026-08-10 18:45:00,233147,229981.0,229362.0,215539.0,225715.0,228811.5,1070.9909741294546,226180.28125,18,45,75,0,0,0,-0.9807852804032304,0.1950903220161283,0.0,1.0
2026-08-10 19:00:00,235898,233147.0,228333.0,219556.0,228756.0,229757.75,2473.3929968095968,226363.69791666666,19,0,76,0,0,0,-0.9659258262890684,0.2588190451025203,0.0,1.0
2026-08-10 19:15:00,238367,235898.0,227570.0,224250.0,232099.0,231649.0,3638.6109987191694,226533.92708333334,19,15,77,0,0,0,-0.9469301294951057,0.3214394653031615,0.0,1.0
2026-08-10 19:30:00,240285,238367.0,229981.0,227270.0,234449.0,234348.25,3608.6909330116005,226680.97916666666,19,30,78,0,0,0,-0.923879532511287,0.38268343236508917,0.0,1.0
2026-08-10 19:45:00,240695,240285.0,233147.0,228786.0,235712.0,236924.25,3092.83983581435,226816.55208333334,19,45,79,0,0,0,-0.8968727415326884,0.442288690219001,0.0,1.0
2026-08-10 20:00:00,239884,240695.0,235898.0,229398.0,234374.0,238811.25,2191.2581431680105,226940.60416666666,20,0,80,0,0,0,-0.8660254037844386,0.5000000000000001,0.0,1.0
2026-08-10 20:15:00,238346,239884.0,238367.0,229301.0,233419.0,239807.75,1015.9650174424181,227049.83333333334,20,15,81,0,0,0,-0.8314696123025455,0.5555702330196018,0.0,1.0
2026-08-10 20:30:00,238493,238346.0,240285.0,229751.0,233381.0,239802.5,1025.8974932549415,227144.05208333334,20,30,82,0,0,0,-0.7933533402912357,0.6087614290087199,0.0,1.0
2026-08-10 20:45:00,237545,238493.0,240695.0,229641.0,233230.0,239354.5,1130.8647133941804,227235.11458333334,20,45,83,0,0,0,-0.7518398074789772,0.6593458151000691,0.0,1.0
2026-08-10 21:00:00,237489,237545.0,239884.0,229285.0,232107.0,238567.0,971.8178841738273,227317.44791666666,21,0,84,0,0,0,-0.7071067811865477,0.7071067811865474,0.0,1.0
2026-08-10 21:15:00,237238,237489.0,238346.0,229064.0,231667.0,237968.25,525.0011904749306,227402.90625,21,15,85,0,0,0,-0.6593458151000687,0.7518398074789775,0.0,1.0
2026-08-10 21:30:00,237005,237238.0,238493.0,230658.0,231316.0,237691.25,550.9182486238442,227488.05208333334,21,30,86,0,0,0,-0.608761429008721,0.7933533402912349,0.0,1.0
2026-08-10 21:45:00,236446,237005.0,237545.0,230683.0,229924.0,237319.25,248.41682041835202,227554.16666666666,21,45,87,0,0,0,-0.555570233019603,0.8314696123025447,0.0,1.0
2026-08-10 22:00:00,235155,236446.0,237489.0,229767.0,230351.0,237044.5,445.26583819866954,227614.19791666666,22,0,88,0,0,0,-0.5000000000000004,0.8660254037844384,0.0,1.0
2026-08-10 22:15:00,235674,235155.0,237238.0,230761.0,230247.0,236461.0,931.9381238401879,227670.32291666666,22,15,89,0,0,0,-0.4422886902190014,0.8968727415326883,0.0,1.0
2026-08-10 22:30:00,235734,235674.0,237005.0,230958.0,230248.0,236070.0,818.4623795060891,227721.5,22,30,90,0,0,0,-0.38268343236508956,0.9238795325112868,0.0,1.0
2026-08-10 22:45:00,234842,235734.0,236446.0,229641.0,229818.0,235752.25,530.5508929406357,227771.25,22,45,91,0,0,0,-0.32143946530316186,0.9469301294951056,0.0,1.0
2026-08-10 23:00:00,232974,234842.0,235155.0,228842.0,228113.0,235351.25,427.59589567733906,227825.42708333334,23,0,92,0,0,0,-0.25881904510252157,0.9659258262890681,0.0,1.0
2026-08-10 23:15:00,232056,232974.0,235674.0,226695.0,226440.0,234806.0,1287.3911604481757,227868.46875,23,15,93,0,0,0,-0.19509032201612872,0.9807852804032303,0.0,1.0
2026-08-10 23:30:00,229593,232056.0,235734.0,225294.0,224849.0,233901.5,1684.114307284423,227924.3125,23,30,94,0,0,0,-0.13052619222005168,0.9914448613738104,0.0,1.0
2026-08-10 23:45:00,227411,229593.0,234842.0,223216.0,223087.0,232366.25,2182.190699732743,227969.09375,23,45,95,0,0,0,-0.0654031292301428,0.9978589232386035,0.0,1.0
2026-08-11 00:00:00,224689,227411.0,232974.0,220969.0,220460.0,230508.5,2510.3846318841415,228012.79166666666,0,0,0,1,0,0,0.0,1.0,0.7818314824680298,0.6234898018587336
2026-08-11 00:15:00,223036,224689.0,232056.0,220190.0,219138.0,228437.25,3137.6040089002186,228051.54166666666,0,15,1,1,0,0,0.06540312923014306,0.9978589232386035,0.7818314824680298,0.6234898018587336
2026-08-11 00:30:00,221133,223036.0,229593.0,218381.0,218121.0,226182.25,2902.397098376913,228081.1875,0,30,2,1,0,0,0.13052619222005157,0.9914448613738104,0.7818314824680298,0.6234898018587336
2026-08-11 00:45:00,220234,221133.0,227411.0,216587.0,216505.0,224067.25,2660.8605594180885,228109.85416666666,0,45,3,1,0,0,0.19509032201612825,0.9807852804032304,0.7818314824680298,0.6234898018587336
2026-08-11 01:00:00,218397,220234.0,224689.0,214822.0,213953.0,222273.0,1989.6688166627277,228147.84375,1,0,4,1,0,0,0.25881904510252074,0.9659258262890683,0.7818314824680298,0.6234898018587336
2026-08-11 01:15:00,216601,218397.0,223036.0,213080.0,212624.0,220700.0,1929.1924044359541,228185.08333333334,1,15,5,1,0,0,0.3214394653031616,0.9469301294951057,0.7818314824680298,0.6234898018587336
2026-08-11 01:30:00,214649,216601.0,221133.0,211680.0,211128.0,219091.25,2013.1193663897313,228221.76041666666,1,30,6,1,0,0,0.3826834323650898,0.9238795325112867,0.7818314824680298,0.6234898018587336
2026-08-11 01:45:00,213152,214649.0,220234.0,209785.0,210080.0,217470.25,2395.2889004599656,228252.6875,1,45,7,1,0,0,0.44228869021900125,0.8968727415326884,0.7818314824680298,0.6234898018587336
2026-08-11 02:00:00,211757,213152.0,218397.0,208688.0,208832.0,215699.75,2286.3737482456168,228287.76041666666,2,0,8,1,0,0,0.49999999999999994,0.8660254037844387,0.7818314824680298,0.6234898018587336
2026-08-11 02:15:00,211064,211757.0,216601.0,207948.0,207055.0,214039.75,2076.0727949665034,228319.72916666666,2,15,9,1,0,0,0.5555702330196022,0.8314696123025452,0.7818314824680298,0.6234898018587336
2026-08-11 02:30:00,210229,211064.0,214649.0,207266.0,206270.0,212655.5,1587.5273225995288,228352.1875,2,30,10,1,0,0,0.6087614290087207,0.7933533402912352,0.7818314824680298,0.6234898018587336
2026-08-11 02:45:00,209719,210229.0,213152.0,206463.0,205298.0,211550.5,1236.9975747753222,228383.05208333334,2,45,11,1,0,0,0.6593458151000688,0.7518398074789774,0.7818314824680298,0.6234898018587336
2026-08-11 03:00:00,209077,209719.0,211757.0,206153.0,204453.0,210692.25,900.6861736106275,228416.96875,3,0,12,1,0,0,0.7071067811865476,0.7071067811865476,0.7818314824680298,0.6234898018587336
2026-08-11 03:15:00,208168,209077.0,211064.0,205554.0,203746.0,210022.25,839.3344089217519,228447.42708333334,3,15,13,1,0,0,0.7518398074789774,0.6593458151000688,0.7818314824680298,0.6234898018587336
2026-08-11 03:30:00,207579,208168.0,210229.0,204677.0,202781.0,209298.25,888.7712022787567,228474.65625,3,30,14,1,0,0,0.7933533402912352,0.6087614290087207,0.7818314824680298,0.6234898018587336
2026-08-11 03:45:00,207041,207579.0,209719.0,203535.0,201772.0,208635.75,949.3230482823151,228504.88541666666,3,45,15,1,0,0,0.8314696123025451,0.5555702330196024,0.7818314824680298,0.6234898018587336
2026-08-11 04:00:00,206304,207041.0,209077.0,203676.0,201552.0,207966.25,871.8789575776484,228541.40625,4,0,16,1,0,0,0.8660254037844386,0.5000000000000001,0.7818314824680298,0.6234898018587336
2026-08-11 04:15:00,207150,206304.0,208168.0,204436.0,202126.0,207273.0,793.1889224306444,228568.78125,4,15,17,1,0,0,0.8968727415326884,0.44228869021900125,0.7818314824680298,0.6234898018587336
2026-08-11 04:30:00,207220,207150.0,207579.0,204613.0,202117.0,207018.5,529.9273535117976,228597.05208333334,4,30,18,1,0,0,0.9238795325112867,0.38268343236508984,0.7818314824680298,0.6234898018587336
2026-08-11 04:45:00,208053,207220.0,207041.0,205810.0,202971.0,206928.75,422.96207473801184,228624.20833333334,4,45,19,1,0,0,0.9469301294951056,0.3214394653031617,0.7818314824680298,0.6234898018587336
2026-08-11 05:00:00,209257,208053.0,206304.0,206645.0,203352.0,207181.75,714.6077595436635,228647.57291666666,5,0,20,1,0,0,0.9659258262890683,0.25881904510252074,0.7818314824680298,0.6234898018587336
2026-08-11 05:15:00,211568,209257.0,207150.0,208431.0,205161.0,207920.0,981.1826197672584,228674.78125,5,15,21,1,0,0,0.9807852804032304,0.19509032201612833,0.7818314824680298,0.6234898018587336
2026-08-11 05:30:00,214350,211568.0,207220.0,210770.0,205947.0,209024.5,1890.6331391009428,228707.45833333334,5,30,22,1,0,0,0.9914448613738104,0.1305261922200517,0.7818314824680298,0.6234898018587336
2026-08-11 05:45:00,215480,214350.0,208053.0,211976.0,206615.0,210807.0,2776.027497462279,228744.75,5,45,23,1,0,0,0.9978589232386035,0.06540312923014327,0.7818314824680298,0.6234898018587336
2026-08-11 06:00:00,217671,215480.0,209257.0,213733.0,206210.0,212663.75,2803.647430877621,228781.25,6,0,24,1,0,0,1.0,6.123233995736766e-17,0.7818314824680298,0.6234898018587336
2026-08-11 06:15:00,220085,217671.0,211568.0,215949.0,206475.0,214767.25,2539.624299642239,228822.27083333334,6,15,25,1,0,0,0.9978589232386035,-0.06540312923014314,0.7818314824680298,0.6234898018587336
2026-08-11 06:30:00,223552,220085.0,214350.0,219315.0,207523.0,216896.5,2533.608559610847,228865.35416666666,6,30,26,1,0,0,0.9914448613738104,-0.1305261922200516,0.7818314824680298,0.6234898018587336
2026-08-11 06:45:00,225597,223552.0,215480.0,220748.0,208064.0,219197.0,3459.2549294127866,228909.48958333334,6,45,27,1,0,0,0.9807852804032304,-0.1950903220161282,0.7818314824680298,0.6234898018587336
2026-08-11 07:00:00,226108,225597.0,217671.0,221617.0,208220.0,221726.25,3533.403588138024,228960.0,7,0,28,1,0,0,0.9659258262890683,-0.25881904510252063,0.7818314824680298,0.6234898018587336
2026-08-11 07:15:00,227125,226108.0,220085.0,222435.0,207990.0,223835.5,2733.3594104447116,229006.78125,7,15,29,1,0,0,0.9469301294951057,-0.3214394653031616,0.7818314824680298,0.6234898018587336
2026-08-11 07:30:00,226594,227125.0,223552.0,221578.0,207919.0,225595.5,1503.099131794045,229055.63541666666,7,30,30,1,0,0,0.9238795325112868,-0.3826834323650895,0.7818314824680298,0.6234898018587336
2026-08-11 07:45:00,225539,226594.0,225597.0,221523.0,207398.0,226356.0,654.6220283491988,229107.88541666666,7,45,31,1,0,0,0.8968727415326884,-0.44228869021900113,0.7818314824680298,0.6234898018587336
2026-08-11 08:00:00,224088,225539.0,226108.0,221598.0,207126.0,226341.5,677.2879742030115,229149.71875,8,0,32,1,0,0,0.8660254037844387,-0.4999999999999998,0.7818314824680298,0.6234898018587336
2026-08-11 08:15:00,226562,224088.0,227125.0,223784.0,209347.0,225836.5,1339.128696827415,229175.65625,8,15,33,1,0,0,0.8314696123025451,-0.5555702330196023,0.7818314824680298,0.6234898018587336
2026-08-11 08:30:00,228896,226562.0,226594.0,225814.0,210841.0,225695.75,1178.512162290526,229204.59375,8,30,34,1,0,0,0.7933533402912352,-0.6087614290087207,0.7818314824680298,0.6234898018587336
2026-08-11 08:45:00,231838,228896.0,225539.0,228597.0,212825.0,226271.25,2022.9202282838587,229236.69791666666,8,45,35,1,0,0,0.7518398074789774,-0.6593458151000688,0.7818314824680298,0.6234898018587336
2026-08-11 09:00:00,233312,231838.0,224088.0,231121.0,214527.0,227846.0,3307.0522624637592,229270.45833333334,9,0,36,1,0,0,0.7071067811865476,-0.7071067811865475,0.7818314824680298,0.6234898018587336
2026-08-11 09:15:00,237634,233312.0,226562.0,235181.0,217894.0,230152.0,3016.2798278674386,229293.28125,9,15,37,1,0,0,0.659345815100069,-0.7518398074789773,0.7818314824680298,0.6234898018587336
2026-08-11 09:30:00,238912,237634.0,228896.0,236436.0,218688.0,232920.0,3639.5402640077205,229318.83333333334,9,30,38,1,0,0,0.6087614290087209,-0.793353340291235,0.7818314824680298,0.6234898018587336
2026-08-11 09:45:00,240695,238912.0,231838.0,237734.0,220089.0,235424.0,3384.7788701774934,229344.625,9,45,39,1,0,0,0.5555702330196025,-0.831469612302545,0.7818314824680298,0.6234898018587336
2026-08-11 10:00:00,241141,240695.0,233312.0,239273.0,219323.0,237638.25,3145.505616484151,229375.46875,10,0,40,1,0,0,0.49999999999999994,-0.8660254037844387,0.7818314824680298,0.6234898018587336
2026-08-11 10:15:00,241870,241141.0,237634.0,240125.0,218085.0,239595.5,1623.999692118193,229394.92708333334,10,15,41,1,0,0,0.4422886902190017,-0.8968727415326881,0.7818314824680298,0.6234898018587336
2026-08-11 10:30:00,241651,241870.0,238912.0,241388.0,217385.0,240654.5,1258.5797551208168,229413.10416666666,10,30,42,1,0,0,0.3826834323650899,-0.9238795325112867,0.7818314824680298,0.6234898018587336
2026-08-11 10:45:00,241101,241651.0,240695.0,240131.0,217756.0,241339.25,527.0182634406217,229415.84375,10,45,43,1,0,0,0.32143946530316175,-0.9469301294951056,0.7818314824680298,0.6234898018587336
2026-08-11 11:00:00,241054,241101.0,241141.0,240673.0,217172.0,241440.75,380.23709708544817,229425.94791666666,11,0,44,1,0,0,0.258819045102521,-0.9659258262890682,0.7818314824680298,0.6234898018587336
2026-08-11 11:15:00,240897,241054.0,241870.0,240350.0,217296.0,241419.0,404.793774655649,229429.91666666666,11,15,45,1,0,0,0.19509032201612816,-0.9807852804032304,0.7818314824680298,0.6234898018587336
2026-08-11 11:30:00,241017,240897.0,241651.0,241748.0,217733.0,241175.75,328.620728703013,229435.61458333334,11,30,46,1,0,0,0.130526192220052,-0.9914448613738104,0.7818314824680298,0.6234898018587336
2026-08-11 11:45:00,241208,241017.0,241101.0,241716.0,218874.0,241017.25,87.22528303174194,229428.0,11,45,47,1,0,0,0.06540312923014312,-0.9978589232386035,0.7818314824680298,0.6234898018587336
2026-08-11 12:00:00,241524,241208.0,241054.0,241531.0,218367.0,241044.0,128.23676020016217,229422.70833333334,12,0,48,1,0,0,1.2246467991473532e-16,-1.0,0.7818314824680298,0.6234898018587336
2026-08-11 12:15:00,240790,241524.0,240897.0,240779.0,217962.0,241161.5,273.501371111679,229422.63541666666,12,15,49,1,0,0,-0.06540312923014287,-0.9978589232386035,0.7818314824680298,0.6234898018587336
2026-08-11 12:30:00,240545,240790.0,241017.0,240401.0,218245.0,241134.75,310.69746807245593,229422.75,12,30,50,1,0,0,-0.13052619222005177,-0.9914448613738104,0.7818314824680298,0.6234898018587336
2026-08-11 12:45:00,240330,240545.0,241208.0,239234.0,217341.0,241016.75,435.06426728316217,229424.25,12,45,51,1,0,0,-0.19509032201612792,-0.9807852804032305,0.7818314824680298,0.6234898018587336
2026-08-11 13:00:00,238741,240330.0,241524.0,237822.0,215734.0,240797.25,519.6700074726602,229435.66666666666,13,0,52,1,0,0,-0.2588190451025208,-0.9659258262890683,0.7818314824680298,0.6234898018587336
2026-08-11 13:15:00,236303,238741.0,240790.0,235160.0,213734.0,240101.5,926.264361112223,229445.23958333334,13,15,53,1,0,0,-0.32143946530316153,-0.9469301294951057,0.7818314824680298,0.6234898018587336
2026-08-11 13:30:00,237350,236303.0,240545.0,235493.0,214794.0,238979.75,1957.4792250919636,229457.14583333334,13,30,54,1,0,0,-0.38268343236508967,-0.9238795325112868,0.7818314824680298,0.6234898018587336
2026-08-11 13:45:00,238864,237350.0,240330.0,236475.0,214821.0,238181.0,1746.3529616508326,229476.48958333334,13,45,55,1,0,0,-0.44228869021900147,-0.8968727415326883,0.7818314824680298,0.6234898018587336
2026-08-11 14:00:00,239476,238864.0,238741.0,236968.0,215386.0,237814.5,1219.322899536172,229501.375,14,0,56,1,0,0,-0.4999999999999997,-0.8660254037844388,0.7818314824680298,0.6234898018587336
2026-08-11 14:15:00,239641,239476.0,236303.0,237658.0,215387.0,237998.25,1440.7600713974896,229527.5,14,15,57,1,0,0,-0.555570233019602,-0.8314696123025455,0.7818314824680298,0.6234898018587336
2026-08-11 14:30:00,241849,239641.0,237350.0,240408.0,216120.0,238832.75,1043.4817918871215,229548.15625,14,30,58,1,0,0,-0.6087614290087207,-0.7933533402912352,0.7818314824680298,0.6234898018587336
2026-08-11 14:45:00,242950,241849.0,238864.0,240619.0,216929.0,239957.5,1304.5470478292295,229563.16666666666,14,45,59,1,0,0,-0.6593458151000688,-0.7518398074789774,0.7818314824680298,0.6234898018587336
2026-08-11 15:00:00,244108,242950.0,239476.0,241566.0,217994.0,240979.0,1702.0569908202126,229587.44791666666,15,0,60,1,0,0,-0.7071067811865471,-0.7071067811865479,0.7818314824680298,0.6234898018587336
2026-08-11 15:15:00,244327,244108.0,239641.0,241742.0,216878.0,242137.0,1902.5220103851514,229613.92708333334,15,15,61,1,0,0,-0.7518398074789773,-0.6593458151000691,0.7818314824680298,0.6234898018587336
2026-08-11 15:30:00,244420,244327.0,241849.0,240983.0,217008.0,243308.5,1145.3100017025774,229640.85416666666,15,30,62,1,0,0,-0.7933533402912349,-0.6087614290087209,0.7818314824680298,0.6234898018587336
2026-08-11 15:45:00,244800,244420.0,242950.0,239945.0,217783.0,243951.25,680.1928035490804,229676.65625,15,45,63,1,0,0,-0.8314696123025452,-0.5555702330196022,0.7818314824680298,0.6234898018587336
2026-08-11 16:00:00,244041,244800.0,244108.0,239855.0,215292.0,244413.75,288.8117899254769,229727.22916666666,16,0,64,1,0,0,-0.8660254037844385,-0.5000000000000004,0.7818314824680298,0.6234898018587336
2026-08-11 16:15:00,240246,244041.0,244327.0,235794.0,212491.0,244397.0,313.3549637923276,229770.83333333334,16,15,65,1,0,0,-0.8968727415326883,-0.44228869021900136,0.7818314824680298,0.6234898018587336
2026-08-11 16:30:00,240586,240246.0,244420.0,234875.0,211949.0,243376.75,2110.0422389137066,229817.20833333334,16,30,66,1,0,0,-0.9238795325112868,-0.3826834323650895,0.7818314824680298,0.6234898018587336
2026-08-11 16:45:00,240205,240586.0,244800.0,234559.0,212084.0,242418.25,2336.7970065882846,229876.69791666666,16,45,67,1,0,0,-0.9469301294951056,-0.3214394653031618,0.7818314824680298,0.6234898018587336
2026-08-11 17:00:00,238556,240205.0,244041.0,233086.0,210926.0,241269.5,1855.5409813133506,229935.51041666666,17,0,68,1,0,0,-0.9659258262890683,-0.25881904510252063,0.7818314824680298,0.6234898018587336
2026-08-11 17:15:00,234680,238556.0,240246.0,230059.0,208688.0,239898.25,910.9812932583371,229992.48958333334,17,15,69,1,0,0,-0.9807852804032303,-0.19509032201612866,0.7818314824680298,0.6234898018587336
2026-08-11 17:30:00,233312,234680.0,240586.0,229991.0,208871.0,238506.75,2698.998255526171,230040.625,17,30,70,1,0,0,-0.9914448613738104,-0.13052619222005163,0.7818314824680298,0.6234898018587336
2026-08-11 17:45:00,232390,233312.0,240205.0,229362.0,208975.0,236688.25,3229.4557203962345,230075.21875,17,45,71,1,0,0,-0.9978589232386035,-0.06540312923014273,0.7818314824680298,0.6234898018587336
2026-08-11 18:00:00,232171,232390.0,238556.0,228333.0,209754.0,234734.5,2715.8190293169314,230106.76041666666,18,0,72,1,0,0,-1.0,-1.8369701987210297e-16,0.7818314824680298,0.6234898018587336
2026-08-11 18:15:00,229523,232171.0,234680.0,227570.0,209050.0,233138.25,1140.5602059221944,230146.73958333334,18,15,73,1,0,0,-0.9978589232386036,0.06540312923014237,0.7818314824680298,0.6234898018587336
2026-08-11 18:30:00,231689,229523.0,233312.0,229981.0,211585.0,231849.0,1627.5759070879892,230167.08333333334,18,30,74,1,0,0,-0.9914448613738105,0.13052619222005127,0.7818314824680298,0.6234898018587336
2026-08-11 18:45:00,233513,231689.0,232390.0,233147.0,215539.0,231443.25,1313.2286866091888,230184.875,18,45,75,1,0,0,-0.9807852804032304,0.1950903220161283,0.7818314824680298,0.6234898018587336
2026-08-11 19:00:00,235521,233513.0,232171.0,235898.0,219556.0,231724.0,1657.9059080659447,230188.6875,19,0,76,1,0,0,-0.9659258262890684,0.2588190451025203,0.7818314824680298,0.6234898018587336
2026-08-11 19:15:00,237231,235521.0,229523.0,238367.0,224250.0,232561.5,2559.800187514636,230184.76041666666,19,15,77,1,0,0,-0.9469301294951057,0.3214394653031615,0.7818314824680298,0.6234898018587336
2026-08-11 19:30:00,237869,237231.0,231689.0,240285.0,227270.0,234488.5,2406.66872114408,230172.92708333334,19,30,78,1,0,0,-0.923879532511287,0.38268343236508917,0.7818314824680298,0.6234898018587336
2026-08-11 19:45:00,237983,237869.0,233513.0,240695.0,228786.0,236033.5,1950.952160698282,230147.76041666666,19,45,79,1,0,0,-0.8968727415326884,0.442288690219001,0.7818314824680298,0.6234898018587336
2026-08-11 20:00:00,236199,237983.0,235521.0,239884.0,229398.0,237151.0,1135.9354441751104,230119.51041666666,20,0,80,1,0,0,-0.8660254037844386,0.5000000000000001,0.7818314824680298,0.6234898018587336
2026-08-11 20:15:00,235278,236199.0,237231.0,238346.0,229301.0,237320.5,817.6248120827203,230081.125,20,15,81,1,0,0,-0.8314696123025455,0.5555702330196018,0.7818314824680298,0.6234898018587336
2026-08-11 20:30:00,235616,235278.0,237869.0,238493.0,229751.0,236832.25,1318.5566287927525,230049.16666666666,20,30,82,1,0,0,-0.7933533402912357,0.6087614290087199,0.7818314824680298,0.6234898018587336
2026-08-11 20:45:00,235167,235616.0,237983.0,237545.0,229641.0,236269.0,1204.3235999237509,230019.19791666666,20,45,83,1,0,0,-0.7518398074789772,0.6593458151000691,0.7818314824680298,0.6234898018587336
2026-08-11 21:00:00,234908,235167.0,236199.0,237489.0,229285.0,235565.0,463.7995256573284,229994.42708333334,21,0,84,1,0,0,-0.7071067811865477,0.7071067811865474,0.7818314824680298,0.6234898018587336
2026-08-11 21:15:00,234178,234908.0,235278.0,237238.0,229064.0,235242.25,293.45797541265256,229967.54166666666,21,15,85,1,0,0,-0.6593458151000687,0.7518398074789775,0.7818314824680298,0.6234898018587336
2026-08-11 21:30:00,234509,234178.0,235616.0,237005.0,230658.0,234967.25,601.9974390864375,229935.66666666666,21,30,86,1,0,0,-0.608761429008721,0.7933533402912349,0.7818314824680298,0.6234898018587336
2026-08-11 21:45:00,234708,234509.0,235167.0,236446.0,230683.0,234690.5,435.8734525830048,229909.66666666666,21,45,87,1,0,0,-0.555570233019603,0.8314696123025447,0.7818314824680298,0.6234898018587336
2026-08-11 22:00:00,233711,234708.0,234908.0,235155.0,229767.0,234575.75,311.2023725273119,229891.5625,22,0,88,1,0,0,-0.5000000000000004,0.8660254037844384,0.7818314824680298,0.6234898018587336
2026-08-11 22:15:00,235123,233711.0,234178.0,235674.0,230761.0,234276.5,435.7908519767571,229876.52083333334,22,15,89,1,0,0,-0.4422886902190014,0.8968727415326883,0.7818314824680298,0.6234898018587336
2026-08-11 22:30:00,234659,235123.0,234509.0,235734.0,230958.0,234512.75,592.549505667354,229870.78125,22,30,90,1,0,0,-0.38268343236508956,0.9238795325112868,0.7818314824680298,0.6234898018587336
2026-08-11 22:45:00,233587,234659.0,234708.0,234842.0,229641.0,234550.25,596.9630781435528,229859.58333333334,22,45,91,1,0,0,-0.32143946530316186,0.9469301294951056,0.7818314824680298,0.6234898018587336
2026-08-11 23:00:00,232669,233587.0,233711.0,232974.0,228842.0,234270.0,743.3931216612712,229846.51041666666,23,0,92,1,0,0,-0.25881904510252157,0.9659258262890681,0.7818314824680298,0.6234898018587336
2026-08-11 23:15:00,230833,232669.0,235123.0,232056.0,226695.0,234009.5,1101.0871900081113,229843.33333333334,23,15,93,1,0,0,-0.19509032201612872,0.9807852804032303,0.7818314824680298,0.6234898018587336
2026-08-11 23:30:00,229378,230833.0,234659.0,229593.0,225294.0,232937.0,1621.3599230275704,229830.59375,23,30,94,1,0,0,-0.13052619222005168,0.9914448613738104,0.7818314824680298,0.6234898018587336
2026-08-11 23:45:00,227185,229378.0,233587.0,227411.0,223216.0,231616.75,1881.0795437726626,229828.35416666666,23,45,95,1,0,0,-0.0654031292301428,0.9978589232386035,0.7818314824680298,0.6234898018587336
2026-08-12 00:00:00,224937,227185.0,232669.0,224689.0,220969.0,230016.25,2318.584535875276,229826.0,0,0,0,2,0,0,0.0,1.0,0.9749279121818236,-0.22252093395631434
2026-08-12 00:15:00,223511,224937.0,230833.0,223036.0,220190.0,228083.25,2578.322759081952,229828.58333333334,0,15,1,2,0,0,0.06540312923014306,0.9978589232386035,0.9749279121818236,-0.22252093395631434
2026-08-12 00:30:00,222654,223511.0,229378.0,221133.0,218381.0,226252.75,2574.533533801146,229833.53125,0,30,2,2,0,0,0.13052619222005157,0.9914448613738104,0.9749279121818236,-0.22252093395631434
2026-08-12 00:45:00,221364,222654.0,227185.0,220234.0,216587.0,224571.75,1980.3567649963018,229849.375,0,45,3,2,0,0,0.19509032201612825,0.9807852804032304,0.9749279121818236,-0.22252093395631434
2026-08-12 01:00:00,218814,221364.0,224937.0,218397.0,214822.0,223116.5,1500.5568966220296,229861.14583333334,1,0,4,2,0,0,0.25881904510252074,0.9659258262890683,0.9749279121818236,-0.22252093395631434
2026-08-12 01:15:00,216960,218814.0,223511.0,216601.0,213080.0,221585.75,2047.723675206184,229865.48958333334,1,15,5,2,0,0,0.3214394653031616,0.9469301294951057,0.9749279121818236,-0.22252093395631434
2026-08-12 01:30:00,215269,216960.0,222654.0,214649.0,211680.0,219948.0,2552.2272626080776,229869.22916666666,1,30,6,2,0,0,0.3826834323650898,0.9238795325112867,0.9749279121818236,-0.22252093395631434
2026-08-12 01:45:00,214207,215269.0,221364.0,213152.0,209785.0,218101.75,2612.6385609188123,229875.6875,1,45,7,2,0,0,0.44228869021900125,0.8968727415326884,0.9749279121818236,-0.22252093395631434
2026-08-12 02:00:00,212789,214207.0,218814.0,211757.0,208688.0,216312.5,2016.497045208168,229886.67708333334,2,0,8,2,0,0,0.49999999999999994,0.8660254037844387,0.9749279121818236,-0.22252093395631434
2026-08-12 02:15:00,211865,212789.0,216960.0,211064.0,207948.0,214806.25,1758.898779539798,229897.42708333334,2,15,9,2,0,0,0.5555702330196022,0.8314696123025452,0.9749279121818236,-0.22252093395631434
2026-08-12 02:30:00,210807,211865.0,215269.0,210229.0,207266.0,213532.5,1505.9582774211476,229905.77083333334,2,30,10,2,0,0,0.6087614290087207,0.7933533402912352,0.9749279121818236,-0.22252093395631434
2026-08-12 02:45:00,210626,210807.0,214207.0,209719.0,206463.0,212417.0,1442.1382273092245,229911.79166666666,2,45,11,2,0,0,0.6593458151000688,0.7518398074789774,0.9749279121818236,-0.22252093395631434
2026-08-12 03:00:00,209612,210626.0,212789.0,209077.0,206153.0,211521.75,1006.1442491014568,229921.23958333334,3,0,12,2,0,0,0.7071067811865476,0.7071067811865476,0.9749279121818236,-0.22252093395631434
2026-08-12 03:15:00,208894,209612.0,211865.0,208168.0,205554.0,210727.5,922.8342212986806,229926.8125,3,15,13,2,0,0,0.7518398074789774,0.6593458151000688,0.9749279121818236,-0.22252093395631434
2026-08-12 03:30:00,208453,208894.0,210807.0,207579.0,204677.0,209984.75,897.3989729583025,229934.375,3,30,14,2,0,0,0.7933533402912352,0.6087614290087207,0.9749279121818236,-0.22252093395631434
2026-08-12 03:45:00,207744,208453.0,210626.0,207041.0,203535.0,209396.25,948.8253703043974,229943.47916666666,3,45,15,2,0,0,0.8314696123025451,0.5555702330196024,0.9749279121818236,-0.22252093395631434
2026-08-12 04:00:00,207013,207744.0,209612.0,206304.0,203676.0,208675.75,783.5757249089696,229950.80208333334,4,0,16,2,0,0,0.8660254037844386,0.5000000000000001,0.9749279121818236,-0.22252093395631434
2026-08-12 04:15:00,207933,207013.0,208894.0,207150.0,204436.0,208026.0,824.9133287806328,229958.1875,4,15,17,2,0,0,0.8968727415326884,0.44228869021900125,0.9749279121818236,-0.22252093395631434
2026-08-12 04:30:00,207820,207933.0,208453.0,207220.0,204613.0,207785.75,596.0399175669993,229966.34375,4,30,18,2,0,0,0.9238795325112867,0.38268343236508984,0.9749279121818236,-0.22252093395631434
2026-08-12 04:45:00,209114,207820.0,207744.0,208053.0,205810.0,207627.5,416.960829495142,229972.59375,4,45,19,2,0,0,0.9469301294951056,0.3214394653031617,0.9749279121818236,-0.22252093395631434
2026-08-12 05:00:00,210581,209114.0,207013.0,209257.0,206645.0,207970.0,865.7278248194484,229983.64583333334,5,0,20,2,0,0,0.9659258262890683,0.25881904510252074,0.9749279121818236,-0.22252093395631434
2026-08-12 05:15:00,212706,210581.0,207933.0,211568.0,208431.0,208862.0,1286.7620862718227,229997.4375,5,15,21,2,0,0,0.9807852804032304,0.19509032201612833,0.9749279121818236,-0.22252093395631434
2026-08-12 05:30:00,214923,212706.0,207820.0,214350.0,210770.0,210055.25,2096.44005797128,230009.29166666666,5,30,22,2,0,0,0.9914448613738104,0.1305261922200517,0.9749279121818236,-0.22252093395631434
2026-08-12 05:45:00,216110,214923.0,209114.0,215480.0,211976.0,211831.0,2534.4741729465845,230015.26041666666,5,45,23,2,0,0,0.9978589232386035,0.06540312923014327,0.9749279121818236,-0.22252093395631434
2026-08-12 06:00:00,217143,216110.0,210581.0,217671.0,213733.0,213580.0,2446.9318203279167,230021.82291666666,6,0,24,2,0,0,1.0,6.123233995736766e-17,0.9749279121818236,-0.22252093395631434
2026-08-12 06:15:00,219071,217143.0,212706.0,220085.0,215949.0,215220.5,1905.9934417515644,230016.32291666666,6,15,25,2,0,0,0.9978589232386035,-0.06540312923014314,0.9749279121818236,-0.22252093395631434
2026-08-12 06:30:00,221448,219071.0,214923.0,223552.0,219315.0,216811.75,1758.1966850535587,230005.76041666666,6,30,26,2,0,0,0.9914448613738104,-0.1305261922200516,0.9749279121818236,-0.22252093395631434
2026-08-12 06:45:00,223831,221448.0,216110.0,225597.0,220748.0,218443.0,2349.276342479383,229983.84375,6,45,27,2,0,0,0.9807852804032304,-0.1950903220161282,0.9749279121818236,-0.22252093395631434
2026-08-12 07:00:00,225334,223831.0,217143.0,226108.0,221617.0,220373.25,2900.6604276727494,229965.44791666666,7,0,28,2,0,0,0.9659258262890683,-0.25881904510252063,0.9749279121818236,-0.22252093395631434
2026-08-12 07:15:00,225348,225334.0,219071.0,227125.0,222435.0,222421.0,2747.295518626757,229957.38541666666,7,15,29,2,0,0,0.9469301294951057,-0.3214394653031616,0.9749279121818236,-0.22252093395631434
2026-08-12 07:30:00,226078,225348.0,221448.0,226594.0,221578.0,223990.25,1838.2550376194652,229938.875,7,30,30,2,0,0,0.9238795325112868,-0.3826834323650895,0.9749279121818236,-0.22252093395631434
2026-08-12 07:45:00,225456,226078.0,223831.0,225539.0,221523.0,225147.75,944.1018218391592,229933.5,7,45,31,2,0,0,0.8968727415326884,-0.44228869021900113,0.9749279121818236,-0.22252093395631434
2026-08-12 08:00:00,224797,225456.0,225334.0,224088.0,221598.0,225554.0,353.5609329851884,229932.63541666666,8,0,32,2,0,0,0.8660254037844387,-0.4999999999999998,0.9749279121818236,-0.22252093395631434
2026-08-12 08:15:00,227596,224797.0,225348.0,226562.0,223784.0,225419.75,525.2214612269363,229940.02083333334,8,15,33,2,0,0,0.8314696123025451,-0.5555702330196023,0.9749279121818236,-0.22252093395631434
2026-08-12 08:30:00,229982,227596.0,226078.0,228896.0,225814.0,225981.75,1196.5384448483176,229950.79166666666,8,30,34,2,0,0,0.7933533402912352,-0.6087614290087207,0.9749279121818236,-0.22252093395631434
2026-08-12 08:45:00,232788,229982.0,225456.0,231838.0,228597.0,226957.75,2343.611511464028,229962.10416666666,8,45,35,2,0,0,0.7518398074789774,-0.6593458151000688,0.9749279121818236,-0.22252093395631434
2026-08-12 09:00:00,235037,232788.0,224797.0,233312.0,231121.0,228790.75,3404.63168590476,229972.0,9,0,36,2,0,0,0.7071067811865476,-0.7071067811865475,0.9749279121818236,-0.22252093395631434
2026-08-12 09:15:00,239275,235037.0,227596.0,237634.0,235181.0,231350.75,3246.831827592351,229989.96875,9,15,37,2,0,0,0.659345815100069,-0.7518398074789773,0.9749279121818236,-0.22252093395631434
2026-08-12 09:30:00,242088,239275.0,229982.0,238912.0,236436.0,234270.5,3925.199825061988,230007.0625,9,30,38,2,0,0,0.6087614290087209,-0.793353340291235,0.9749279121818236,-0.22252093395631434
2026-08-12 09:45:00,242724,242088.0,232788.0,240695.0,237734.0,237297.0,4175.517772284853,230040.14583333334,9,45,39,2,0,0,0.5555702330196025,-0.831469612302545,0.9749279121818236,-0.22252093395631434
2026-08-12 10:00:00,242922,242724.0,235037.0,241141.0,239273.0,239781.0,3499.765230221402,230061.28125,10,0,40,2,0,0,0.49999999999999994,-0.8660254037844387,0.9749279121818236,-0.22252093395631434
2026-08-12 10:15:00,243754,242922.0,239275.0,241870.0,240125.0,241752.25,1689.3893127399544,230079.83333333334,10,15,41,2,0,0,0.4422886902190017,-0.8968727415326881,0.9749279121818236,-0.22252093395631434
2026-08-12 10:30:00,242802,243754.0,242088.0,241651.0,241388.0,242872.0,687.261231265067,230099.45833333334,10,30,42,2,0,0,0.3826834323650899,-0.9238795325112867,0.9749279121818236,-0.22252093395631434
2026-08-12 10:45:00,241399,242802.0,242724.0,241101.0,240131.0,243050.5,476.01785680788703,230111.44791666666,10,45,43,2,0,0,0.32143946530316175,-0.9469301294951056,0.9749279121818236,-0.22252093395631434
2026-08-12 11:00:00,239451,241399.0,242922.0,241054.0,240673.0,242719.25,976.6819253642972,230114.55208333334,11,0,44,2,0,0,0.258819045102521,-0.9659258262890682,0.9749279121818236,-0.22252093395631434
2026-08-12 11:15:00,238139,239451.0,243754.0,240897.0,240350.0,241851.5,1869.9476819775741,230097.85416666666,11,15,45,2,0,0,0.19509032201612816,-0.9807852804032304,0.9749279121818236,-0.22252093395631434
2026-08-12 11:30:00,241648,238139.0,242802.0,241017.0,241748.0,240447.75,2063.2665646170512,230069.125,11,30,46,2,0,0,0.130526192220052,-0.9914448613738104,0.9749279121818236,-0.22252093395631434
2026-08-12 11:45:00,242916,241648.0,241399.0,241208.0,241716.0,240159.25,1666.9717804050101,230075.69791666666,11,45,47,2,0,0,0.06540312923014312,-0.9978589232386035,0.9749279121818236,-0.22252093395631434
2026-08-12 12:00:00,242174,242916.0,239451.0,241524.0,241531.0,240538.5,2146.606080925573,230093.48958333334,12,0,48,2,0,0,1.2246467991473532e-16,-1.0,0.9749279121818236,-0.22252093395631434
2026-08-12 12:15:00,242139,242174.0,238139.0,240790.0,240779.0,241219.25,2118.3542944150417,230100.26041666666,12,15,49,2,0,0,-0.06540312923014287,-0.9978589232386035,0.9749279121818236,-0.22252093395631434
2026-08-12 12:30:00,242049,242139.0,241648.0,240545.0,240401.0,242219.25,522.9004844773518,230114.3125,12,30,50,2,0,0,-0.13052619222005177,-0.9914448613738104,0.9749279121818236,-0.22252093395631434
2026-08-12 12:45:00,241968,242049.0,242916.0,240330.0,239234.0,242319.5,401.1371336587821,230129.97916666666,12,45,51,2,0,0,-0.19509032201612792,-0.9807852804032305,0.9749279121818236,-0.22252093395631434
2026-08-12 13:00:00,240409,241968.0,242174.0,238741.0,237822.0,242082.5,92.73079315945314,230147.04166666666,13,0,52,2,0,0,-0.2588190451025208,-0.9659258262890683,0.9749279121818236,-0.22252093395631434
2026-08-12 13:15:00,237535,240409.0,242139.0,236303.0,235160.0,241641.25,824.4636135087959,230164.41666666666,13,15,53,2,0,0,-0.32143946530316153,-0.9469301294951057,0.9749279121818236,-0.22252093395631434
2026-08-12 13:30:00,238746,237535.0,242049.0,237350.0,235493.0,240490.25,2109.782828476269,230177.25,13,30,54,2,0,0,-0.38268343236508967,-0.9238795325112868,0.9749279121818236,-0.22252093395631434
2026-08-12 13:45:00,241097,238746.0,241968.0,238864.0,236475.0,239664.5,1935.5279210937044,230191.79166666666,13,45,55,2,0,0,-0.44228869021900147,-0.8968727415326883,0.9749279121818236,-0.22252093395631434
2026-08-12 14:00:00,243055,241097.0,240409.0,239476.0,236968.0,239446.75,1611.9438317344216,230215.05208333334,14,0,56,2,0,0,-0.4999999999999997,-0.8660254037844388,0.9749279121818236,-0.22252093395631434
2026-08-12 14:15:00,243799,243055.0,237535.0,239641.0,237658.0,240108.25,2458.882046106858,230252.33333333334,14,15,57,2,0,0,-0.555570233019602,-0.8314696123025455,0.9749279121818236,-0.22252093395631434
2026-08-12 14:30:00,246021,243799.0,238746.0,241849.0,240408.0,241674.25,2260.449715580209,230295.64583333334,14,30,58,2,0,0,-0.6087614290087207,-0.7933533402912352,0.9749279121818236,-0.22252093395631434
2026-08-12 14:45:00,246630,246021.0,241097.0,242950.0,240619.0,243493.0,2034.4597972598604,230339.10416666666,14,45,59,2,0,0,-0.6593458151000688,-0.7518398074789774,0.9749279121818236,-0.22252093395631434
2026-08-12 15:00:00,246579,246630.0,243055.0,244108.0,241566.0,244876.25,1718.8669475364613,230377.4375,15,0,60,2,0,0,-0.7071067811865471,-0.7071067811865479,0.9749279121818236,-0.22252093395631434
2026-08-12 15:15:00,246394,246579.0,243799.0,244327.0,241742.0,245757.25,1334.3253913494902,230403.17708333334,15,15,61,2,0,0,-0.7518398074789773,-0.6593458151000691,0.9749279121818236,-0.22252093395631434
2026-08-12 15:30:00,246168,246394.0,246021.0,244420.0,240983.0,246406.0,275.96738937774967,230424.70833333334,15,30,62,2,0,0,-0.7933533402912349,-0.6087614290087209,0.9749279121818236,-0.22252093395631434
2026-08-12 15:45:00,246129,246168.0,246630.0,244800.0,239945.0,246442.75,209.35675293615478,230442.91666666666,15,45,63,2,0,0,-0.8314696123025452,-0.5555702330196022,0.9749279121818236,-0.22252093395631434
2026-08-12 16:00:00,243769,246129.0,246579.0,244041.0,239855.0,246317.5,209.85471164587028,230456.76041666666,16,0,64,2,0,0,-0.8660254037844385,-0.5000000000000004,0.9749279121818236,-0.22252093395631434
2026-08-12 16:15:00,241528,243769.0,246394.0,240246.0,235794.0,245615.0,1236.1987434604969,230453.92708333334,16,15,65,2,0,0,-0.8968727415326883,-0.44228869021900136,0.9749279121818236,-0.22252093395631434
2026-08-12 16:30:00,240479,241528.0,246168.0,240586.0,234875.0,244398.5,2218.242622738397,230467.28125,16,30,66,2,0,0,-0.9238795325112868,-0.3826834323650895,0.9749279121818236,-0.22252093395631434
2026-08-12 16:45:00,240757,240479.0,246129.0,240205.0,234559.0,242976.25,2510.1109371234256,230466.16666666666,16,45,67,2,0,0,-0.9469301294951056,-0.3214394653031618,0.9749279121818236,-0.22252093395631434
2026-08-12 17:00:00,239010,240757.0,243769.0,238556.0,233086.0,241633.25,1491.3766291584393,230471.91666666666,17,0,68,2,0,0,-0.9659258262890683,-0.25881904510252063,0.9749279121818236,-0.22252093395631434
2026-08-12 17:15:00,236978,239010.0,241528.0,234680.0,230059.0,240443.5,1053.6610777031995,230476.64583333334,17,15,69,2,0,0,-0.9807852804032303,-0.19509032201612866,0.9749279121818236,-0.22252093395631434
2026-08-12 17:30:00,235989,236978.0,240479.0,233312.0,229991.0,239306.0,1730.9467544285317,230500.58333333334,17,30,70,2,0,0,-0.9914448613738104,-0.13052619222005163,0.9749279121818236,-0.22252093395631434
2026-08-12 17:45:00,235204,235989.0,240757.0,232390.0,229362.0,238183.5,2127.2098313675283,230528.46875,17,45,71,2,0,0,-0.9978589232386035,-0.06540312923014273,0.9749279121818236,-0.22252093395631434
2026-08-12 18:00:00,234756,235204.0,239010.0,232171.0,228333.0,236795.25,1645.2589208591621,230557.78125,18,0,72,2,0,0,-1.0,-1.8369701987210297e-16,0.9749279121818236,-0.22252093395631434
2026-08-12 18:15:00,233764,234756.0,236978.0,229523.0,227570.0,235731.75,974.6665669174533,230584.70833333334,18,15,73,2,0,0,-0.9978589232386036,0.06540312923014237,0.9749279121818236,-0.22252093395631434
2026-08-12 18:30:00,234331,233764.0,235989.0,231689.0,229981.0,234928.25,928.5071800117266,230628.88541666666,18,30,74,2,0,0,-0.9914448613738105,0.13052619222005127,0.9749279121818236,-0.22252093395631434
2026-08-12 18:45:00,235908,234331.0,235204.0,233513.0,233147.0,234513.75,613.9089916266023,230656.40625,18,45,75,2,0,0,-0.9807852804032304,0.1950903220161283,0.9749279121818236,-0.22252093395631434
2026-08-12 19:00:00,238254,235908.0,234756.0,235521.0,235898.0,234689.75,908.1550436645313,230681.35416666666,19,0,76,2,0,0,-0.9659258262890684,0.2588190451025203,0.9749279121818236,-0.22252093395631434
2026-08-12 19:15:00,240699,238254.0,233764.0,237231.0,238367.0,235564.25,2009.537654121797,230709.82291666666,19,15,77,2,0,0,-0.9469301294951057,0.3214394653031615,0.9749279121818236,-0.22252093395631434
2026-08-12 19:30:00,240956,240699.0,234331.0,237869.0,240285.0,237298.0,2781.8414764324702,230745.94791666666,19,30,78,2,0,0,-0.923879532511287,0.38268343236508917,0.9749279121818236,-0.22252093395631434
2026-08-12 19:45:00,241004,240956.0,235908.0,237983.0,240695.0,238954.25,2367.9206595661067,230778.10416666666,19,45,79,2,0,0,-0.8968727415326884,0.442288690219001,0.9749279121818236,-0.22252093395631434
2026-08-12 20:00:00,240474,241004.0,238254.0,236199.0,239884.0,240228.25,1322.9609152704893,230809.57291666666,20,0,80,2,0,0,-0.8660254037844386,0.5000000000000001,0.9749279121818236,-0.22252093395631434
2026-08-12 20:15:00,238590,240474.0,240699.0,235278.0,238346.0,240783.25,245.8364971547657,230854.10416666666,20,15,81,2,0,0,-0.8314696123025455,0.5555702330196018,0.9749279121818236,-0.22252093395631434
2026-08-12 20:30:00,238572,238590.0,240956.0,235616.0,238493.0,240256.0,1136.1607867433775,230888.60416666666,20,30,82,2,0,0,-0.7933533402912357,0.6087614290087199,0.9749279121818236,-0.22252093395631434
2026-08-12 20:45:00,239241,238572.0,241004.0,235167.0,237545.0,239660.0,1264.5916336904936,230919.39583333334,20,45,83,2,0,0,-0.7518398074789772,0.6593458151000691,0.9749279121818236,-0.22252093395631434
2026-08-12 21:00:00,238600,239241.0,240474.0,234908.0,237489.0,239219.25,892.516806564443,230961.83333333334,21,0,84,2,0,0,-0.7071067811865477,0.7071067811865474,0.9749279121818236,-0.22252093395631434
2026-08-12 21:15:00,239298,238600.0,238590.0,234178.0,237238.0,238750.75,327.0386062837097,231000.29166666666,21,15,85,2,0,0,-0.6593458151000687,0.7518398074789775,0.9749279121818236,-0.22252093395631434
2026-08-12 21:30:00,239066,239298.0,238572.0,234509.0,237005.0,238927.75,395.4696574959824,231053.625,21,30,86,2,0,0,-0.608761429008721,0.7933533402912349,0.9749279121818236,-0.22252093395631434
2026-08-12 21:45:00,237311,239066.0,239241.0,234708.0,236446.0,239051.25,316.614776450271,231101.09375,21,45,87,2,0,0,-0.555570233019603,0.8314696123025447,0.9749279121818236,-0.22252093395631434
2026-08-12 22:00:00,236630,237311.0,238600.0,233711.0,235155.0,238568.75,887.3133136985239,231128.20833333334,22,0,88,2,0,0,-0.5000000000000004,0.8660254037844384,0.9749279121818236,-0.22252093395631434
2026-08-12 22:15:00,237890,236630.0,239298.0,235123.0,235674.0,238076.25,1310.1558113445872,231158.61458333334,22,15,89,2,0,0,-0.4422886902190014,0.8968727415326883,0.9749279121818236,-0.22252093395631434
2026-08-12 22:30:00,237802,237890.0,239066.0,234659.0,235734.0,237724.25,1032.137708835402,231187.4375,22,30,90,2,0,0,-0.38268343236508956,0.9238795325112868,0.9749279121818236,-0.22252093395631434
2026-08-12 22:45:00,236335,237802.0,237311.0,233587.0,234842.0,237408.25,578.0002162629295,231220.17708333334,22,45,91,2,0,0,-0.32143946530316186,0.9469301294951056,0.9749279121818236,-0.22252093395631434
2026-08-12 23:00:00,233853,236335.0,236630.0,232669.0,232974.0,237164.25,797.1860406036499,231248.80208333334,23,0,92,2,0,0,-0.25881904510252157,0.9659258262890681,0.9749279121818236,-0.22252093395631434
2026-08-12 23:15:00,232981,233853.0,237890.0,230833.0,232056.0,236470.0,1884.811042695438,231261.13541666666,23,15,93,2,0,0,-0.19509032201612872,0.9807852804032303,0.9749279121818236,-0.22252093395631434
2026-08-12 23:30:00,232033,232981.0,237802.0,229378.0,229593.0,235242.75,2220.3369676695443,231283.51041666666,23,30,94,2,0,0,-0.13052619222005168,0.9914448613738104,0.9749279121818236,-0.22252093395631434
2026-08-12 23:45:00,230237,232033.0,236335.0,227185.0,227411.0,233800.5,1845.903843649493,231311.16666666666,23,45,95,2,0,0,-0.0654031292301428,0.9978589232386035,0.9749279121818236,-0.22252093395631434
2026-08-13 00:00:00,229043,230237.0,233853.0,224937.0,224689.0,232276.0,1549.2497108815685,231342.95833333334,0,0,0,3,0,0,0.0,1.0,0.43388373911755823,-0.900968867902419
2026-08-13 00:15:00,228573,229043.0,232981.0,223511.0,223036.0,231073.5,1768.4135074504777,231385.72916666666,0,15,1,3,0,0,0.06540312923014306,0.9978589232386035,0.43388373911755823,-0.900968867902419
2026-08-13 00:30:00,227575,228573.0,232033.0,222654.0,221133.0,229971.5,1542.5289840604694,231438.45833333334,0,30,2,3,0,0,0.13052619222005157,0.9914448613738104,0.43388373911755823,-0.900968867902419
2026-08-13 00:45:00,226485,227575.0,230237.0,221364.0,220234.0,228857.0,1105.0152336808007,231489.71875,0,45,3,3,0,0,0.19509032201612825,0.9807852804032304,0.43388373911755823,-0.900968867902419
2026-08-13 01:00:00,225232,226485.0,229043.0,218814.0,218397.0,227919.0,1135.162837070803,231543.0625,1,0,4,3,0,0,0.25881904510252074,0.9659258262890683,0.43388373911755823,-0.900968867902419
2026-08-13 01:15:00,223745,225232.0,228573.0,216960.0,216601.0,226966.25,1436.5986159443808,231609.91666666666,1,15,5,3,0,0,0.3214394653031616,0.9469301294951057,0.43388373911755823,-0.900968867902419
2026-08-13 01:30:00,222542,223745.0,227575.0,215269.0,214649.0,225759.25,1649.1267133445604,231680.59375,1,30,6,3,0,0,0.3826834323650898,0.9238795325112867,0.43388373911755823,-0.900968867902419
2026-08-13 01:45:00,221370,222542.0,226485.0,214207.0,213152.0,224501.0,1720.4489724100022,231756.35416666666,1,45,7,3,0,0,0.44228869021900125,0.8968727415326884,0.43388373911755823,-0.900968867902419
2026-08-13 02:00:00,219942,221370.0,225232.0,212789.0,211757.0,223222.25,1653.877539803543,231830.96875,2,0,8,3,0,0,0.49999999999999994,0.8660254037844387,0.43388373911755823,-0.900968867902419
2026-08-13 02:15:00,218675,219942.0,223745.0,211865.0,211064.0,221899.75,1625.9205341385227,231905.47916666666,2,15,9,3,0,0,0.5555702330196022,0.8314696123025452,0.43388373911755823,-0.900968867902419
2026-08-13 02:30:00,217414,218675.0,222542.0,210807.0,210229.0,220632.25,1683.1213810457305,231976.41666666666,2,30,10,3,0,0,0.6087614290087207,0.7933533402912352,0.43388373911755823,-0.900968867902419
2026-08-13 02:45:00,217668,217414.0,221370.0,210626.0,209719.0,219350.25,1696.52436371147,232045.23958333334,2,45,11,3,0,0,0.6593458151000688,0.7518398074789774,0.43388373911755823,-0.900968867902419
2026-08-13 03:00:00,217194,217668.0,219942.0,209612.0,209077.0,218424.75,1148.7614707443001,232118.59375,3,0,12,3,0,0,0.7071067811865476,0.7071067811865476,0.43388373911755823,-0.900968867902419
2026-08-13 03:15:00,216943,217194.0,218675.0,208894.0,208168.0,217737.75,654.1612313998802,232197.57291666666,3,15,13,3,0,0,0.7518398074789774,0.6593458151000688,0.43388373911755823,-0.900968867902419
2026-08-13 03:30:00,216336,216943.0,217414.0,208453.0,207579.0,217304.75,309.3082335361905,232281.41666666666,3,30,14,3,0,0,0.7933533402912352,0.6087614290087207,0.43388373911755823,-0.900968867902419
2026-08-13 03:45:00,215921,216336.0,217668.0,207744.0,207041.0,217035.25,554.6875246478397,232363.53125,3,45,15,3,0,0,0.8314696123025451,0.5555702330196024,0.43388373911755823,-0.900968867902419
2026-08-13 04:00:00,215156,215921.0,217194.0,207013.0,206304.0,216598.5,577.7003260052903,232448.70833333334,4,0,16,3,0,0,0.8660254037844386,0.5000000000000001,0.43388373911755823,-0.900968867902419
2026-08-13 04:15:00,216074,215156.0,216943.0,207933.0,207150.0,216089.0,750.3416999385138,232533.53125,4,15,17,3,0,0,0.8968727415326884,0.44228869021900125,0.43388373911755823,-0.900968867902419
2026-08-13 04:30:00,216212,216074.0,216336.0,207820.0,207220.0,215871.75,507.003205118029,232618.33333333334,4,30,18,3,0,0,0.9238795325112867,0.38268343236508984,0.43388373911755823,-0.900968867902419
2026-08-13 04:45:00,216480,216212.0,215921.0,209114.0,208053.0,215840.75,471.71840116742754,232705.75,4,45,19,3,0,0,0.9469301294951056,0.3214394653031617,0.43388373911755823,-0.900968867902419
2026-08-13 05:00:00,216968,216480.0,215156.0,210581.0,209257.0,215980.5,574.9304305739557,232782.47916666666,5,0,20,3,0,0,0.9659258262890683,0.25881904510252074,0.43388373911755823,-0.900968867902419
2026-08-13 05:15:00,218153,216968.0,216074.0,212706.0,211568.0,216433.5,394.18904094349165,232849.01041666666,5,15,21,3,0,0,0.9807852804032304,0.19509032201612833,0.43388373911755823,-0.900968867902419
2026-08-13 05:30:00,220256,218153.0,216212.0,214923.0,214350.0,216953.25,858.8819767581252,232905.75,5,30,22,3,0,0,0.9914448613738104,0.1305261922200517,0.43388373911755823,-0.900968867902419
2026-08-13 05:45:00,221671,220256.0,216480.0,216110.0,215480.0,217964.25,1681.5921770750288,232961.30208333334,5,45,23,3,0,0,0.9978589232386035,0.06540312923014327,0.43388373911755823,-0.900968867902419
2026-08-13 06:00:00,223215,221671.0,216968.0,217143.0,217671.0,219262.0,2104.252361291282,233019.22916666666,6,0,24,3,0,0,1.0,6.123233995736766e-17,0.43388373911755823,-0.900968867902419
2026-08-13 06:15:00,225428,223215.0,218153.0,219071.0,220085.0,220823.75,2151.832920248832,233082.47916666666,6,15,25,3,0,0,0.9978589232386035,-0.06540312923014314,0.43388373911755823,-0.900968867902419
2026-08-13 06:30:00,228056,225428.0,220256.0,221448.0,223552.0,222642.5,2215.548163923912,233148.69791666666,6,30,26,3,0,0,0.9914448613738104,-0.1305261922200516,0.43388373911755823,-0.900968867902419
2026-08-13 06:45:00,230737,228056.0,221671.0,223831.0,225597.0,224592.5,2776.4822467767763,233217.53125,6,45,27,3,0,0,0.9807852804032304,-0.1950903220161282,0.43388373911755823,-0.900968867902419
2026-08-13 07:00:00,231436,230737.0,223215.0,225334.0,226108.0,226859.0,3255.671461721314,233289.46875,7,0,28,3,0,0,0.9659258262890683,-0.25881904510252063,0.43388373911755823,-0.900968867902419
2026-08-13 07:15:00,232379,231436.0,225428.0,225348.0,227125.0,228914.25,2743.001564588194,233353.03125,7,15,29,3,0,0,0.9469301294951057,-0.3214394653031616,0.43388373911755823,-0.900968867902419
2026-08-13 07:30:00,232905,232379.0,228056.0,226078.0,226594.0,230652.0,1856.8455329760914,233426.27083333334,7,30,30,3,0,0,0.9238795325112868,-0.3826834323650895,0.43388373911755823,-0.900968867902419
2026-08-13 07:45:00,232502,232905.0,230737.0,225456.0,225539.0,231864.25,966.4744780213216,233497.38541666666,7,45,31,3,0,0,0.8968727415326884,-0.44228869021900113,0.43388373911755823,-0.900968867902419
2026-08-13 08:00:00,230738,232502.0,231436.0,224797.0,224088.0,232305.5,621.6764967944229,233570.78125,8,0,32,3,0,0,0.8660254037844387,-0.4999999999999998,0.43388373911755823,-0.900968867902419
2026-08-13 08:15:00,233265,230738.0,232379.0,227596.0,226562.0,232131.0,955.4527722498486,233632.66666666666,8,15,33,3,0,0,0.8314696123025451,-0.5555702330196023,0.43388373911755823,-0.900968867902419
2026-08-13 08:30:00,235621,233265.0,232905.0,229982.0,228896.0,232352.5,1120.5464440768408,233691.71875,8,30,34,3,0,0,0.7933533402912352,-0.6087614290087207,0.43388373911755823,-0.900968867902419
2026-08-13 08:45:00,238312,235621.0,232502.0,232788.0,231838.0,233031.5,2024.890532020578,233750.45833333334,8,45,35,3,0,0,0.7518398074789774,-0.6593458151000688,0.43388373911755823,-0.900968867902419
2026-08-13 09:00:00,239152,238312.0,230738.0,235037.0,233312.0,234484.0,3238.560894389139,233808.0,9,0,36,3,0,0,0.7071067811865476,-0.7071067811865475,0.43388373911755823,-0.900968867902419
2026-08-13 09:15:00,242902,239152.0,233265.0,239275.0,237634.0,236587.5,2678.5374740704924,233850.86458333334,9,15,37,3,0,0,0.659345815100069,-0.7518398074789773,0.43388373911755823,-0.900968867902419
2026-08-13 09:30:00,245711,242902.0,235621.0,242088.0,238912.0,238996.75,3007.74836879682,233888.64583333334,9,30,38,3,0,0,0.6087614290087209,-0.793353340291235,0.43388373911755823,-0.900968867902419
2026-08-13 09:45:00,247311,245711.0,238312.0,242724.0,240695.0,241519.25,3433.8069616680455,233926.38541666666,9,45,39,3,0,0,0.5555702330196025,-0.831469612302545,0.43388373911755823,-0.900968867902419
2026-08-13 10:00:00,247241,247311.0,239152.0,242922.0,241141.0,243769.0,3577.0335009147702,233974.16666666666,10,0,40,3,0,0,0.49999999999999994,-0.8660254037844387,0.43388373911755823,-0.900968867902419
2026-08-13 10:15:00,246559,247241.0,242902.0,243754.0,241870.0,245791.25,2062.8152890325828,234019.15625,10,15,41,3,0,0,0.4422886902190017,-0.8968727415326881,0.43388373911755823,-0.900968867902419
2026-08-13 10:30:00,246178,246559.0,245711.0,242802.0,241651.0,246705.5,744.7332855905986,234048.375,10,30,42,3,0,0,0.3826834323650899,-0.9238795325112867,0.43388373911755823,-0.900968867902419
2026-08-13 10:45:00,246050,246178.0,247311.0,241399.0,241101.0,246822.25,547.2923502722912,234083.54166666666,10,45,43,3,0,0,0.32143946530316175,-0.9469301294951056,0.43388373911755823,-0.900968867902419
2026-08-13 11:00:00,246368,246050.0,247241.0,239451.0,241054.0,246507.0,534.961057772655,234131.98958333334,11,0,44,3,0,0,0.258819045102521,-0.9659258262890682,0.43388373911755823,-0.900968867902419
2026-08-13 11:15:00,245166,246368.0,246559.0,238139.0,240897.0,246288.75,222.54793491120066,234204.04166666666,11,15,45,3,0,0,0.19509032201612816,-0.9807852804032304,0.43388373911755823,-0.900968867902419
2026-08-13 11:30:00,245903,245166.0,246178.0,241648.0,241017.0,245940.5,532.6046063136987,234277.23958333334,11,30,46,3,0,0,0.130526192220052,-0.9914448613738104,0.43388373911755823,-0.900968867902419
2026-08-13 11:45:00,246773,245903.0,246050.0,242916.0,241208.0,245871.75,508.95210973126336,234321.5625,11,45,47,3,0,0,0.06540312923014312,-0.9978589232386035,0.43388373911755823,-0.900968867902419
2026-08-13 12:00:00,246544,246773.0,246368.0,242174.0,241524.0,246052.5,689.660061189498,234361.73958333334,12,0,48,3,0,0,1.2246467991473532e-16,-1.0,0.43388373911755823,-0.900968867902419
2026-08-13 12:15:00,245719,246544.0,245166.0,242139.0,240790.0,246096.5,721.3831621728972,234407.26041666666,12,15,49,3,0,0,-0.06540312923014287,-0.9978589232386035,0.43388373911755823,-0.900968867902419
2026-08-13 12:30:00,244311,245719.0,245903.0,242049.0,240545.0,246234.75,503.78724014531815,234444.55208333334,12,30,50,3,0,0,-0.13052619222005177,-0.9914448613738104,0.43388373911755823,-0.900968867902419
2026-08-13 12:45:00,242253,244311.0,246773.0,241968.0,240330.0,245836.75,1113.3350424138162,234468.11458333334,12,45,51,3,0,0,-0.19509032201612792,-0.9807852804032305,0.43388373911755823,-0.900968867902419
2026-08-13 13:00:00,237512,242253.0,246544.0,240409.0,238741.0,244706.75,1877.733096937163,234471.08333333334,13,0,52,3,0,0,-0.2588190451025208,-0.9659258262890683,0.43388373911755823,-0.900968867902419
2026-08-13 13:15:00,232106,237512.0,245719.0,237535.0,236303.0,242448.75,3585.727669060575,234440.90625,13,15,53,3,0,0,-0.32143946530316153,-0.9469301294951057,0.43388373911755823,-0.900968867902419
2026-08-13 13:30:00,233263,232106.0,244311.0,238746.0,237350.0,239045.5,5432.0600450780385,234384.35416666666,13,30,54,3,0,0,-0.38268343236508967,-0.9238795325112868,0.43388373911755823,-0.900968867902419
2026-08-13 13:45:00,237683,233263.0,242253.0,241097.0,238864.0,236283.5,4608.653780299252,234327.23958333334,13,45,55,3,0,0,-0.44228869021900147,-0.8968727415326883,0.43388373911755823,-0.900968867902419
2026-08-13 14:00:00,237237,237683.0,237512.0,243055.0,239476.0,235141.0,2876.4279931887572,234291.67708333334,14,0,56,3,0,0,-0.4999999999999997,-0.8660254037844388,0.43388373911755823,-0.900968867902419
2026-08-13 14:15:00,241595,237237.0,232106.0,243799.0,239641.0,235072.25,2803.2233083838623,234231.07291666666,14,15,57,3,0,0,-0.555570233019602,-0.8314696123025455,0.43388373911755823,-0.900968867902419
2026-08-13 14:30:00,243189,241595.0,233263.0,246021.0,241849.0,237444.5,3406.4414961461716,234208.11458333334,14,30,58,3,0,0,-0.6087614290087207,-0.7933533402912352,0.43388373911755823,-0.900968867902419
2026-08-13 14:45:00,244587,243189.0,237683.0,246630.0,242950.0,239926.0,2926.5736507617935,234178.61458333334,14,45,59,3,0,0,-0.6593458151000688,-0.7518398074789774,0.43388373911755823,-0.900968867902419
2026-08-13 15:00:00,246340,244587.0,237237.0,246579.0,244108.0,241652.0,3187.060714827989,234157.33333333334,15,0,60,3,0,0,-0.7071067811865471,-0.7071067811865479,0.43388373911755823,-0.900968867902419
2026-08-13 15:15:00,245897,246340.0,241595.0,246394.0,244327.0,243927.75,2019.9863654655153,234154.84375,15,15,61,3,0,0,-0.7518398074789773,-0.6593458151000691,0.43388373911755823,-0.900968867902419
2026-08-13 15:30:00,246868,245897.0,243189.0,246168.0,244420.0,245003.25,1420.147498208046,234149.66666666666,15,30,62,3,0,0,-0.7933533402912349,-0.6087614290087209,0.43388373911755823,-0.900968867902419
2026-08-13 15:45:00,246500,246868.0,244587.0,246129.0,244800.0,245923.0,975.1044388508199,234156.95833333334,15,45,63,3,0,0,-0.8314696123025452,-0.5555702330196022,0.43388373911755823,-0.900968867902419
2026-08-13 16:00:00,245323,246500.0,246340.0,243769.0,244041.0,246401.25,402.33764841639464,234160.82291666666,16,0,64,3,0,0,-0.8660254037844385,-0.5000000000000004,0.43388373911755823,-0.900968867902419
2026-08-13 16:15:00,242668,245323.0,245897.0,241528.0,240246.0,246147.0,679.6876733715509,234177.01041666666,16,15,65,3,0,0,-0.8968727415326883,-0.44228869021900136,0.43388373911755823,-0.900968867902419
2026-08-13 16:30:00,242145,242668.0,246868.0,240479.0,240586.0,245339.75,1899.1451366338242,234188.88541666666,16,30,66,3,0,0,-0.9238795325112868,-0.3826834323650895,0.43388373911755823,-0.900968867902419
2026-08-13 16:45:00,240582,242145.0,246500.0,240757.0,240205.0,244159.0,2090.8095720716856,234206.23958333334,16,45,67,3,0,0,-0.9469301294951056,-0.3214394653031618,0.43388373911755823,-0.900968867902419
2026-08-13 17:00:00,240275,240582.0,245323.0,239010.0,238556.0,242679.5,1972.597357124164,234204.41666666666,17,0,68,3,0,0,-0.9659258262890683,-0.25881904510252063,0.43388373911755823,-0.900968867902419
2026-08-13 17:15:00,236643,240275.0,242668.0,236978.0,234680.0,241417.5,1168.5279913919828,234217.59375,17,15,69,3,0,0,-0.9807852804032303,-0.19509032201612866,0.43388373911755823,-0.900968867902419
2026-08-13 17:30:00,236080,236643.0,242145.0,235989.0,233312.0,239911.25,2327.610845910437,234214.10416666666,17,30,70,3,0,0,-0.9914448613738104,-0.13052619222005163,0.43388373911755823,-0.900968867902419
2026-08-13 17:45:00,235943,236080.0,240582.0,235204.0,232390.0,238395.0,2362.632571236279,234215.05208333334,17,45,71,3,0,0,-0.9978589232386035,-0.06540312923014273,0.43388373911755823,-0.900968867902419
2026-08-13 18:00:00,235062,235943.0,240275.0,234756.0,232171.0,237235.25,2049.0121807023384,234222.75,18,0,72,3,0,0,-1.0,-1.8369701987210297e-16,0.43388373911755823,-0.900968867902419
2026-08-13 18:15:00,233722,235062.0,236643.0,233764.0,229523.0,235932.0,654.3307013021416,234225.9375,18,15,73,3,0,0,-0.9978589232386036,0.06540312923014237,0.43388373911755823,-0.900968867902419
2026-08-13 18:30:00,235703,233722.0,236080.0,234331.0,231689.0,235201.75,1084.7372569735735,234225.5,18,30,74,3,0,0,-0.9914448613738105,0.13052619222005127,0.43388373911755823,-0.900968867902419
2026-08-13 18:45:00,237674,235703.0,235943.0,235908.0,233513.0,235107.5,995.7176641330375,234239.79166666666,18,45,75,3,0,0,-0.9807852804032304,0.1950903220161283,0.43388373911755823,-0.900968867902419
2026-08-13 19:00:00,239709,237674.0,235062.0,238254.0,235521.0,235540.25,1644.6005340709798,234258.1875,19,0,76,3,0,0,-0.9659258262890684,0.2588190451025203,0.43388373911755823,-0.900968867902419
2026-08-13 19:15:00,242439,239709.0,233722.0,240699.0,237231.0,236702.0,2573.2750856965454,234273.34375,19,15,77,3,0,0,-0.9469301294951057,0.3214394653031615,0.43388373911755823,-0.900968867902419
2026-08-13 19:30:00,242625,242439.0,235703.0,240956.0,237869.0,238881.25,2881.0577195421147,234291.46875,19,30,78,3,0,0,-0.923879532511287,0.38268343236508917,0.43388373911755823,-0.900968867902419
2026-08-13 19:45:00,242446,242625.0,237674.0,241004.0,237983.0,240611.75,2369.0610481791923,234308.85416666666,19,45,79,3,0,0,-0.8968727415326884,0.442288690219001,0.43388373911755823,-0.900968867902419
2026-08-13 20:00:00,240946,242446.0,239709.0,240474.0,236199.0,241804.75,1399.8157914525373,234323.875,20,0,80,3,0,0,-0.8660254037844386,0.5000000000000001,0.43388373911755823,-0.900968867902419
2026-08-13 20:15:00,240444,240946.0,242439.0,238590.0,235278.0,242114.0,783.4100671635664,234328.79166666666,20,15,81,3,0,0,-0.8314696123025455,0.5555702330196018,0.43388373911755823,-0.900968867902419
2026-08-13 20:30:00,239844,240444.0,242625.0,238572.0,235616.0,241615.25,1084.6601234180312,234348.10416666666,20,30,82,3,0,0,-0.7933533402912357,0.6087614290087199,0.43388373911755823,-0.900968867902419
2026-08-13 20:45:00,239660,239844.0,242446.0,239241.0,235167.0,240920.0,1112.610144360194,234361.35416666666,20,45,83,3,0,0,-0.7518398074789772,0.6593458151000691,0.43388373911755823,-0.900968867902419
2026-08-13 21:00:00,238620,239660.0,240946.0,238600.0,234908.0,240223.5,586.5659951502065,234365.71875,21,0,84,3,0,0,-0.7071067811865477,0.7071067811865474,0.43388373911755823,-0.900968867902419
2026-08-13 21:15:00,239072,238620.0,240444.0,239298.0,234178.0,239642.0,759.1258130243496,234365.92708333334,21,15,85,3,0,0,-0.6593458151000687,0.7518398074789775,0.43388373911755823,-0.900968867902419
2026-08-13 21:30:00,239166,239072.0,239844.0,239066.0,234509.0,239299.0,559.7368429299698,234363.57291666666,21,30,86,3,0,0,-0.608761429008721,0.7933533402912349,0.43388373911755823,-0.900968867902419
2026-08-13 21:45:00,239294,239166.0,239660.0,237311.0,234708.0,239129.5,426.481339958985,234364.61458333334,21,45,87,3,0,0,-0.555570233019603,0.8314696123025447,0.43388373911755823,-0.900968867902419
2026-08-13 22:00:00,238654,239294.0,238620.0,236630.0,233711.0,239038.0,293.14387821206583,234385.27083333334,22,0,88,3,0,0,-0.5000000000000004,0.8660254037844384,0.43388373911755823,-0.900968867902419
2026-08-13 22:15:00,240092,238654.0,239072.0,237890.0,235123.0,239046.5,277.0336922948971,234406.35416666666,22,15,89,3,0,0,-0.4422886902190014,0.8968727415326883,0.43388373911755823,-0.900968867902419
2026-08-13 22:30:00,240382,240092.0,239166.0,237802.0,234659.0,239301.5,595.136678979328,234429.29166666666,22,30,90,3,0,0,-0.38268343236508956,0.9238795325112868,0.43388373911755823,-0.900968867902419
2026-08-13 22:45:00,238273,240382.0,239294.0,236335.0,233587.0,239605.5,783.5855622286653,234456.16666666666,22,45,91,3,0,0,-0.32143946530316186,0.9469301294951056,0.43388373911755823,-0.900968867902419
2026-08-13 23:00:00,237336,238273.0,238654.0,233853.0,232669.0,239350.25,1042.4222992625794,234476.35416666666,23,0,92,3,0,0,-0.25881904510252157,0.9659258262890681,0.43388373911755823,-0.900968867902419
2026-08-13 23:15:00,236647,237336.0,240092.0,232981.0,230833.0,239020.75,1460.3756080770975,234512.63541666666,23,15,93,3,0,0,-0.19509032201612872,0.9807852804032303,0.43388373911755823,-0.900968867902419
2026-08-13 23:30:00,235972,236647.0,240382.0,232033.0,229378.0,238159.5,1624.6227254350092,234550.82291666666,23,30,94,3,0,0,-0.13052619222005168,0.9914448613738104,0.43388373911755823,-0.900968867902419
2026-08-13 23:45:00,234345,235972.0,238273.0,230237.0,227185.0,237057.0,983.5008896792453,234591.85416666666,23,45,95,3,0,0,-0.0654031292301428,0.9978589232386035,0.43388373911755823,-0.900968867902419
2026-08-14 00:00:00,232641,234345.0,237336.0,229043.0,224937.0,236075.0,1280.730780973578,234634.64583333334,0,0,0,4,0,0,0.0,1.0,-0.433883739117558,-0.9009688679024191
2026-08-14 00:15:00,231286,232641.0,236647.0,228573.0,223511.0,234901.25,1789.999324953275,234672.125,0,15,1,4,0,0,0.06540312923014306,0.9978589232386035,-0.433883739117558,-0.9009688679024191
2026-08-14 00:30:00,230356,231286.0,235972.0,227575.0,222654.0,233561.0,2037.1223167333849,234700.38541666666,0,30,2,4,0,0,0.13052619222005157,0.9914448613738104,-0.433883739117558,-0.9009688679024191
2026-08-14 00:45:00,229625,230356.0,234345.0,226485.0,221364.0,232157.0,1734.3434877016741,234729.35416666666,0,45,3,4,0,0,0.19509032201612825,0.9807852804032304,-0.433883739117558,-0.9009688679024191
2026-08-14 01:00:00,227969,229625.0,232641.0,225232.0,218814.0,230977.0,1301.0152445942085,234762.0625,1,0,4,4,0,0,0.25881904510252074,0.9659258262890683,-0.433883739117558,-0.9009688679024191
2026-08-14 01:15:00,225803,227969.0,231286.0,223745.0,216960.0,229809.0,1402.4019870683321,234790.57291666666,1,15,5,4,0,0,0.3214394653031616,0.9469301294951057,-0.433883739117558,-0.9009688679024191
2026-08-14 01:30:00,224546,225803.0,230356.0,222542.0,215269.0,228438.25,2020.7984189423396,234812.01041666666,1,30,6,4,0,0,0.3826834323650898,0.9238795325112867,-0.433883739117558,-0.9009688679024191
2026-08-14 01:45:00,224161,224546.0,229625.0,221370.0,214207.0,226985.75,2257.1145850399043,234832.88541666666,1,45,7,4,0,0,0.44228869021900125,0.8968727415326884,-0.433883739117558,-0.9009688679024191
2026-08-14 02:00:00,221958,224161.0,227969.0,219942.0,212789.0,225619.75,1715.9493727962547,234861.95833333334,2,0,8,4,0,0,0.49999999999999994,0.8660254037844387,-0.433883739117558,-0.9009688679024191
2026-08-14 02:15:00,220547,221958.0,225803.0,218675.0,211865.0,224117.0,1601.026129289123,234882.95833333334,2,15,9,4,0,0,0.5555702330196022,0.8314696123025452,-0.433883739117558,-0.9009688679024191
2026-08-14 02:30:00,220352,220547.0,224546.0,217414.0,210807.0,222803.0,1887.3061931405066,234902.45833333334,2,30,10,4,0,0,0.6087614290087207,0.7933533402912352,-0.433883739117558,-0.9009688679024191
2026-08-14 02:45:00,219465,220352.0,224161.0,217668.0,210626.0,221754.5,1756.6746046626026,234933.0625,2,45,11,4,0,0,0.6593458151000688,0.7518398074789774,-0.433883739117558,-0.9009688679024191
2026-08-14 03:00:00,218457,219465.0,221958.0,217194.0,209612.0,220580.5,1032.0176032089712,234951.78125,3,0,12,4,0,0,0.7071067811865476,0.7071067811865476,-0.433883739117558,-0.9009688679024191
2026-08-14 03:15:00,218990,218457.0,220547.0,216943.0,208894.0,219705.25,956.1514437228017,234964.9375,3,15,13,4,0,0,0.7518398074789774,0.6593458151000688,-0.433883739117558,-0.9009688679024191
2026-08-14 03:30:00,218305,218990.0,220352.0,216336.0,208453.0,219316.0,804.0841581160483,234986.26041666666,3,30,14,4,0,0,0.7933533402912352,0.6087614290087207,-0.433883739117558,-0.9009688679024191
2026-08-14 03:45:00,217334,218305.0,219465.0,215921.0,207744.0,218804.25,529.4420805588867,235006.77083333334,3,45,15,4,0,0,0.8314696123025451,0.5555702330196024,-0.433883739117558,-0.9009688679024191
2026-08-14 04:00:00,216792,217334.0,218457.0,215156.0,207013.0,218271.5,690.5748812884252,235021.48958333334,4,0,16,4,0,0,0.8660254037844386,0.5000000000000001,-0.433883739117558,-0.9009688679024191
2026-08-14 04:15:00,217880,216792.0,218990.0,216074.0,207933.0,217855.25,981.8578902603566,235038.53125,4,15,17,4,0,0,0.8968727415326884,0.44228869021900125,-0.433883739117558,-0.9009688679024191
2026-08-14 04:30:00,217707,217880.0,218305.0,216212.0,207820.0,217577.75,657.537007830372,235057.34375,4,30,18,4,0,0,0.9238795325112867,0.38268343236508984,-0.433883739117558,-0.9009688679024191
2026-08-14 04:45:00,218355,217707.0,217334.0,216480.0,209114.0,217428.25,481.48269266214203,235072.91666666666,4,45,19,4,0,0,0.9469301294951056,0.3214394653031617,-0.433883739117558,-0.9009688679024191
2026-08-14 05:00:00,219609,218355.0,216792.0,216968.0,210581.0,217683.5,654.4333426712425,235092.44791666666,5,0,20,4,0,0,0.9659258262890683,0.25881904510252074,-0.433883739117558,-0.9009688679024191
2026-08-14 05:15:00,221129,219609.0,217880.0,218153.0,212706.0,218387.75,859.0216819148762,235119.95833333334,5,15,21,4,0,0,0.9807852804032304,0.19509032201612833,-0.433883739117558,-0.9009688679024191
2026-08-14 05:30:00,222460,221129.0,217707.0,220256.0,214923.0,219200.0,1509.0168985136854,235150.95833333334,5,30,22,4,0,0,0.9914448613738104,0.1305261922200517,-0.433883739117558,-0.9009688679024191
2026-08-14 05:45:00,223568,222460.0,218355.0,221671.0,216110.0,220388.25,1787.1947058635053,235173.91666666666,5,45,23,4,0,0,0.9978589232386035,0.06540312923014327,-0.433883739117558,-0.9009688679024191
2026-08-14 06:00:00,225163,223568.0,219609.0,223215.0,217143.0,221691.5,1709.2939088016844,235193.67708333334,6,0,24,4,0,0,1.0,6.123233995736766e-17,-0.433883739117558,-0.9009688679024191
2026-08-14 06:15:00,227548,225163.0,221129.0,225428.0,219071.0,223080.0,1709.5646619339152,235213.96875,6,15,25,4,0,0,0.9978589232386035,-0.06540312923014314,-0.433883739117558,-0.9009688679024191
2026-08-14 06:30:00,229698,227548.0,222460.0,228056.0,221448.0,224684.75,2207.8320248605582,235236.05208333334,6,30,26,4,0,0,0.9914448613738104,-0.1305261922200516,-0.433883739117558,-0.9009688679024191
2026-08-14 06:45:00,231895,229698.0,223568.0,230737.0,223831.0,226494.25,2690.0786078972715,235253.15625,6,45,27,4,0,0,0.9807852804032304,-0.1950903220161282,-0.433883739117558,-0.9009688679024191
2026-08-14 07:00:00,232737,231895.0,225163.0,231436.0,225334.0,228576.0,2885.5962988609263,235265.21875,7,0,28,4,0,0,0.9659258262890683,-0.25881904510252063,-0.433883739117558,-0.9009688679024191
2026-08-14 07:15:00,233933,232737.0,227548.0,232379.0,225348.0,230469.5,2331.2357953096953,235278.77083333334,7,15,29,4,0,0,0.9469301294951057,-0.3214394653031616,-0.433883739117558,-0.9009688679024191
2026-08-14 07:30:00,233949,233933.0,229698.0,232905.0,226078.0,232065.75,1786.2992237210835,235294.95833333334,7,30,30,4,0,0,0.9238795325112868,-0.3826834323650895,-0.433883739117558,-0.9009688679024191
2026-08-14 07:45:00,232300,233949.0,231895.0,232502.0,225456.0,233128.5,999.2055177322359,235305.83333333334,7,45,31,4,0,0,0.8968727415326884,-0.44228869021900113,-0.433883739117558,-0.9009688679024191
2026-08-14 08:00:00,231367,232300.0,232737.0,230738.0,224797.0,233229.75,840.459943522918,235303.72916666666,8,0,32,4,0,0,0.8660254037844387,-0.4999999999999998,-0.433883739117558,-0.9009688679024191
2026-08-14 08:15:00,233144,231367.0,233933.0,233265.0,227596.0,232887.25,1275.0070261243843,235310.28125,8,15,33,4,0,0,0.8314696123025451,-0.5555702330196023,-0.433883739117558,-0.9009688679024191
2026-08-14 08:30:00,235294,233144.0,233949.0,235621.0,229982.0,232690.0,1109.598425857997,235309.02083333334,8,30,34,4,0,0,0.7933533402912352,-0.6087614290087207,-0.433883739117558,-0.9009688679024191
2026-08-14 08:45:00,236941,235294.0,232300.0,238312.0,232788.0,233026.25,1677.011702403974,235305.61458333334,8,45,35,4,0,0,0.7518398074789774,-0.6593458151000688,-0.433883739117558,-0.9009688679024191
2026-08-14 09:00:00,238494,236941.0,231367.0,239152.0,235037.0,234186.5,2439.2767370677448,235291.33333333334,9,0,36,4,0,0,0.7071067811865476,-0.7071067811865475,-0.433883739117558,-0.9009688679024191
2026-08-14 09:15:00,242958,238494.0,233144.0,242902.0,239275.0,235968.25,2291.7720036396536,235284.47916666666,9,15,37,4,0,0,0.659345815100069,-0.7518398074789773,-0.433883739117558,-0.9009688679024191
2026-08-14 09:30:00,244047,242958.0,235294.0,245711.0,242088.0,238421.75,3294.3499485229563,235285.0625,9,30,38,4,0,0,0.6087614290087209,-0.793353340291235,-0.433883739117558,-0.9009688679024191
2026-08-14 09:45:00,246338,244047.0,236941.0,247311.0,242724.0,240610.0,3428.560922602929,235267.72916666666,9,45,39,4,0,0,0.5555702330196025,-0.831469612302545,-0.433883739117558,-0.9009688679024191
2026-08-14 10:00:00,246144,246338.0,238494.0,247241.0,242922.0,242959.25,3293.306886702156,235257.59375,10,0,40,4,0,0,0.49999999999999994,-0.8660254037844387,-0.433883739117558,-0.9009688679024191
2026-08-14 10:15:00,245777,246144.0,242958.0,246559.0,243754.0,244871.75,1644.2993188589073,235246.16666666666,10,15,41,4,0,0,0.4422886902190017,-0.8968727415326881,-0.433883739117558,-0.9009688679024191
2026-08-14 10:30:00,244966,245777.0,244047.0,246178.0,242802.0,245576.5,1045.8663075810439,235238.02083333334,10,30,42,4,0,0,0.3826834323650899,-0.9238795325112867,-0.433883739117558,-0.9009688679024191
2026-08-14 10:45:00,245915,244966.0,246338.0,246050.0,241399.0,245806.25,606.5500116779637,235225.39583333334,10,45,43,4,0,0,0.32143946530316175,-0.9469301294951056,-0.433883739117558,-0.9009688679024191
2026-08-14 11:00:00,246293,245915.0,246144.0,246368.0,239451.0,245700.5,512.5247961479892,235223.98958333334,11,0,44,4,0,0,0.258819045102521,-0.9659258262890682,-0.433883739117558,-0.9009688679024191
2026-08-14 11:15:00,246814,246293.0,245777.0,245166.0,238139.0,245737.75,558.8257778591388,235223.20833333334,11,15,45,4,0,0,0.19509032201612816,-0.9807852804032304,-0.433883739117558,-0.9009688679024191
2026-08-14 11:30:00,246423,246814.0,244966.0,245903.0,241648.0,245997.0,779.9123882419149,235240.375,11,30,46,4,0,0,0.130526192220052,-0.9914448613738104,-0.433883739117558,-0.9009688679024191
2026-08-14 11:45:00,246017,246423.0,245915.0,246773.0,242916.0,246361.25,370.85161003633823,235245.79166666666,11,45,47,4,0,0,0.06540312923014312,-0.9978589232386035,-0.433883739117558,-0.9009688679024191
2026-08-14 12:00:00,246223,246017.0,246293.0,246544.0,242174.0,246386.75,331.3410881049078,235237.91666666666,12,0,48,4,0,0,1.2246467991473532e-16,-1.0,-0.433883739117558,-0.9009688679024191
2026-08-14 12:15:00,245053,246223.0,246814.0,245719.0,242139.0,246369.25,339.6864976217693,235234.57291666666,12,15,49,4,0,0,-0.06540312923014287,-0.9978589232386035,-0.433883739117558,-0.9009688679024191
2026-08-14 12:30:00,244556,245053.0,246423.0,244311.0,242049.0,245929.0,607.0672670030433,235227.63541666666,12,30,50,4,0,0,-0.13052619222005177,-0.9914448613738104,-0.433883739117558,-0.9009688679024191
2026-08-14 12:45:00,244210,244556.0,246017.0,242253.0,241968.0,245462.25,790.6248056652507,235230.1875,12,45,51,4,0,0,-0.19509032201612792,-0.9807852804032305,-0.433883739117558,-0.9009688679024191
2026-08-14 13:00:00,241036,244210.0,246223.0,237512.0,240409.0,245010.5,879.2673086154667,235250.57291666666,13,0,52,4,0,0,-0.2588190451025208,-0.9659258262890683,-0.433883739117558,-0.9009688679024191
2026-08-14 13:15:00,239059,241036.0,245053.0,232106.0,237535.0,243713.75,1818.3861663573828,235287.28125,13,15,53,4,0,0,-0.32143946530316153,-0.9469301294951057,-0.433883739117558,-0.9009688679024191
2026-08-14 13:30:00,238382,239059.0,244556.0,233263.0,238746.0,242215.25,2633.7984452117657,235359.70833333334,13,30,54,4,0,0,-0.38268343236508967,-0.9238795325112868,-0.433883739117558,-0.9009688679024191
2026-08-14 13:45:00,239225,238382.0,244210.0,237683.0,241097.0,240671.75,2613.797285559826,235413.03125,13,45,55,4,0,0,-0.44228869021900147,-0.8968727415326883,-0.433883739117558,-0.9009688679024191
2026-08-14 14:00:00,238733,239225.0,241036.0,237237.0,243055.0,239425.5,1133.890794271326,235429.09375,14,0,56,4,0,0,-0.4999999999999997,-0.8660254037844388,-0.433883739117558,-0.9009688679024191
2026-08-14 14:15:00,239593,238733.0,239059.0,241595.0,243799.0,238849.75,372.8354194546433,235444.67708333334,14,15,57,4,0,0,-0.555570233019602,-0.8314696123025455,-0.433883739117558,-0.9009688679024191
2026-08-14 14:30:00,241676,239593.0,238382.0,243189.0,246021.0,238983.25,533.6555537047467,235423.82291666666,14,30,58,4,0,0,-0.6087614290087207,-0.7933533402912352,-0.433883739117558,-0.9009688679024191
2026-08-14 14:45:00,242589,241676.0,239225.0,244587.0,246630.0,239806.75,1295.010521192754,235408.0625,14,45,59,4,0,0,-0.6593458151000688,-0.7518398074789774,-0.433883739117558,-0.9009688679024191
2026-08-14 15:00:00,243605,242589.0,238733.0,246340.0,246579.0,240647.75,1789.2749695523612,235387.25,15,0,60,4,0,0,-0.7071067811865471,-0.7071067811865479,-0.433883739117558,-0.9009688679024191
2026-08-14 15:15:00,242761,243605.0,239593.0,245897.0,246394.0,241865.75,1707.7742581110078,235358.76041666666,15,15,61,4,0,0,-0.7518398074789773,-0.6593458151000691,-0.433883739117558,-0.9009688679024191
2026-08-14 15:30:00,243973,242761.0,241676.0,246868.0,246168.0,242657.75,790.8861591067299,235326.09375,15,30,62,4,0,0,-0.7933533402912349,-0.6087614290087209,-0.433883739117558,-0.9009688679024191
2026-08-14 15:45:00,243687,243973.0,242589.0,246500.0,246129.0,243232.0,664.2037839899707,235295.9375,15,45,63,4,0,0,-0.8314696123025452,-0.5555702330196022,-0.433883739117558,-0.9009688679024191
2026-08-14 16:00:00,243684,243687.0,243605.0,245323.0,243769.0,243506.5,521.4323222304051,235266.63541666666,16,0,64,4,0,0,-0.8660254037844385,-0.5000000000000004,-0.433883739117558,-0.9009688679024191
2026-08-14 16:15:00,240512,243684.0,242761.0,242668.0,241528.0,243526.25,527.8632240772791,235249.5625,16,15,65,4,0,0,-0.8968727415326883,-0.44228869021900136,-0.433883739117558,-0.9009688679024191
2026-08-14 16:30:00,239886,240512.0,243973.0,242145.0,240479.0,242964.0,1640.2757898190775,235227.10416666666,16,30,66,4,0,0,-0.9238795325112868,-0.3826834323650895,-0.433883739117558,-0.9009688679024191
2026-08-14 16:45:00,237528,239886.0,243687.0,240582.0,240757.0,241942.25,2029.0904982281893,235203.57291666666,16,45,67,4,0,0,-0.9469301294951056,-0.3214394653031618,-0.433883739117558,-0.9009688679024191
2026-08-14 17:00:00,236163,237528.0,243684.0,240275.0,239010.0,240402.5,2537.042569607358,235171.76041666666,17,0,68,4,0,0,-0.9659258262890683,-0.25881904510252063,-0.433883739117558,-0.9009688679024191
2026-08-14 17:15:00,231422,236163.0,240512.0,236643.0,236978.0,238522.25,2030.8875522785322,235128.92708333334,17,15,69,4,0,0,-0.9807852804032303,-0.19509032201612866,-0.433883739117558,-0.9009688679024191
2026-08-14 17:30:00,231516,231422.0,239886.0,236080.0,235989.0,236249.75,3567.021761918462,235074.54166666666,17,30,70,4,0,0,-0.9914448613738104,-0.13052619222005163,-0.433883739117558,-0.9009688679024191
2026-08-14 17:45:00,231542,231516.0,237528.0,235943.0,235204.0,234157.25,3153.980699053161,235027.0,17,45,71,4,0,0,-0.9978589232386035,-0.06540312923014273,-0.433883739117558,-0.9009688679024191
2026-08-14 18:00:00,230801,231542.0,236163.0,235062.0,234756.0,232660.75,2335.402231593776,234981.15625,18,0,72,4,0,0,-1.0,-1.8369701987210297e-16,-0.433883739117558,-0.9009688679024191
2026-08-14 18:15:00,228852,230801.0,231422.0,233722.0,233764.0,231320.25,349.9832138829909,234936.77083333334,18,15,73,4,0,0,-0.9978589232386036,0.06540312923014237,-0.433883739117558,-0.9009688679024191
2026-08-14 18:30:00,231762,228852.0,231516.0,235703.0,234331.0,230677.75,1264.6665897908454,234886.04166666666,18,30,74,4,0,0,-0.9914448613738105,0.13052619222005127,-0.433883739117558,-0.9009688679024191
2026-08-14 18:45:00,235108,231762.0,231542.0,237674.0,235908.0,230739.25,1323.6251672332337,234844.98958333334,18,45,75,4,0,0,-0.9807852804032304,0.1950903220161283,-0.433883739117558,-0.9009688679024191
2026-08-14 19:00:00,238383,235108.0,230801.0,239709.0,238254.0,231630.75,2615.2393612567375,234818.26041666666,19,0,76,4,0,0,-0.9659258262890684,0.2588190451025203,-0.433883739117558,-0.9009688679024191
2026-08-14 19:15:00,239536,238383.0,228852.0,242439.0,240699.0,233526.25,4125.172511544198,234804.44791666666,19,15,77,4,0,0,-0.9469301294951057,0.3214394653031615,-0.433883739117558,-0.9009688679024191
2026-08-14 19:30:00,241026,239536.0,231762.0,242625.0,240956.0,236197.25,3501.555023604965,234774.20833333334,19,30,78,4,0,0,-0.923879532511287,0.38268343236508917,-0.433883739117558,-0.9009688679024191
2026-08-14 19:45:00,241555,241026.0,235108.0,242446.0,241004.0,238513.25,2514.7977221504693,234757.55208333334,19,45,79,4,0,0,-0.8968727415326884,0.442288690219001,-0.433883739117558,-0.9009688679024191
2026-08-14 20:00:00,240965,241555.0,238383.0,240946.0,240474.0,240125.0,1442.010864499007,234748.27083333334,20,0,80,4,0,0,-0.8660254037844386,0.5000000000000001,-0.433883739117558,-0.9009688679024191
2026-08-14 20:15:00,239167,240965.0,239536.0,240444.0,238590.0,240770.5,864.5887268907185,234748.46875,20,15,81,4,0,0,-0.8314696123025455,0.5555702330196018,-0.433883739117558,-0.9009688679024191
2026-08-14 20:30:00,239235,239167.0,241026.0,239844.0,238572.0,240678.25,1041.7489700818107,234735.16666666666,20,30,82,4,0,0,-0.7933533402912357,0.6087614290087199,-0.433883739117558,-0.9009688679024191
2026-08-14 20:45:00,239001,239235.0,241555.0,239660.0,239241.0,240230.5,1213.2385036201736,234728.82291666666,20,45,83,4,0,0,-0.7518398074789772,0.6593458151000691,-0.433883739117558,-0.9009688679024191
2026-08-14 21:00:00,238296,239001.0,240965.0,238620.0,238600.0,239592.0,920.594735302412,234721.95833333334,21,0,84,4,0,0,-0.7071067811865477,0.7071067811865474,-0.433883739117558,-0.9009688679024191
2026-08-14 21:15:00,237937,238296.0,239167.0,239072.0,239298.0,238924.75,430.5348417954786,234718.58333333334,21,15,85,4,0,0,-0.6593458151000687,0.7518398074789775,-0.433883739117558,-0.9009688679024191
2026-08-14 21:30:00,238062,237937.0,239235.0,239166.0,239066.0,238617.25,604.1028472038994,234706.76041666666,21,30,86,4,0,0,-0.608761429008721,0.7933533402912349,-0.433883739117558,-0.9009688679024191
2026-08-14 21:45:00,237740,238062.0,239001.0,239294.0,237311.0,238324.0,475.22836615658866,234695.26041666666,21,45,87,4,0,0,-0.555570233019603,0.8314696123025447,-0.433883739117558,-0.9009688679024191
2026-08-14 22:00:00,236706,237740.0,238296.0,238654.0,236630.0,238008.75,232.8967940237272,234679.07291666666,22,0,88,4,0,0,-0.5000000000000004,0.8660254037844384,-0.433883739117558,-0.9009688679024191
2026-08-14 22:15:00,237565,236706.0,237937.0,240092.0,237890.0,237611.25,617.8842259408557,234658.78125,22,15,89,4,0,0,-0.4422886902190014,0.8968727415326883,-0.433883739117558,-0.9009688679024191
2026-08-14 22:30:00,237815,237565.0,238062.0,240382.0,237802.0,237518.25,579.3020944779412,234632.45833333334,22,30,90,4,0,0,-0.38268343236508956,0.9238795325112868,-0.433883739117558,-0.9009688679024191
2026-08-14 22:45:00,236652,237815.0,237740.0,238273.0,236335.0,237456.5,511.1806595192442,234605.71875,22,45,91,4,0,0,-0.32143946530316186,0.9469301294951056,-0.433883739117558,-0.9009688679024191
2026-08-14 23:00:00,235101,236652.0,236706.0,237336.0,233853.0,237184.5,592.9668343731624,234588.83333333334,23,0,92,4,0,0,-0.25881904510252157,0.9659258262890681,-0.433883739117558,-0.9009688679024191
2026-08-14 23:15:00,233534,235101.0,237565.0,236647.0,232981.0,236783.25,1227.8480837084567,234565.55208333334,23,15,93,4,0,0,-0.19509032201612872,0.9807852804032303,-0.433883739117558,-0.9009688679024191
2026-08-14 23:30:00,232110,233534.0,237815.0,235972.0,232033.0,235775.5,1862.5327737608234,234533.125,23,30,94,4,0,0,-0.13052619222005168,0.9914448613738104,-0.433883739117558,-0.9009688679024191
2026-08-14 23:45:00,230335,232110.0,236652.0,234345.0,230237.0,234349.25,1961.8578567265872,234492.89583333334,23,45,95,4,0,0,-0.0654031292301428,0.9978589232386035,-0.433883739117558,-0.9009688679024191
2026-08-15 00:00:00,227534,230335.0,235101.0,232641.0,229043.0,232770.0,2031.5906739957463,234451.125,0,0,0,5,1,1,0.0,1.0,-0.9749279121818236,-0.2225209339563146
2026-08-15 00:15:00,226602,227534.0,233534.0,231286.0,228573.0,230878.25,2585.172125152693,234397.92708333334,0,15,1,5,1,1,0.06540312923014306,0.9978589232386035,-0.9749279121818236,-0.2225209339563146
2026-08-15 00:30:00,224974,226602.0,232110.0,230356.0,227575.0,229145.25,2534.3963613978162,234349.13541666666,0,30,2,5,1,1,0.13052619222005157,0.9914448613738104,-0.9749279121818236,-0.2225209339563146
2026-08-15 00:45:00,223805,224974.0,230335.0,229625.0,226485.0,227361.25,2247.1058979644217,234293.07291666666,0,45,3,5,1,1,0.19509032201612825,0.9807852804032304,-0.9749279121818236,-0.2225209339563146
2026-08-15 01:00:00,221499,223805.0,227534.0,227969.0,225232.0,225728.75,1662.5236589794715,234232.44791666666,1,0,4,5,1,1,0.25881904510252074,0.9659258262890683,-0.9749279121818236,-0.2225209339563146
2026-08-15 01:15:00,220184,221499.0,226602.0,225803.0,223745.0,224220.0,2146.1986549866465,234165.05208333334,1,15,5,5,1,1,0.3214394653031616,0.9469301294951057,-0.9749279121818236,-0.2225209339563146
2026-08-15 01:30:00,218890,220184.0,224974.0,224546.0,222542.0,222615.5,2170.7292937320603,234106.52083333334,1,30,6,5,1,1,0.3826834323650898,0.9238795325112867,-0.9749279121818236,-0.2225209339563146
2026-08-15 01:45:00,217079,218890.0,223805.0,224161.0,221370.0,221094.5,2097.558978113966,234047.60416666666,1,45,7,5,1,1,0.44228869021900125,0.8968727415326884,-0.9749279121818236,-0.2225209339563146
2026-08-15 02:00:00,216020,217079.0,221499.0,221958.0,219942.0,219413.0,1885.64065152046,233973.83333333334,2,0,8,5,1,1,0.49999999999999994,0.8660254037844387,-0.9749279121818236,-0.2225209339563146
2026-08-15 02:15:00,214128,216020.0,220184.0,220547.0,218675.0,218043.25,1855.0035714250862,233911.97916666666,2,15,9,5,1,1,0.5555702330196022,0.8314696123025452,-0.9749279121818236,-0.2225209339563146
2026-08-15 02:30:00,212938,214128.0,218890.0,220352.0,217414.0,216529.25,1991.7080400165273,233845.11458333334,2,30,10,5,1,1,0.6087614290087207,0.7933533402912352,-0.9749279121818236,-0.2225209339563146
2026-08-15 02:45:00,212526,212938.0,217079.0,219465.0,217668.0,215041.25,1859.037631858616,233767.88541666666,2,45,11,5,1,1,0.6593458151000688,0.7518398074789774,-0.9749279121818236,-0.2225209339563146
2026-08-15 03:00:00,211595,212526.0,216020.0,218457.0,217194.0,213903.0,1566.2766890516154,233695.60416666666,3,0,12,5,1,1,0.7071067811865476,0.7071067811865476,-0.9749279121818236,-0.2225209339563146
2026-08-15 03:15:00,210865,211595.0,214128.0,218990.0,216943.0,212796.75,1050.3470458217616,233624.125,3,15,13,5,1,1,0.7518398074789774,0.6593458151000688,-0.9749279121818236,-0.2225209339563146
2026-08-15 03:30:00,210496,210865.0,212938.0,218305.0,216336.0,211981.0,932.259978046093,233539.48958333334,3,30,14,5,1,1,0.7933533402912352,0.6087614290087207,-0.9749279121818236,-0.2225209339563146
2026-08-15 03:45:00,210044,210496.0,212526.0,217334.0,215921.0,211370.5,895.5186579108789,233458.14583333334,3,45,15,5,1,1,0.8314696123025451,0.5555702330196024,-0.9749279121818236,-0.2225209339563146
2026-08-15 04:00:00,209175,210044.0,211595.0,216792.0,215156.0,210750.0,655.7951916057135,233382.20833333334,4,0,16,5,1,1,0.8660254037844386,0.5000000000000001,-0.9749279121818236,-0.2225209339563146
2026-08-15 04:15:00,209591,209175.0,210865.0,217880.0,216074.0,210145.0,728.6293067579109,233302.86458333334,4,15,17,5,1,1,0.8968727415326884,0.44228869021900125,-0.9749279121818236,-0.2225209339563146
2026-08-15 04:30:00,210535,209591.0,210496.0,217707.0,216212.0,209826.5,570.2189637906773,233216.52083333334,4,30,18,5,1,1,0.9238795325112867,0.38268343236508984,-0.9749279121818236,-0.2225209339563146
2026-08-15 04:45:00,211490,210535.0,210044.0,218355.0,216480.0,209836.25,585.6081596652438,233141.8125,4,45,19,5,1,1,0.9469301294951056,0.3214394653031617,-0.9749279121818236,-0.2225209339563146
2026-08-15 05:00:00,213458,211490.0,209175.0,219609.0,216968.0,210197.75,1032.4422098434923,233070.30208333334,5,0,20,5,1,1,0.9659258262890683,0.25881904510252074,-0.9749279121818236,-0.2225209339563146
2026-08-15 05:15:00,216136,213458.0,209591.0,221129.0,218153.0,211268.5,1652.7755443495214,233006.22916666666,5,15,21,5,1,1,0.9807852804032304,0.19509032201612833,-0.9749279121818236,-0.2225209339563146
2026-08-15 05:30:00,217708,216136.0,210535.0,222460.0,220256.0,212904.75,2474.1527000840524,232954.21875,5,30,22,5,1,1,0.9914448613738104,0.1305261922200517,-0.9749279121818236,-0.2225209339563146
2026-08-15 05:45:00,219388,217708.0,211490.0,223568.0,221671.0,214698.0,2766.273546367608,232904.71875,5,45,23,5,1,1,0.9978589232386035,0.06540312923014327,-0.9749279121818236,-0.2225209339563146
2026-08-15 06:00:00,220066,219388.0,213458.0,225163.0,223215.0,216672.5,2521.0475997092703,232861.17708333334,6,0,24,5,1,1,1.0,6.123233995736766e-17,-0.9749279121818236,-0.2225209339563146
2026-08-15 06:15:00,222009,220066.0,216136.0,227548.0,225428.0,218324.5,1763.846081720248,232808.08333333334,6,15,25,5,1,1,0.9978589232386035,-0.06540312923014314,-0.9749279121818236,-0.2225209339563146
2026-08-15 06:30:00,223061,222009.0,217708.0,229698.0,228056.0,219792.75,1779.1790944140143,232750.38541666666,6,30,26,5,1,1,0.9914448613738104,-0.1305261922200516,-0.9749279121818236,-0.2225209339563146
2026-08-15 06:45:00,222742,223061.0,219388.0,231895.0,230737.0,221131.0,1699.8095971803875,232681.25,6,45,27,5,1,1,0.9807852804032304,-0.1950903220161282,-0.9749279121818236,-0.2225209339563146
2026-08-15 07:00:00,221089,222742.0,220066.0,232737.0,231436.0,221969.5,1343.2548777750824,232585.90625,7,0,28,5,1,1,0.9659258262890683,-0.25881904510252063,-0.9749279121818236,-0.2225209339563146
2026-08-15 07:15:00,220003,221089.0,222009.0,233933.0,232379.0,222225.25,876.2299450866485,232464.57291666666,7,15,29,5,1,1,0.9469301294951057,-0.3214394653031616,-0.9749279121818236,-0.2225209339563146
2026-08-15 07:30:00,218993,220003.0,223061.0,233949.0,232905.0,221723.75,1436.309942178181,232319.46875,7,30,30,5,1,1,0.9238795325112868,-0.3826834323650895,-0.9749279121818236,-0.2225209339563146
2026-08-15 07:45:00,217242,218993.0,222742.0,232300.0,232502.0,220706.75,1604.2195142809758,232163.67708333334,7,45,31,5,1,1,0.8968727415326884,-0.44228869021900113,-0.9749279121818236,-0.2225209339563146
2026-08-15 08:00:00,215130,217242.0,221089.0,231367.0,230738.0,219331.75,1635.0648050357422,232006.82291666666,8,0,32,5,1,1,0.8660254037844387,-0.4999999999999998,-0.9749279121818236,-0.2225209339563146
2026-08-15 08:15:00,215151,215130.0,220003.0,233144.0,233265.0,217842.0,2137.7297927162285,231837.6875,8,15,33,5,1,1,0.8314696123025451,-0.5555702330196023,-0.9749279121818236,-0.2225209339563146
2026-08-15 08:30:00,215630,215151.0,218993.0,235294.0,235621.0,216629.0,1861.5181976010579,231650.26041666666,8,30,34,5,1,1,0.7933533402912352,-0.6087614290087207,-0.9749279121818236,-0.2225209339563146
2026-08-15 08:45:00,216612,215630.0,217242.0,236941.0,238312.0,215788.25,996.2952624598249,231445.42708333334,8,45,35,5,1,1,0.7518398074789774,-0.6593458151000688,-0.9749279121818236,-0.2225209339563146
2026-08-15 09:00:00,216606,216612.0,215130.0,238494.0,239152.0,215630.75,693.7249094561113,231233.66666666666,9,0,36,5,1,1,0.7071067811865476,-0.7071067811865475,-0.9749279121818236,-0.2225209339563146
2026-08-15 09:15:00,219045,216606.0,215151.0,242958.0,242902.0,215999.75,730.1782316666893,231005.66666666666,9,15,37,5,1,1,0.659345815100069,-0.7518398074789773,-0.9749279121818236,-0.2225209339563146
2026-08-15 09:30:00,219149,219045.0,215630.0,244047.0,245711.0,216973.25,1456.23289689524,230756.57291666666,9,30,38,5,1,1,0.6087614290087209,-0.793353340291235,-0.9749279121818236,-0.2225209339563146
2026-08-15 09:45:00,219240,219149.0,216612.0,246338.0,247311.0,217853.0,1437.0768942544107,230497.21875,9,45,39,5,1,1,0.5555702330196025,-0.831469612302545,-0.9749279121818236,-0.2225209339563146
2026-08-15 10:00:00,218842,219240.0,216606.0,246144.0,247241.0,218510.0,1271.8309636110882,230214.94791666666,10,0,40,5,1,1,0.49999999999999994,-0.8660254037844387,-0.9749279121818236,-0.2225209339563146
2026-08-15 10:15:00,218084,218842.0,219045.0,245777.0,246559.0,219069.0,171.02241568455665,229930.55208333334,10,15,41,5,1,1,0.4422886902190017,-0.8968727415326881,-0.9749279121818236,-0.2225209339563146
2026-08-15 10:30:00,217492,218084.0,219149.0,244966.0,246178.0,218828.75,524.8856224612952,229642.08333333334,10,30,42,5,1,1,0.3826834323650899,-0.9238795325112867,-0.9749279121818236,-0.2225209339563146
2026-08-15 10:45:00,218273,217492.0,219240.0,245915.0,246050.0,218414.5,779.8382310880772,229355.89583333334,10,45,43,5,1,1,0.32143946530316175,-0.9469301294951056,-0.9749279121818236,-0.2225209339563146
2026-08-15 11:00:00,218650,218273.0,218842.0,246293.0,246368.0,218172.75,556.5497132631103,229067.95833333334,11,0,44,5,1,1,0.258819045102521,-0.9659258262890682,-0.9749279121818236,-0.2225209339563146
2026-08-15 11:15:00,218858,218650.0,218084.0,246814.0,245166.0,218124.75,483.01095570726943,228780.01041666666,11,15,45,5,1,1,0.19509032201612816,-0.9807852804032304,-0.9749279121818236,-0.2225209339563146
2026-08-15 11:30:00,219572,218858.0,217492.0,246423.0,245903.0,218318.25,601.698914186529,228488.80208333334,11,30,46,5,1,1,0.130526192220052,-0.9914448613738104,-0.9749279121818236,-0.2225209339563146
2026-08-15 11:45:00,219851,219572.0,218273.0,246017.0,246773.0,218838.25,545.8097195909208,228209.10416666666,11,45,47,5,1,1,0.06540312923014312,-0.9978589232386035,-0.9749279121818236,-0.2225209339563146
2026-08-15 12:00:00,220201,219851.0,218650.0,246223.0,246544.0,219232.75,570.7768828534697,227936.54166666666,12,0,48,5,1,1,1.2246467991473532e-16,-1.0,-0.9749279121818236,-0.2225209339563146
2026-08-15 12:15:00,219636,220201.0,218858.0,245053.0,245719.0,219620.5,569.756965731814,227665.47916666666,12,15,49,5,1,1,-0.06540312923014287,-0.9978589232386035,-0.9749279121818236,-0.2225209339563146
2026-08-15 12:30:00,220141,219636.0,219572.0,244556.0,244311.0,219815.0,283.65589482080577,227400.71875,12,30,50,5,1,1,-0.13052619222005177,-0.9914448613738104,-0.9749279121818236,-0.2225209339563146
2026-08-15 12:45:00,219660,220141.0,219851.0,244210.0,242253.0,219957.25,263.10248320111316,227146.39583333334,12,45,51,5,1,1,-0.19509032201612792,-0.9807852804032305,-0.9749279121818236,-0.2225209339563146
2026-08-15 13:00:00,218583,219660.0,220201.0,241036.0,237512.0,219909.5,303.1044924333162,226890.66666666666,13,0,52,5,1,1,-0.2588190451025208,-0.9659258262890683,-0.9749279121818236,-0.2225209339563146
2026-08-15 13:15:00,216701,218583.0,219636.0,239059.0,232106.0,219505.0,657.2077297171182,226656.78125,13,15,53,5,1,1,-0.32143946530316153,-0.9469301294951057,-0.9749279121818236,-0.2225209339563146
2026-08-15 13:30:00,217217,216701.0,220141.0,238382.0,233263.0,218771.25,1526.1569108930453,226423.88541666666,13,30,54,5,1,1,-0.38268343236508967,-0.9238795325112868,-0.9749279121818236,-0.2225209339563146
2026-08-15 13:45:00,217104,217217.0,219660.0,239225.0,237683.0,218040.25,1340.335623391866,226203.41666666666,13,45,55,5,1,1,-0.44228869021900147,-0.8968727415326883,-0.9749279121818236,-0.2225209339563146
2026-08-15 14:00:00,217030,217104.0,218583.0,238733.0,237237.0,217401.25,818.3700772470047,225972.98958333334,14,0,56,5,1,1,-0.4999999999999997,-0.8660254037844388,-0.9749279121818236,-0.2225209339563146
2026-08-15 14:15:00,217224,217030.0,216701.0,239593.0,241595.0,217013.0,221.75812649507472,225746.91666666666,14,15,57,5,1,1,-0.555570233019602,-0.8314696123025455,-0.9749279121818236,-0.2225209339563146
2026-08-15 14:30:00,218418,217224.0,217217.0,241676.0,243189.0,217143.75,93.67452517416653,225513.90625,14,30,58,5,1,1,-0.6087614290087207,-0.7933533402912352,-0.9749279121818236,-0.2225209339563146
2026-08-15 14:45:00,219445,218418.0,217104.0,242589.0,244587.0,217444.0,654.2354316298804,225271.63541666666,14,45,59,5,1,1,-0.6593458151000688,-0.7518398074789774,-0.9749279121818236,-0.2225209339563146
2026-08-15 15:00:00,220253,219445.0,217030.0,243605.0,246340.0,218029.25,1125.8186280805908,225030.55208333334,15,0,60,5,1,1,-0.7071067811865471,-0.7071067811865479,-0.9749279121818236,-0.2225209339563146
2026-08-15 15:15:00,219699,220253.0,217224.0,242761.0,245897.0,218835.0,1310.474977504946,224787.30208333334,15,15,61,5,1,1,-0.7518398074789773,-0.6593458151000691,-0.9749279121818236,-0.2225209339563146
2026-08-15 15:30:00,220253,219699.0,218418.0,243973.0,246868.0,219453.75,768.5056386693523,224547.07291666666,15,30,62,5,1,1,-0.7933533402912349,-0.6087614290087209,-0.9749279121818236,-0.2225209339563146
2026-08-15 15:45:00,220537,220253.0,219445.0,243687.0,246500.0,219912.5,406.6198060431748,224299.98958333334,15,45,63,5,1,1,-0.8314696123025452,-0.5555702330196022,-0.9749279121818236,-0.2225209339563146
2026-08-15 16:00:00,219938,220537.0,220253.0,243684.0,245323.0,220185.5,350.87842148896306,224058.84375,16,0,64,5,1,1,-0.8660254037844385,-0.5000000000000004,-0.9749279121818236,-0.2225209339563146
2026-08-15 16:15:00,216933,219938.0,219699.0,240512.0,242668.0,220106.75,365.7142554872402,223811.48958333334,16,15,65,5,1,1,-0.8968727415326883,-0.44228869021900136,-0.9749279121818236,-0.2225209339563146
2026-08-15 16:30:00,216382,216933.0,220253.0,239886.0,242145.0,219415.25,1672.8200490987008,223565.875,16,30,66,5,1,1,-0.9238795325112868,-0.3826834323650895,-0.9749279121818236,-0.2225209339563146
2026-08-15 16:45:00,215243,216382.0,220537.0,237528.0,240582.0,218447.5,2093.4501825136845,223321.04166666666,16,45,67,5,1,1,-0.9469301294951056,-0.3214394653031618,-0.9749279121818236,-0.2225209339563146
2026-08-15 17:00:00,214153,215243.0,219938.0,236163.0,240275.0,217124.0,2003.6468418028612,223088.90625,17,0,68,5,1,1,-0.9659258262890683,-0.25881904510252063,-0.9749279121818236,-0.2225209339563146
2026-08-15 17:15:00,209627,214153.0,216933.0,231422.0,236643.0,215677.75,1236.3239529615932,222859.63541666666,17,15,69,5,1,1,-0.9807852804032303,-0.19509032201612866,-0.9749279121818236,-0.2225209339563146
2026-08-15 17:30:00,209035,209627.0,216382.0,231516.0,236080.0,213851.25,2959.561045718311,222632.60416666666,17,30,70,5,1,1,-0.9914448613738104,-0.13052619222005163,-0.9749279121818236,-0.2225209339563146
2026-08-15 17:45:00,208131,209035.0,215243.0,231542.0,235943.0,212014.5,3139.7436731894604,222398.42708333334,17,45,71,5,1,1,-0.9978589232386035,-0.06540312923014273,-0.9749279121818236,-0.2225209339563146
2026-08-15 18:00:00,208013,208131.0,214153.0,230801.0,235062.0,210236.5,2682.486098131097,222154.5625,18,0,72,5,1,1,-1.0,-1.8369701987210297e-16,-0.9749279121818236,-0.2225209339563146
2026-08-15 18:15:00,207153,208013.0,209627.0,228852.0,233722.0,208701.5,767.5230724001703,221917.1875,18,15,73,5,1,1,-0.9978589232386036,0.06540312923014237,-0.9749279121818236,-0.2225209339563146
2026-08-15 18:30:00,209606,207153.0,209035.0,231762.0,235703.0,208083.0,769.9367939425919,221691.15625,18,30,74,5,1,1,-0.9914448613738105,0.13052619222005127,-0.9749279121818236,-0.2225209339563146
2026-08-15 18:45:00,212912,209606.0,208131.0,235108.0,237674.0,208225.75,1018.1883830280451,221460.36458333334,18,45,75,5,1,1,-0.9807852804032304,0.1950903220161283,-0.9749279121818236,-0.2225209339563146
2026-08-15 19:00:00,217148,212912.0,208013.0,238383.0,239709.0,209421.0,2539.5271213357655,221229.15625,19,0,76,5,1,1,-0.9659258262890684,0.2588190451025203,-0.9749279121818236,-0.2225209339563146
2026-08-15 19:15:00,219382,217148.0,207153.0,239536.0,242439.0,211704.75,4328.5718487741315,221007.95833333334,19,15,77,5,1,1,-0.9469301294951057,0.3214394653031615,-0.9749279121818236,-0.2225209339563146
2026-08-15 19:30:00,221674,219382.0,209606.0,241026.0,242625.0,214762.0,4360.589868354957,220798.02083333334,19,30,78,5,1,1,-0.923879532511287,0.38268343236508917,-0.9749279121818236,-0.2225209339563146
2026-08-15 19:45:00,223321,221674.0,212912.0,241555.0,242446.0,217779.0,3733.9203705131767,220596.4375,19,45,79,5,1,1,-0.8968727415326884,0.442288690219001,-0.9749279121818236,-0.2225209339563146
2026-08-15 20:00:00,223124,223321.0,217148.0,240965.0,240946.0,220381.25,2693.556431560308,220406.5,20,0,80,5,1,1,-0.8660254037844386,0.5000000000000001,-0.9749279121818236,-0.2225209339563146
2026-08-15 20:15:00,223094,223124.0,219382.0,239167.0,240444.0,221875.25,1817.174248661889,220220.65625,20,15,81,5,1,1,-0.8314696123025455,0.5555702330196018,-0.9749279121818236,-0.2225209339563146
2026-08-15 20:30:00,223082,223094.0,221674.0,239235.0,239844.0,222803.25,759.5364266006109,220053.22916666666,20,30,82,5,1,1,-0.7933533402912357,0.6087614290087199,-0.9749279121818236,-0.2225209339563146
2026-08-15 20:45:00,222861,223082.0,223321.0,239001.0,239660.0,223155.25,111.90285965914887,219884.96875,20,45,83,5,1,1,-0.7518398074789772,0.6593458151000691,-0.9749279121818236,-0.2225209339563146
2026-08-15 21:00:00,223442,222861.0,223124.0,238296.0,238620.0,223040.25,120.7983857503699,219716.84375,21,0,84,5,1,1,-0.7071067811865477,0.7071067811865474,-0.9749279121818236,-0.2225209339563146
2026-08-15 21:15:00,223585,223442.0,223094.0,237937.0,239072.0,223119.75,240.05884695193882,219562.11458333334,21,15,85,5,1,1,-0.6593458151000687,0.7518398074789775,-0.9749279121818236,-0.2225209339563146
2026-08-15 21:30:00,223548,223585.0,223082.0,238062.0,239166.0,223242.5,330.8620054744272,219412.61458333334,21,30,86,5,1,1,-0.608761429008721,0.7933533402912349,-0.9749279121818236,-0.2225209339563146
2026-08-15 21:45:00,223755,223548.0,222861.0,237740.0,239294.0,223359.0,337.485802170343,219261.42708333334,21,45,87,5,1,1,-0.555570233019603,0.8314696123025447,-0.9749279121818236,-0.2225209339563146
2026-08-15 22:00:00,223176,223755.0,223442.0,236706.0,238654.0,223582.5,129.99102533082765,219115.75,22,0,88,5,1,1,-0.5000000000000004,0.8660254037844384,-0.9749279121818236,-0.2225209339563146
2026-08-15 22:15:00,224225,223176.0,223585.0,237565.0,240092.0,223516.0,243.9303179186504,218974.8125,22,15,89,5,1,1,-0.4422886902190014,0.8968727415326883,-0.9749279121818236,-0.2225209339563146
2026-08-15 22:30:00,224813,224225.0,223548.0,237815.0,240382.0,223676.0,437.4265652654098,218835.85416666666,22,30,90,5,1,1,-0.38268343236508956,0.9238795325112868,-0.9749279121818236,-0.2225209339563146
2026-08-15 22:45:00,223727,224813.0,223755.0,236652.0,238273.0,223992.25,695.3068267558074,218700.41666666666,22,45,91,5,1,1,-0.32143946530316186,0.9469301294951056,-0.9749279121818236,-0.2225209339563146
2026-08-15 23:00:00,222163,223727.0,223176.0,235101.0,237336.0,223985.25,698.624541509885,218565.78125,23,0,92,5,1,1,-0.25881904510252157,0.9659258262890681,-0.9749279121818236,-0.2225209339563146
2026-08-15 23:15:00,221011,222163.0,224225.0,233534.0,236647.0,223732.0,1136.2798950962288,218431.01041666666,23,15,93,5,1,1,-0.19509032201612872,0.9807852804032303,-0.9749279121818236,-0.2225209339563146
2026-08-15 23:30:00,219472,221011.0,224813.0,232110.0,235972.0,222928.5,1678.4654698066392,218300.5625,23,30,94,5,1,1,-0.13052619222005168,0.9914448613738104,-0.9749279121818236,-0.2225209339563146
2026-08-15 23:45:00,216998,219472.0,223727.0,230335.0,234345.0,221593.25,1799.650035423527,218168.91666666666,23,45,95,5,1,1,-0.0654031292301428,0.9978589232386035,-0.9749279121818236,-0.2225209339563146
2026-08-16 00:00:00,215677,216998.0,222163.0,227534.0,232641.0,219911.0,2233.0691883593536,218029.98958333334,0,0,0,6,1,0,0.0,1.0,-0.7818314824680299,0.6234898018587334
2026-08-16 00:15:00,214508,215677.0,221011.0,226602.0,231286.0,218289.5,2401.2494664236615,217906.47916666666,0,15,1,6,1,0,0.06540312923014306,0.9978589232386035,-0.7818314824680299,0.6234898018587334
2026-08-16 00:30:00,212669,214508.0,219472.0,224974.0,230356.0,216663.75,2130.6434669679647,217780.5,0,30,2,6,1,0,0.13052619222005157,0.9914448613738104,-0.7818314824680299,0.6234898018587334
2026-08-16 00:45:00,211087,212669.0,216998.0,223805.0,229625.0,214963.0,1836.7073800689968,217652.32291666666,0,45,3,6,1,0,0.19509032201612825,0.9807852804032304,-0.7818314824680299,0.6234898018587334
2026-08-16 01:00:00,209674,211087.0,215677.0,221499.0,227969.0,213485.25,2022.181392292303,217519.84375,1,0,4,6,1,0,0.25881904510252074,0.9659258262890683,-0.7818314824680299,0.6234898018587334
2026-08-16 01:15:00,207720,209674.0,214508.0,220184.0,225803.0,211984.5,2080.104885176039,217396.66666666666,1,15,5,6,1,0,0.3214394653031616,0.9469301294951057,-0.7818314824680299,0.6234898018587334
2026-08-16 01:30:00,206011,207720.0,212669.0,218890.0,224546.0,210287.5,2103.899633220789,217266.83333333334,1,30,6,6,1,0,0.3826834323650898,0.9238795325112867,-0.7818314824680299,0.6234898018587334
2026-08-16 01:45:00,204861,206011.0,211087.0,217079.0,224161.0,208623.0,2222.1498599329184,217132.67708333334,1,45,7,6,1,0,0.44228869021900125,0.8968727415326884,-0.7818314824680299,0.6234898018587334
2026-08-16 02:00:00,203427,204861.0,209674.0,216020.0,221958.0,207066.5,2097.969573976993,217005.40625,2,0,8,6,1,0,0.49999999999999994,0.8660254037844387,-0.7818314824680299,0.6234898018587334
2026-08-16 02:15:00,202160,203427.0,207720.0,214128.0,220547.0,205504.75,1816.1388300457343,216874.22916666666,2,15,9,6,1,0,0.5555702330196022,0.8314696123025452,-0.7818314824680299,0.6234898018587334
2026-08-16 02:30:00,201765,202160.0,206011.0,212938.0,220352.0,204114.75,1677.9651118740726,216749.5625,2,30,10,6,1,0,0.6087614290087207,0.7933533402912352,-0.7818314824680299,0.6234898018587334
2026-08-16 02:45:00,200931,201765.0,204861.0,212526.0,219465.0,203053.25,1398.228969089073,216633.17708333334,2,45,11,6,1,0,0.6593458151000688,0.7518398074789774,-0.7818314824680299,0.6234898018587334
2026-08-16 03:00:00,199734,200931.0,203427.0,211595.0,218457.0,202070.75,1039.213284172158,216512.39583333334,3,0,12,6,1,0,0.7071067811865476,0.7071067811865476,-0.7818314824680299,0.6234898018587334
2026-08-16 03:15:00,199109,199734.0,202160.0,210865.0,218990.0,201147.5,1072.5851947513881,216388.84375,3,15,13,6,1,0,0.7518398074789774,0.6593458151000688,-0.7818314824680299,0.6234898018587334
2026-08-16 03:30:00,198937,199109.0,201765.0,210496.0,218305.0,200384.75,1190.8670160852862,216266.38541666666,3,30,14,6,1,0,0.7933533402912352,0.6087614290087207,-0.7818314824680299,0.6234898018587334
2026-08-16 03:45:00,197710,198937.0,200931.0,210044.0,217334.0,199677.75,902.9556559801446,216145.97916666666,3,45,15,6,1,0,0.8314696123025451,0.5555702330196024,-0.7818314824680299,0.6234898018587334
2026-08-16 04:00:00,196743,197710.0,199734.0,209175.0,216792.0,198872.5,847.2860595256676,216017.5,4,0,16,6,1,0,0.8660254037844386,0.5000000000000001,-0.7818314824680299,0.6234898018587334
2026-08-16 04:15:00,197747,196743.0,199109.0,209591.0,217880.0,198124.75,1112.0174983634656,215888.0,4,15,17,6,1,0,0.8968727415326884,0.44228869021900125,-0.7818314824680299,0.6234898018587334
2026-08-16 04:30:00,197775,197747.0,198937.0,210535.0,217707.0,197784.25,898.1341306656468,215764.625,4,30,18,6,1,0,0.9238795325112867,0.38268343236508984,-0.7818314824680299,0.6234898018587334
2026-08-16 04:45:00,198400,197775.0,197710.0,211490.0,218355.0,197493.75,501.2074587100007,215631.70833333334,4,45,19,6,1,0,0.9469301294951056,0.3214394653031617,-0.7818314824680299,0.6234898018587334
2026-08-16 05:00:00,199509,198400.0,196743.0,213458.0,219609.0,197666.25,685.3531328202555,215495.35416666666,5,0,20,6,1,0,0.9659258262890683,0.25881904510252074,-0.7818314824680299,0.6234898018587334
2026-08-16 05:15:00,201502,199509.0,197747.0,216136.0,221129.0,198357.75,824.5755979087295,215350.05208333334,5,15,21,6,1,0,0.9807852804032304,0.19509032201612833,-0.7818314824680299,0.6234898018587334
2026-08-16 05:30:00,203047,201502.0,197775.0,217708.0,222460.0,199296.5,1635.8546186422545,215197.61458333334,5,30,22,6,1,0,0.9914448613738104,0.1305261922200517,-0.7818314824680299,0.6234898018587334
2026-08-16 05:45:00,203733,203047.0,198400.0,219388.0,223568.0,200614.5,2068.079060384268,215044.89583333334,5,45,23,6,1,0,0.9978589232386035,0.06540312923014327,-0.7818314824680299,0.6234898018587334
2026-08-16 06:00:00,204113,203733.0,199509.0,220066.0,225163.0,201947.75,1874.5366316327943,214881.82291666666,6,0,24,6,1,0,1.0,6.123233995736766e-17,-0.7818314824680299,0.6234898018587334
2026-08-16 06:15:00,204907,204113.0,201502.0,222009.0,227548.0,203098.75,1152.2824812807694,214715.64583333334,6,15,25,6,1,0,0.9978589232386035,-0.06540312923014314,-0.7818314824680299,0.6234898018587334
2026-08-16 06:30:00,206944,204907.0,203047.0,223061.0,229698.0,203950.0,775.6537027994947,214537.5,6,30,26,6,1,0,0.9914448613738104,-0.1305261922200516,-0.7818314824680299,0.6234898018587334
2026-08-16 06:45:00,208133,206944.0,203733.0,222742.0,231895.0,204924.25,1432.5839998640802,214369.61458333334,6,45,27,6,1,0,0.9807852804032304,-0.1950903220161282,-0.7818314824680299,0.6234898018587334
2026-08-16 07:00:00,208604,208133.0,204113.0,221089.0,232737.0,206024.25,1843.3566077493585,214217.4375,7,0,28,6,1,0,0.9659258262890683,-0.25881904510252063,-0.7818314824680299,0.6234898018587334
2026-08-16 07:15:00,209452,208604.0,204907.0,220003.0,233933.0,207147.0,1648.6210399401107,214087.38541666666,7,15,29,6,1,0,0.9469301294951057,-0.3214394653031616,-0.7818314824680299,0.6234898018587334
2026-08-16 07:30:00,210202,209452.0,206944.0,218993.0,233949.0,208283.25,1046.4261002733174,213977.47916666666,7,30,30,6,1,0,0.9238795325112868,-0.3826834323650895,-0.7818314824680299,0.6234898018587334
2026-08-16 07:45:00,209483,210202.0,208133.0,217242.0,232300.0,209097.75,916.4047049929583,213885.90625,7,45,31,6,1,0,0.8968727415326884,-0.44228869021900113,-0.7818314824680299,0.6234898018587334
2026-08-16 08:00:00,208407,209483.0,208604.0,215130.0,231367.0,209435.25,653.5652862057681,213805.08333333334,8,0,32,6,1,0,0.8660254037844387,-0.4999999999999998,-0.7818314824680299,0.6234898018587334
2026-08-16 08:15:00,211075,208407.0,209452.0,215151.0,233144.0,209386.0,738.9321123530641,213735.05208333334,8,15,33,6,1,0,0.8314696123025451,-0.5555702330196023,-0.7818314824680299,0.6234898018587334
2026-08-16 08:30:00,214356,211075.0,210202.0,215630.0,235294.0,209791.75,1129.5861705361665,213692.59375,8,30,34,6,1,0,0.7933533402912352,-0.6087614290087207,-0.7818314824680299,0.6234898018587334
2026-08-16 08:45:00,217953,214356.0,209483.0,216612.0,236941.0,210830.25,2593.4557865262636,213679.32291666666,8,45,35,6,1,0,0.7518398074789774,-0.6593458151000688,-0.7818314824680299,0.6234898018587334
2026-08-16 09:00:00,219692,217953.0,208407.0,216606.0,238494.0,212947.75,4129.620593952896,213693.29166666666,9,0,36,6,1,0,0.7071067811865476,-0.7071067811865475,-0.7818314824680299,0.6234898018587334
2026-08-16 09:15:00,222255,219692.0,211075.0,219045.0,242958.0,215769.0,3837.967778221505,213725.4375,9,15,37,6,1,0,0.659345815100069,-0.7518398074789773,-0.7818314824680299,0.6234898018587334
2026-08-16 09:30:00,223363,222255.0,214356.0,219149.0,244047.0,218564.0,3315.4411471175104,213758.875,9,30,38,6,1,0,0.6087614290087209,-0.793353340291235,-0.7818314824680299,0.6234898018587334
2026-08-16 09:45:00,225662,223363.0,217953.0,219240.0,246338.0,220815.75,2450.7192651682003,213802.77083333334,9,45,39,6,1,0,0.5555702330196025,-0.831469612302545,-0.7818314824680299,0.6234898018587334
2026-08-16 10:00:00,225474,225662.0,219692.0,218842.0,246144.0,222743.0,2480.034005143188,213869.66666666666,10,0,40,6,1,0,0.49999999999999994,-0.8660254037844387,-0.7818314824680299,0.6234898018587334
2026-08-16 10:15:00,225972,225474.0,222255.0,218084.0,245777.0,224188.5,1657.667538038482,213938.75,10,15,41,6,1,0,0.4422886902190017,-0.8968727415326881,-0.7818314824680299,0.6234898018587334
2026-08-16 10:30:00,225895,225972.0,223363.0,217492.0,244966.0,225117.75,1187.7166819854651,214020.91666666666,10,30,42,6,1,0,0.3826834323650899,-0.9238795325112867,-0.7818314824680299,0.6234898018587334
2026-08-16 10:45:00,224902,225895.0,225662.0,218273.0,245915.0,225750.75,226.73534498742916,214108.44791666666,10,45,43,6,1,0,0.32143946530316175,-0.9469301294951056,-0.7818314824680299,0.6234898018587334
2026-08-16 11:00:00,224538,224902.0,225474.0,218650.0,246293.0,225560.75,490.6888864986011,214177.5,11,0,44,6,1,0,0.258819045102521,-0.9659258262890682,-0.7818314824680299,0.6234898018587334
2026-08-16 11:15:00,224589,224538.0,225972.0,218858.0,246814.0,225326.75,716.8902170717876,214238.83333333334,11,15,45,6,1,0,0.19509032201612816,-0.9807852804032304,-0.7818314824680299,0.6234898018587334
2026-08-16 11:30:00,225284,224589.0,225895.0,219572.0,246423.0,224981.0,630.2248276077605,214298.53125,11,30,46,6,1,0,0.130526192220052,-0.9914448613738104,-0.7818314824680299,0.6234898018587334
2026-08-16 11:45:00,225477,225284.0,224902.0,219851.0,246017.0,224828.25,343.81814476052057,214358.03125,11,45,47,6,1,0,0.06540312923014312,-0.9978589232386035,-0.7818314824680299,0.6234898018587334
2026-08-16 12:00:00,226071,225477.0,224538.0,220201.0,246223.0,224972.0,478.68361158483475,214416.63541666666,12,0,48,6,1,0,1.2246467991473532e-16,-1.0,-0.7818314824680299,0.6234898018587334
2026-08-16 12:15:00,224763,226071.0,224589.0,219636.0,245053.0,225355.25,610.829149599055,214477.78125,12,15,49,6,1,0,-0.06540312923014287,-0.9978589232386035,-0.7818314824680299,0.6234898018587334
2026-08-16 12:30:00,224356,224763.0,225284.0,220141.0,244556.0,225398.75,540.1816823994545,214531.1875,12,30,50,6,1,0,-0.13052619222005177,-0.9914448613738104,-0.7818314824680299,0.6234898018587334
2026-08-16 12:45:00,224545,224356.0,225477.0,219660.0,244210.0,225166.75,760.3185187800605,214575.09375,12,45,51,6,1,0,-0.19509032201612792,-0.9807852804032305,-0.7818314824680299,0.6234898018587334
2026-08-16 13:00:00,222865,224545.0,226071.0,218583.0,241036.0,224933.75,776.1904298129685,214625.97916666666,13,0,52,6,1,0,-0.2588190451025208,-0.9659258262890683,-0.7818314824680299,0.6234898018587334
2026-08-16 13:15:00,221443,222865.0,224763.0,216701.0,239059.0,224132.25,861.0448594584952,214670.58333333334,13,15,53,6,1,0,-0.32143946530316153,-0.9469301294951057,-0.7818314824680299,0.6234898018587334
2026-08-16 13:30:00,222525,221443.0,224356.0,217217.0,238382.0,223302.25,1449.461365473361,214719.97916666666,13,30,54,6,1,0,-0.38268343236508967,-0.9238795325112868,-0.7818314824680299,0.6234898018587334
2026-08-16 13:45:00,222403,222525.0,224545.0,217104.0,239225.0,222844.5,1285.6130833185775,214775.27083333334,13,45,55,6,1,0,-0.44228869021900147,-0.8968727415326883,-0.7818314824680299,0.6234898018587334
2026-08-16 14:00:00,222341,222403.0,222865.0,217030.0,238733.0,222309.0,609.5309672197915,214830.46875,14,0,56,6,1,0,-0.4999999999999997,-0.8660254037844388,-0.7818314824680299,0.6234898018587334
2026-08-16 14:15:00,222461,222341.0,221443.0,217224.0,239593.0,222178.0,495.926069758951,214885.79166666666,14,15,57,6,1,0,-0.555570233019602,-0.8314696123025455,-0.7818314824680299,0.6234898018587334
2026-08-16 14:30:00,223293,222461.0,222525.0,218418.0,241676.0,222432.5,78.76335865464293,214940.34375,14,30,58,6,1,0,-0.6087614290087207,-0.7933533402912352,-0.7818314824680299,0.6234898018587334
2026-08-16 14:45:00,224175,223293.0,222403.0,219445.0,242589.0,222624.5,448.3521681296543,214991.125,14,45,59,6,1,0,-0.6593458151000688,-0.7518398074789774,-0.7818314824680299,0.6234898018587334
2026-08-16 15:00:00,224597,224175.0,222341.0,220253.0,243605.0,223067.5,851.0877353911429,215040.39583333334,15,0,60,6,1,0,-0.7071067811865471,-0.7071067811865479,-0.7818314824680299,0.6234898018587334
2026-08-16 15:15:00,224897,224597.0,222461.0,219699.0,242761.0,223631.5,950.8303388792501,215085.64583333334,15,15,61,6,1,0,-0.7518398074789773,-0.6593458151000691,-0.7818314824680299,0.6234898018587334
2026-08-16 15:30:00,225377,224897.0,223293.0,220253.0,243973.0,224240.5,697.6462809570733,215139.79166666666,15,30,62,6,1,0,-0.7933533402912349,-0.6087614290087209,-0.7818314824680299,0.6234898018587334
2026-08-16 15:45:00,225122,225377.0,224175.0,220537.0,243687.0,224761.5,506.0444644494169,215193.16666666666,15,45,63,6,1,0,-0.8314696123025452,-0.5555702330196022,-0.7818314824680299,0.6234898018587334
2026-08-16 16:00:00,224759,225122.0,224597.0,219938.0,243684.0,224998.25,331.67190113106835,215240.92708333334,16,0,64,6,1,0,-0.8660254037844385,-0.5000000000000004,-0.7818314824680299,0.6234898018587334
2026-08-16 16:15:00,222029,224759.0,224897.0,216933.0,240512.0,225038.75,270.61457832108226,215291.14583333334,16,15,65,6,1,0,-0.8968727415326883,-0.44228869021900136,-0.7818314824680299,0.6234898018587334
2026-08-16 16:30:00,223009,222029.0,225377.0,216382.0,239886.0,224321.75,1549.3915741347946,215344.22916666666,16,30,66,6,1,0,-0.9238795325112868,-0.3826834323650895,-0.7818314824680299,0.6234898018587334
2026-08-16 16:45:00,221775,223009.0,225122.0,215243.0,237528.0,223729.75,1461.7052541466412,215413.26041666666,16,45,67,6,1,0,-0.9469301294951056,-0.3214394653031618,-0.7818314824680299,0.6234898018587334
2026-08-16 17:00:00,220454,221775.0,224759.0,214153.0,236163.0,222893.0,1353.000615915069,215481.30208333334,17,0,68,6,1,0,-0.9659258262890683,-0.25881904510252063,-0.7818314824680299,0.6234898018587334
2026-08-16 17:15:00,215947,220454.0,222029.0,209627.0,231422.0,221816.75,1052.8280565536597,215546.9375,17,15,69,6,1,0,-0.9807852804032303,-0.19509032201612866,-0.7818314824680299,0.6234898018587334
2026-08-16 17:30:00,215411,215947.0,223009.0,209035.0,231516.0,220296.25,3081.4809615940444,215612.77083333334,17,30,70,6,1,0,-0.9914448613738104,-0.13052619222005163,-0.7818314824680299,0.6234898018587334
2026-08-16 17:45:00,214624,215411.0,221775.0,208131.0,231542.0,218396.75,3191.6990642393835,215679.1875,17,45,71,6,1,0,-0.9978589232386035,-0.06540312923014273,-0.7818314824680299,0.6234898018587334
2026-08-16 18:00:00,214369,214624.0,220454.0,208013.0,230801.0,216609.0,2620.286116692833,215746.82291666666,18,0,72,6,1,0,-1.0,-1.8369701987210297e-16,-0.7818314824680299,0.6234898018587334
2026-08-16 18:15:00,213029,214369.0,215947.0,207153.0,228852.0,215087.75,724.4461677722419,215813.03125,18,15,73,6,1,0,-0.9978589232386036,0.06540312923014237,-0.7818314824680299,0.6234898018587334
2026-08-16 18:30:00,216192,213029.0,215411.0,209606.0,231762.0,214358.25,990.9468115561136,215874.23958333334,18,30,74,6,1,0,-0.9914448613738105,0.13052619222005127,-0.7818314824680299,0.6234898018587334
2026-08-16 18:45:00,219142,216192.0,214624.0,212912.0,235108.0,214553.5,1297.1498242942328,215942.84375,18,45,75,6,1,0,-0.9807852804032304,0.1950903220161283,-0.7818314824680299,0.6234898018587334
2026-08-16 19:00:00,223331,219142.0,214369.0,217148.0,238383.0,215683.0,2645.377981814047,216007.73958333334,19,0,76,6,1,0,-0.9659258262890684,0.2588190451025203,-0.7818314824680299,0.6234898018587334
2026-08-16 19:15:00,225866,223331.0,213029.0,219382.0,239536.0,217923.5,4384.823105515952,216072.14583333334,19,15,77,6,1,0,-0.9469301294951057,0.3214394653031615,-0.7818314824680299,0.6234898018587334
2026-08-16 19:30:00,228934,225866.0,216192.0,221674.0,241026.0,221132.75,4305.425056445247,216139.6875,19,30,78,6,1,0,-0.923879532511287,0.38268343236508917,-0.7818314824680299,0.6234898018587334
2026-08-16 19:45:00,229910,228934.0,219142.0,223321.0,241555.0,224318.25,4142.016608287955,216215.3125,19,45,79,6,1,0,-0.8968727415326884,0.442288690219001,-0.7818314824680299,0.6234898018587334
2026-08-16 20:00:00,230044,229910.0,223331.0,223124.0,240965.0,227010.25,2997.529691262449,216283.94791666666,20,0,80,6,1,0,-0.8660254037844386,0.5000000000000001,-0.7818314824680299,0.6234898018587334
2026-08-16 20:15:00,229124,230044.0,225866.0,223094.0,239167.0,228688.5,1945.612071645656,216356.03125,20,15,81,6,1,0,-0.8314696123025455,0.5555702330196018,-0.7818314824680299,0.6234898018587334
2026-08-16 20:30:00,230021,229124.0,228934.0,223082.0,239235.0,229503.0,555.4973747312343,216418.84375,20,30,82,6,1,0,-0.7933533402912357,0.6087614290087199,-0.7818314824680299,0.6234898018587334
2026-08-16 20:45:00,229874,230021.0,229910.0,222861.0,239001.0,229774.75,437.76049387760276,216491.125,20,45,83,6,1,0,-0.7518398074789772,0.6593458151000691,-0.7818314824680299,0.6234898018587334
2026-08-16 21:00:00,229781,229874.0,230044.0,223442.0,238296.0,229765.75,434.410232384048,216564.17708333334,21,0,84,6,1,0,-0.7071067811865477,0.7071067811865474,-0.7818314824680299,0.6234898018587334
2026-08-16 21:15:00,230398,229781.0,229124.0,223585.0,237937.0,229700.0,396.5072508794292,216630.20833333334,21,15,85,6,1,0,-0.6593458151000687,0.7518398074789775,-0.7818314824680299,0.6234898018587334
2026-08-16 21:30:00,230512,230398.0,230021.0,223548.0,238062.0,230018.5,271.608173661918,216701.17708333334,21,30,86,6,1,0,-0.608761429008721,0.7933533402912349,-0.7818314824680299,0.6234898018587334
2026-08-16 21:45:00,230096,230512.0,229874.0,223755.0,237740.0,230141.25,367.2323288237259,216773.71875,21,45,87,6,1,0,-0.555570233019603,0.8314696123025447,-0.7818314824680299,0.6234898018587334
2026-08-16 22:00:00,229765,230096.0,229781.0,223176.0,236706.0,230196.75,328.0664312807645,216839.77083333334,22,0,88,6,1,0,-0.5000000000000004,0.8660254037844384,-0.7818314824680299,0.6234898018587334
2026-08-16 22:15:00,231109,229765.0,230398.0,224225.0,237565.0,230192.75,334.8525795032245,216908.40625,22,15,89,6,1,0,-0.4422886902190014,0.8968727415326883,-0.7818314824680299,0.6234898018587334
2026-08-16 22:30:00,230740,231109.0,230512.0,224813.0,237815.0,230370.5,579.4782135680008,216980.11458333334,22,30,90,6,1,0,-0.38268343236508956,0.9238795325112868,-0.7818314824680299,0.6234898018587334
2026-08-16 22:45:00,229177,230740.0,230096.0,223727.0,236652.0,230427.5,608.5219798823712,217041.85416666666,22,45,91,6,1,0,-0.32143946530316186,0.9469301294951056,-0.7818314824680299,0.6234898018587334
2026-08-16 23:00:00,227690,229177.0,229765.0,222163.0,235101.0,230197.75,885.7416384025089,217098.625,23,0,92,6,1,0,-0.25881904510252157,0.9659258262890681,-0.7818314824680299,0.6234898018587334
2026-08-16 23:15:00,225910,227690.0,231109.0,221011.0,233534.0,229679.0,1568.3054549417218,217156.19791666666,23,15,93,6,1,0,-0.19509032201612872,0.9807852804032303,-0.7818314824680299,0.6234898018587334
2026-08-16 23:30:00,223960,225910.0,230740.0,219472.0,232110.0,228379.25,2064.1226344381707,217207.22916666666,23,30,94,6,1,0,-0.13052619222005168,0.9914448613738104,-0.7818314824680299,0.6234898018587334
2026-08-16 23:45:00,221662,223960.0,229177.0,216998.0,230335.0,226684.25,2254.3540649152674,217253.97916666666,23,45,95,6,1,0,-0.0654031292301428,0.9978589232386035,-0.7818314824680299,0.6234898018587334
2026-08-17 00:00:00,219465,221662.0,227690.0,215677.0,227534.0,224805.5,2590.799297514188,217302.5625,0,0,0,0,0,0,0.0,1.0,0.0,1.0
2026-08-17 00:15:00,218298,219465.0,225910.0,214508.0,226602.0,222749.25,2794.319639912372,217342.02083333334,0,15,1,0,0,0,0.06540312923014306,0.9978589232386035,0.0,1.0
2026-08-17 00:30:00,217113,218298.0,223960.0,212669.0,224974.0,220846.25,2500.8209818644204,217381.5,0,30,2,0,0,0,0.13052619222005157,0.9914448613738104,0.0,1.0
2026-08-17 00:45:00,215589,217113.0,221662.0,211087.0,223805.0,219134.5,1939.3883056262887,217427.79166666666,0,45,3,0,0,0,0.19509032201612825,0.9807852804032304,0.0,1.0
2026-08-17 01:00:00,213698,215589.0,219465.0,209674.0,221499.0,217616.25,1657.8764278437664,217474.6875,1,0,4,0,0,0,0.25881904510252074,0.9659258262890683,0.0,1.0
2026-08-17 01:15:00,211962,213698.0,218298.0,207720.0,220184.0,216174.5,1988.7933527644361,217516.60416666666,1,15,5,0,0,0,0.3214394653031616,0.9469301294951057,0.0,1.0
2026-08-17 01:30:00,210683,211962.0,217113.0,206011.0,218890.0,214590.5,2240.9504679934344,217560.79166666666,1,30,6,0,0,0,0.3826834323650898,0.9238795325112867,0.0,1.0
2026-08-17 01:45:00,209156,210683.0,215589.0,204861.0,217079.0,212983.0,2131.8928991235252,217609.45833333334,1,45,7,0,0,0,0.44228869021900125,0.8968727415326884,0.0,1.0
2026-08-17 02:00:00,207571,209156.0,213698.0,203427.0,216020.0,211374.75,1927.3230787805117,217654.19791666666,2,0,8,0,0,0,0.49999999999999994,0.8660254037844387,0.0,1.0
2026-08-17 02:15:00,206063,207571.0,211962.0,202160.0,214128.0,209843.0,1899.974912115071,217697.36458333334,2,15,9,0,0,0,0.5555702330196022,0.8314696123025452,0.0,1.0
2026-08-17 02:30:00,204831,206063.0,210683.0,201765.0,212938.0,208368.25,1994.0246362570326,217738.02083333334,2,30,10,0,0,0,0.6087614290087207,0.7933533402912352,0.0,1.0
2026-08-17 02:45:00,204281,204831.0,209156.0,200931.0,212526.0,206905.25,1872.6982983563166,217769.95833333334,2,45,11,0,0,0,0.6593458151000688,0.7518398074789774,0.0,1.0
2026-08-17 03:00:00,203314,204281.0,207571.0,199734.0,211595.0,205686.5,1460.639471829597,217804.85416666666,3,0,12,0,0,0,0.7071067811865476,0.7071067811865476,0.0,1.0
2026-08-17 03:15:00,203037,203314.0,206063.0,199109.0,210865.0,204622.25,1147.0697087215992,217842.14583333334,3,15,13,0,0,0,0.7518398074789774,0.6593458151000688,0.0,1.0
2026-08-17 03:30:00,202196,203037.0,204831.0,198937.0,210496.0,203865.75,835.7421352705956,217883.0625,3,30,14,0,0,0,0.7933533402912352,0.6087614290087207,0.0,1.0
2026-08-17 03:45:00,201654,202196.0,204281.0,197710.0,210044.0,203207.0,859.4467212495807,217917.01041666666,3,45,15,0,0,0,0.8314696123025451,0.5555702330196024,0.0,1.0
2026-08-17 04:00:00,201423,201654.0,203314.0,196743.0,209175.0,202550.25,763.5436573416445,217958.09375,4,0,16,0,0,0,0.8660254037844386,0.5000000000000001,0.0,1.0
2026-08-17 04:15:00,202540,201423.0,203037.0,197747.0,209591.0,202077.5,717.0320773856517,218006.84375,4,15,17,0,0,0,0.8968727415326884,0.44228869021900125,0.0,1.0
2026-08-17 04:30:00,203194,202540.0,202196.0,197775.0,210535.0,201953.25,507.91034313808655,218056.77083333334,4,30,18,0,0,0,0.9238795325112867,0.38268343236508984,0.0,1.0
2026-08-17 04:45:00,203949,203194.0,201654.0,198400.0,211490.0,202202.75,817.6084535603293,218113.21875,4,45,19,0,0,0,0.9469301294951056,0.3214394653031617,0.0,1.0
2026-08-17 05:00:00,205316,203949.0,201423.0,199509.0,213458.0,202776.5,1070.3514998977291,218171.02083333334,5,0,20,0,0,0,0.9659258262890683,0.25881904510252074,0.0,1.0
2026-08-17 05:15:00,208408,205316.0,202540.0,201502.0,216136.0,203749.75,1192.3635840911368,218231.51041666666,5,15,21,0,0,0,0.9807852804032304,0.19509032201612833,0.0,1.0
2026-08-17 05:30:00,210667,208408.0,203194.0,203047.0,217708.0,205216.75,2301.639614854302,218303.44791666666,5,30,22,0,0,0,0.9914448613738104,0.1305261922200517,0.0,1.0
2026-08-17 05:45:00,212454,210667.0,203949.0,203733.0,219388.0,207085.0,3030.1215597178048,218382.82291666666,5,45,23,0,0,0,0.9978589232386035,0.06540312923014327,0.0,1.0
2026-08-17 06:00:00,213021,212454.0,205316.0,204113.0,220066.0,209211.25,3079.654674905393,218473.66666666666,6,0,24,0,0,0,1.0,6.123233995736766e-17,0.0,1.0
2026-08-17 06:15:00,216045,213021.0,208408.0,204907.0,222009.0,211137.5,2077.8422301352257,218566.45833333334,6,15,25,0,0,0,0.9978589232386035,-0.06540312923014314,0.0,1.0
2026-08-17 06:30:00,219159,216045.0,210667.0,206944.0,223061.0,213046.75,2236.4204099408444,218682.47916666666,6,30,26,0,0,0,0.9914448613738104,-0.1305261922200516,0.0,1.0
2026-08-17 06:45:00,220746,219159.0,212454.0,208133.0,222742.0,215169.75,3091.5262007623314,218809.71875,6,45,27,0,0,0,0.9807852804032304,-0.1950903220161282,0.0,1.0
2026-08-17 07:00:00,221064,220746.0,213021.0,208604.0,221089.0,217242.75,3425.519559132596,218941.10416666666,7,0,28,0,0,0,0.9659258262890683,-0.25881904510252063,0.0,1.0
2026-08-17 07:15:00,222553,221064.0,216045.0,209452.0,220003.0,219253.5,2295.5659432915395,219070.89583333334,7,15,29,0,0,0,0.9469301294951057,-0.3214394653031616,0.0,1.0
2026-08-17 07:30:00,222933,222553.0,219159.0,210202.0,218993.0,220880.5,1391.9507893600173,219207.36458333334,7,30,30,0,0,0,0.9238795325112868,-0.3826834323650895,0.0,1.0
2026-08-17 07:45:00,222357,222933.0,220746.0,209483.0,217242.0,221824.0,1080.2786677519675,219339.97916666666,7,45,31,0,0,0,0.8968727415326884,-0.44228869021900113,0.0,1.0
2026-08-17 08:00:00,222628,222357.0,221064.0,208407.0,215130.0,222226.75,811.2091284002923,219474.08333333334,8,0,32,0,0,0,0.8660254037844387,-0.4999999999999998,0.0,1.0
2026-08-17 08:15:00,225956,222628.0,222553.0,211075.0,215151.0,222617.75,239.21451321625847,219622.21875,8,15,33,0,0,0,0.8314696123025451,-0.5555702330196023,0.0,1.0
2026-08-17 08:30:00,228110,225956.0,222933.0,214356.0,215630.0,223468.5,1674.9416905273497,219777.22916666666,8,30,34,0,0,0,0.7933533402912352,-0.6087614290087207,0.0,1.0
2026-08-17 08:45:00,231257,228110.0,222357.0,217953.0,216612.0,224762.75,2767.2319954544137,219920.5,8,45,35,0,0,0,0.7518398074789774,-0.6593458151000688,0.0,1.0
2026-08-17 09:00:00,234038,231257.0,222628.0,219692.0,216606.0,226987.75,3631.2472030970257,220059.08333333334,9,0,36,0,0,0,0.7071067811865476,-0.7071067811865475,0.0,1.0
2026-08-17 09:15:00,237495,234038.0,225956.0,222255.0,219045.0,229840.25,3545.393666435361,220208.52083333334,9,15,37,0,0,0,0.659345815100069,-0.7518398074789773,0.0,1.0
2026-08-17 09:30:00,239264,237495.0,228110.0,223363.0,219149.0,232725.0,3997.087189441828,220367.27083333334,9,30,38,0,0,0,0.6087614290087209,-0.793353340291235,0.0,1.0
2026-08-17 09:45:00,241196,239264.0,231257.0,225662.0,219240.0,235513.5,3572.463435782086,220532.90625,9,45,39,0,0,0,0.5555702330196025,-0.831469612302545,0.0,1.0
2026-08-17 10:00:00,242804,241196.0,234038.0,225474.0,218842.0,237998.25,3042.1795229736067,220694.71875,10,0,40,0,0,0,0.49999999999999994,-0.8660254037844387,0.0,1.0
2026-08-17 10:15:00,243049,242804.0,237495.0,225972.0,218084.0,240189.75,2306.912276182148,220875.23958333334,10,15,41,0,0,0,0.4422886902190017,-0.8968727415326881,0.0,1.0
2026-08-17 10:30:00,242995,243049.0,239264.0,225895.0,217492.0,241578.25,1748.0881699730994,221053.125,10,30,42,0,0,0,0.3826834323650899,-0.9238795325112867,0.0,1.0
2026-08-17 10:45:00,241310,242995.0,241196.0,224902.0,218273.0,242511.0,882.944694379689,221231.25,10,45,43,0,0,0,0.32143946530316175,-0.9469301294951056,0.0,1.0
2026-08-17 11:00:00,240921,241310.0,242804.0,224538.0,218650.0,242539.5,826.3778393285013,221402.16666666666,11,0,44,0,0,0,0.258819045102521,-0.9659258262890682,0.0,1.0
2026-08-17 11:15:00,239925,240921.0,243049.0,224589.0,218858.0,242068.75,1112.3339951051482,221572.82291666666,11,15,45,0,0,0,0.19509032201612816,-0.9807852804032304,0.0,1.0
2026-08-17 11:30:00,240389,239925.0,242995.0,225284.0,219572.0,241287.75,1278.9045768416736,221732.57291666666,11,30,46,0,0,0,0.130526192220052,-0.9914448613738104,0.0,1.0
2026-08-17 11:45:00,240852,240389.0,241310.0,225477.0,219851.0,240636.25,606.0887586263589,221889.91666666666,11,45,47,0,0,0,0.06540312923014312,-0.9978589232386035,0.0,1.0
2026-08-17 12:00:00,240015,240852.0,240921.0,226071.0,220201.0,240521.75,462.67294063939624,222050.07291666666,12,0,48,0,0,0,1.2246467991473532e-16,-1.0,0.0,1.0
2026-08-17 12:15:00,238588,240015.0,239925.0,224763.0,219636.0,240295.25,422.0524256533826,222195.32291666666,12,15,49,0,0,0,-0.06540312923014287,-0.9978589232386035,0.0,1.0
2026-08-17 12:30:00,238195,238588.0,240389.0,224356.0,220141.0,239961.0,977.2597744031867,222339.33333333334,12,30,50,0,0,0,-0.13052619222005177,-0.9914448613738104,0.0,1.0
2026-08-17 12:45:00,237521,238195.0,240852.0,224545.0,219660.0,239412.5,1237.9112784578867,222483.48958333334,12,45,51,0,0,0,-0.19509032201612792,-0.9807852804032305,0.0,1.0
2026-08-17 13:00:00,236647,237521.0,240015.0,222865.0,218583.0,238579.75,1053.406339769495,222618.65625,13,0,52,0,0,0,-0.2588190451025208,-0.9659258262890683,0.0,1.0
2026-08-17 13:15:00,234342,236647.0,238588.0,221443.0,216701.0,237737.75,850.2389370053022,222762.21875,13,15,53,0,0,0,-0.32143946530316153,-0.9469301294951057,0.0,1.0
2026-08-17 13:30:00,234989,234342.0,238195.0,222525.0,217217.0,236676.25,1680.2562056622744,222896.58333333334,13,30,54,0,0,0,-0.38268343236508967,-0.9238795325112868,0.0,1.0
2026-08-17 13:45:00,236373,234989.0,237521.0,222403.0,217104.0,235874.75,1465.194497896639,223026.41666666666,13,45,55,0,0,0,-0.44228869021900147,-0.8968727415326883,0.0,1.0
2026-08-17 14:00:00,237641,236373.0,236647.0,222341.0,217030.0,235587.75,1102.8784686748506,223171.9375,14,0,56,0,0,0,-0.4999999999999997,-0.8660254037844388,0.0,1.0
2026-08-17 14:15:00,238280,237641.0,234342.0,222461.0,217224.0,235836.25,1471.4889001733084,223331.3125,14,15,57,0,0,0,-0.555570233019602,-0.8314696123025455,0.0,1.0
2026-08-17 14:30:00,240836,238280.0,234989.0,223293.0,218418.0,236820.75,1455.7940273266372,223496.09375,14,30,58,0,0,0,-0.6087614290087207,-0.7933533402912352,0.0,1.0
2026-08-17 14:45:00,242106,240836.0,236373.0,224175.0,219445.0,238282.5,1877.7718178734858,223678.83333333334,14,45,59,0,0,0,-0.6593458151000688,-0.7518398074789774,0.0,1.0
2026-08-17 15:00:00,242800,242106.0,237641.0,224597.0,220253.0,239715.75,2108.2552620591027,223865.61458333334,15,0,60,0,0,0,-0.7071067811865471,-0.7071067811865479,0.0,1.0
2026-08-17 15:15:00,242182,242800.0,238280.0,224897.0,219699.0,241005.5,1990.6791973260156,224055.22916666666,15,15,61,0,0,0,-0.7518398074789773,-0.6593458151000691,0.0,1.0
2026-08-17 15:30:00,242480,242182.0,240836.0,225377.0,220253.0,241981.0,824.1787831936406,224235.28125,15,30,62,0,0,0,-0.7933533402912349,-0.6087614290087209,0.0,1.0
2026-08-17 15:45:00,243058,242480.0,242106.0,225122.0,220537.0,242392.0,316.2825740798154,224413.4375,15,45,63,0,0,0,-0.8314696123025452,-0.5555702330196022,0.0,1.0
2026-08-17 16:00:00,242401,243058.0,242800.0,224759.0,219938.0,242630.0,380.91468861135417,224600.27083333334,16,0,64,0,0,0,-0.8660254037844385,-0.5000000000000004,0.0,1.0
2026-08-17 16:15:00,238852,242401.0,242182.0,222029.0,216933.0,242530.25,373.7328591385642,224784.04166666666,16,15,65,0,0,0,-0.8968727415326883,-0.44228869021900136,0.0,1.0
2026-08-17 16:30:00,238549,238852.0,242480.0,223009.0,216382.0,241697.75,1919.639614615174,224959.28125,16,30,66,0,0,0,-0.9238795325112868,-0.3826834323650895,0.0,1.0
2026-08-17 16:45:00,237829,238549.0,243058.0,221775.0,215243.0,240715.0,2344.8219548613692,225121.15625,16,45,67,0,0,0,-0.9469301294951056,-0.3214394653031618,0.0,1.0
2026-08-17 17:00:00,236813,237829.0,242401.0,220454.0,214153.0,239407.75,2041.103194353459,225288.38541666666,17,0,68,0,0,0,-0.9659258262890683,-0.25881904510252063,0.0,1.0
2026-08-17 17:15:00,232182,236813.0,238852.0,215947.0,209627.0,238010.75,906.468008260575,225458.79166666666,17,15,69,0,0,0,-0.9807852804032303,-0.19509032201612866,0.0,1.0
2026-08-17 17:30:00,231270,232182.0,238549.0,215411.0,209035.0,236343.25,2864.1143337280682,225627.90625,17,30,70,0,0,0,-0.9914448613738104,-0.13052619222005163,0.0,1.0
2026-08-17 17:45:00,229963,231270.0,237829.0,214624.0,208131.0,234523.5,3278.0087960020146,225793.10416666666,17,45,71,0,0,0,-0.9978589232386035,-0.06540312923014273,0.0,1.0
2026-08-17 18:00:00,228971,229963.0,236813.0,214369.0,208013.0,232557.0,2979.8974255276908,225952.88541666666,18,0,72,0,0,0,-1.0,-1.8369701987210297e-16,0.0,1.0
2026-08-17 18:15:00,227925,228971.0,232182.0,213029.0,207153.0,230596.5,1415.5075650333263,226104.98958333334,18,15,73,0,0,0,-0.9978589232386036,0.06540312923014237,0.0,1.0
2026-08-17 18:30:00,230288,227925.0,231270.0,216192.0,209606.0,229532.25,1426.3677354267995,226260.15625,18,30,74,0,0,0,-0.9914448613738105,0.13052619222005127,0.0,1.0
2026-08-17 18:45:00,233912,230288.0,229963.0,219142.0,212912.0,229286.75,1066.7515721416007,226406.98958333334,18,45,75,0,0,0,-0.9807852804032304,0.1950903220161283,0.0,1.0
2026-08-17 19:00:00,236348,233912.0,228971.0,223331.0,217148.0,230274.0,2610.9289534569684,226560.84375,19,0,76,0,0,0,-0.9659258262890684,0.2588190451025203,0.0,1.0
2026-08-17 19:15:00,238702,236348.0,227925.0,225866.0,219382.0,232118.25,3743.5048083313422,226696.4375,19,15,77,0,0,0,-0.9469301294951057,0.3214394653031615,0.0,1.0
2026-08-17 19:30:00,239376,238702.0,230288.0,228934.0,221674.0,234812.5,3594.809730708968,226830.14583333334,19,30,78,0,0,0,-0.923879532511287,0.38268343236508917,0.0,1.0
2026-08-17 19:45:00,239472,239376.0,233912.0,229910.0,223321.0,237084.5,2481.5631498445828,226938.91666666666,19,45,79,0,0,0,-0.8968727415326884,0.442288690219001,0.0,1.0
2026-08-17 20:00:00,238761,239472.0,236348.0,230044.0,223124.0,238474.5,1458.4771738585998,227038.52083333334,20,0,80,0,0,0,-0.8660254037844386,0.5000000000000001,0.0,1.0
2026-08-17 20:15:00,237652,238761.0,238702.0,229124.0,223094.0,239077.75,402.4527922625164,227129.32291666666,20,15,81,0,0,0,-0.8314696123025455,0.5555702330196018,0.0,1.0
2026-08-17 20:30:00,237515,237652.0,239376.0,230021.0,223082.0,238815.25,837.0294200324719,227218.15625,20,30,82,0,0,0,-0.7933533402912357,0.6087614290087199,0.0,1.0
2026-08-17 20:45:00,237579,237515.0,239472.0,229874.0,222861.0,238350.0,933.1370031600758,227296.21875,20,45,83,0,0,0,-0.7518398074789772,0.6593458151000691,0.0,1.0
2026-08-17 21:00:00,237228,237579.0,238761.0,229781.0,223442.0,237876.75,592.1510927681949,227376.47916666666,21,0,84,0,0,0,-0.7071067811865477,0.7071067811865474,0.0,1.0
2026-08-17 21:15:00,237562,237228.0,237652.0,230398.0,223585.0,237493.5,185.63853766545168,227454.05208333334,21,15,85,0,0,0,-0.6593458151000687,0.7518398074789775,0.0,1.0
2026-08-17 21:30:00,236978,237562.0,237515.0,230512.0,223548.0,237471.0,164.24575083260785,227528.67708333334,21,30,86,0,0,0,-0.608761429008721,0.7933533402912349,0.0,1.0
2026-08-17 21:45:00,236335,236978.0,237579.0,230096.0,223755.0,237336.75,288.64669869334796,227596.03125,21,45,87,0,0,0,-0.555570233019603,0.8314696123025447,0.0,1.0
2026-08-17 22:00:00,235322,236335.0,237228.0,229765.0,223176.0,237025.75,518.9363319970654,227661.02083333334,22,0,88,0,0,0,-0.5000000000000004,0.8660254037844384,0.0,1.0
2026-08-17 22:15:00,235987,235322.0,237562.0,231109.0,224225.0,236549.25,959.4329488469945,227718.90625,22,15,89,0,0,0,-0.4422886902190014,0.8968727415326883,0.0,1.0
2026-08-17 22:30:00,235711,235987.0,236978.0,230740.0,224813.0,236155.5,690.8547845482693,227769.71875,22,30,90,0,0,0,-0.38268343236508956,0.9238795325112868,0.0,1.0
2026-08-17 22:45:00,234086,235711.0,236335.0,229177.0,223727.0,235838.75,428.7939481847959,227821.5,22,45,91,0,0,0,-0.32143946530316186,0.9469301294951056,0.0,1.0
2026-08-17 23:00:00,232069,234086.0,235322.0,227690.0,222163.0,235276.5,839.2379479821228,227872.63541666666,23,0,92,0,0,0,-0.25881904510252157,0.9659258262890681,0.0,1.0
2026-08-17 23:15:00,230145,232069.0,235987.0,225910.0,221011.0,234463.25,1803.0940768578655,227918.25,23,15,93,0,0,0,-0.19509032201612872,0.9807852804032303,0.0,1.0
2026-08-17 23:30:00,228543,230145.0,235711.0,223960.0,219472.0,233002.75,2418.4480388601696,227962.36458333334,23,30,94,0,0,0,-0.13052619222005168,0.9914448613738104,0.0,1.0
2026-08-17 23:45:00,226323,228543.0,234086.0,221662.0,216998.0,231210.75,2398.3583795310074,228010.10416666666,23,45,95,0,0,0,-0.0654031292301428,0.9978589232386035,0.0,1.0
2026-08-18 00:00:00,223677,226323.0,232069.0,219465.0,215677.0,229270.0,2436.7576818387074,228058.65625,0,0,0,1,0,0,0.0,1.0,0.7818314824680298,0.6234898018587336
2026-08-18 00:15:00,222513,223677.0,230145.0,218298.0,214508.0,227172.0,2807.9764956281156,228102.53125,0,15,1,1,0,0,0.06540312923014306,0.9978589232386035,0.7818314824680298,0.6234898018587336
2026-08-18 00:30:00,220689,222513.0,228543.0,217113.0,212669.0,225264.0,2705.543198694109,228146.4375,0,30,2,1,0,0,0.13052619222005157,0.9914448613738104,0.7818314824680298,0.6234898018587336
2026-08-18 00:45:00,219353,220689.0,226323.0,215589.0,211087.0,223300.5,2360.603524525021,228183.6875,0,45,3,1,0,0,0.19509032201612825,0.9807852804032304,0.7818314824680298,0.6234898018587336
2026-08-18 01:00:00,217088,219353.0,223677.0,213698.0,209674.0,221558.0,1916.5395899902385,228222.89583333334,1,0,4,1,0,0,0.25881904510252074,0.9659258262890683,0.7818314824680298,0.6234898018587336
2026-08-18 01:15:00,215564,217088.0,222513.0,211962.0,207720.0,219910.75,2284.4678993877915,228258.20833333334,1,15,5,1,0,0,0.3214394653031616,0.9469301294951057,0.7818314824680298,0.6234898018587336
2026-08-18 01:30:00,214046,215564.0,220689.0,210683.0,206011.0,218173.5,2288.140511419688,228295.72916666666,1,30,6,1,0,0,0.3826834323650898,0.9238795325112867,0.7818314824680298,0.6234898018587336
2026-08-18 01:45:00,212490,214046.0,219353.0,209156.0,204861.0,216512.75,2264.428901511362,228330.76041666666,1,45,7,1,0,0,0.44228869021900125,0.8968727415326884,0.7818314824680298,0.6234898018587336
2026-08-18 02:00:00,210865,212490.0,217088.0,207571.0,203427.0,214797.0,1976.800445163839,228365.48958333334,2,0,8,1,0,0,0.49999999999999994,0.8660254037844387,0.7818314824680298,0.6234898018587336
2026-08-18 02:15:00,209500,210865.0,215564.0,206063.0,202160.0,213241.25,2021.033625812949,228399.80208333334,2,15,9,1,0,0,0.5555702330196022,0.8314696123025452,0.7818314824680298,0.6234898018587336
2026-08-18 02:30:00,208556,209500.0,214046.0,204831.0,201765.0,211725.25,1971.6736334055477,228435.60416666666,2,30,10,1,0,0,0.6087614290087207,0.7933533402912352,0.7818314824680298,0.6234898018587336
2026-08-18 02:45:00,208163,208556.0,212490.0,204281.0,200931.0,210352.75,1711.3085392957696,228474.40625,2,45,11,1,0,0,0.6593458151000688,0.7518398074789774,0.7818314824680298,0.6234898018587336
2026-08-18 03:00:00,207629,208163.0,210865.0,203314.0,199734.0,209271.0,1201.6885342439186,228514.84375,3,0,12,1,0,0,0.7071067811865476,0.7071067811865476,0.7818314824680298,0.6234898018587336
2026-08-18 03:15:00,207555,207629.0,209500.0,203037.0,199109.0,208462.0,789.4238405317873,228559.79166666666,3,15,13,1,0,0,0.7518398074789774,0.6593458151000688,0.7818314824680298,0.6234898018587336
2026-08-18 03:30:00,207030,207555.0,208556.0,202196.0,198937.0,207975.75,472.23537563375817,228606.85416666666,3,30,14,1,0,0,0.7933533402912352,0.6087614290087207,0.7818314824680298,0.6234898018587336
2026-08-18 03:45:00,206002,207030.0,208163.0,201654.0,197710.0,207594.25,463.53811421855454,228657.20833333334,3,45,15,1,0,0,0.8314696123025451,0.5555702330196024,0.7818314824680298,0.6234898018587336
2026-08-18 04:00:00,205388,206002.0,207629.0,201423.0,196743.0,207054.0,750.3123793904921,228702.5,4,0,16,1,0,0,0.8660254037844386,0.5000000000000001,0.7818314824680298,0.6234898018587336
2026-08-18 04:15:00,206726,205388.0,207555.0,202540.0,197747.0,206493.75,979.5095286247231,228743.80208333334,4,15,17,1,0,0,0.8968727415326884,0.44228869021900125,0.7818314824680298,0.6234898018587336
2026-08-18 04:30:00,207228,206726.0,207030.0,203194.0,197775.0,206286.5,738.0593923707138,228787.40625,4,30,18,1,0,0,0.9238795325112867,0.38268343236508984,0.7818314824680298,0.6234898018587336
2026-08-18 04:45:00,207682,207228.0,206002.0,203949.0,198400.0,206336.0,807.8828297882235,228829.42708333334,4,45,19,1,0,0,0.9469301294951056,0.3214394653031617,0.7818314824680298,0.6234898018587336
2026-08-18 05:00:00,208839,207682.0,205388.0,205316.0,199509.0,206756.0,992.0658580289031,228868.3125,5,0,20,1,0,0,0.9659258262890683,0.25881904510252074,0.7818314824680298,0.6234898018587336
2026-08-18 05:15:00,212016,208839.0,206726.0,208408.0,201502.0,207618.75,902.3485560838582,228905.01041666666,5,15,21,1,0,0,0.9807852804032304,0.19509032201612833,0.7818314824680298,0.6234898018587336
2026-08-18 05:30:00,213745,212016.0,207228.0,210667.0,203047.0,208941.25,2159.1262700453494,228942.59375,5,30,22,1,0,0,0.9914448613738104,0.1305261922200517,0.7818314824680298,0.6234898018587336
2026-08-18 05:45:00,215691,213745.0,207682.0,212454.0,203733.0,210570.5,2799.3121178841884,228974.65625,5,45,23,1,0,0,0.9978589232386035,0.06540312923014327,0.7818314824680298,0.6234898018587336
2026-08-18 06:00:00,217047,215691.0,208839.0,213021.0,204113.0,212572.75,2906.803097906686,229008.375,6,0,24,1,0,0,1.0,6.123233995736766e-17,0.7818314824680298,0.6234898018587336
2026-08-18 06:15:00,220431,217047.0,212016.0,216045.0,204907.0,214624.75,2204.8220449732194,229050.3125,6,15,25,1,0,0,0.9978589232386035,-0.06540312923014314,0.7818314824680298,0.6234898018587336
2026-08-18 06:30:00,223914,220431.0,213745.0,219159.0,206944.0,216728.5,2815.8851183952565,229096.0,6,30,26,1,0,0,0.9914448613738104,-0.1305261922200516,0.7818314824680298,0.6234898018587336
2026-08-18 06:45:00,225618,223914.0,215691.0,220746.0,208133.0,219270.75,3681.739840075595,229145.53125,6,45,27,1,0,0,0.9807852804032304,-0.1950903220161282,0.7818314824680298,0.6234898018587336
2026-08-18 07:00:00,226011,225618.0,217047.0,221064.0,208604.0,221752.5,3807.9856879982976,229196.28125,7,0,28,1,0,0,0.9659258262890683,-0.25881904510252063,0.7818314824680298,0.6234898018587336
2026-08-18 07:15:00,226679,226011.0,220431.0,222553.0,209452.0,223993.5,2543.4250529551423,229247.8125,7,15,29,1,0,0,0.9469301294951057,-0.3214394653031616,0.7818314824680298,0.6234898018587336
2026-08-18 07:30:00,226675,226679.0,223914.0,222933.0,210202.0,225555.5,1178.7226136796853,229290.79166666666,7,30,30,1,0,0,0.9238795325112868,-0.3826834323650895,0.7818314824680298,0.6234898018587336
2026-08-18 07:45:00,226011,226675.0,225618.0,222357.0,209483.0,226245.75,523.175799006932,229329.77083333334,7,45,31,1,0,0,0.8968727415326884,-0.44228869021900113,0.7818314824680298,0.6234898018587336
2026-08-18 08:00:00,223916,226011.0,226011.0,222628.0,208407.0,226344.0,384.51874683367754,229367.83333333334,8,0,32,1,0,0,0.8660254037844387,-0.4999999999999998,0.7818314824680298,0.6234898018587336
2026-08-18 08:15:00,226494,223916.0,226679.0,225956.0,211075.0,225820.25,1307.7465032132725,229381.25,8,15,33,1,0,0,0.8314696123025451,-0.5555702330196023,0.7818314824680298,0.6234898018587336
2026-08-18 08:30:00,229812,226494.0,226675.0,228110.0,214356.0,225774.0,1269.9782150362037,229386.85416666666,8,30,34,1,0,0,0.7933533402912352,-0.6087614290087207,0.7818314824680298,0.6234898018587336
2026-08-18 08:45:00,232105,229812.0,226011.0,231257.0,217953.0,226558.25,2440.763866087804,229404.58333333334,8,45,35,1,0,0,0.7518398074789774,-0.6593458151000688,0.7818314824680298,0.6234898018587336
2026-08-18 09:00:00,234426,232105.0,223916.0,234038.0,219692.0,228081.75,3608.0802259188426,229413.41666666666,9,0,36,1,0,0,0.7071067811865476,-0.7071067811865475,0.7818314824680298,0.6234898018587336
2026-08-18 09:15:00,239504,234426.0,226494.0,237495.0,222255.0,230709.25,3383.082359328527,229417.45833333334,9,15,37,1,0,0,0.659345815100069,-0.7518398074789773,0.7818314824680298,0.6234898018587336
2026-08-18 09:30:00,241177,239504.0,229812.0,239264.0,223363.0,233961.75,4147.288622300901,229438.38541666666,9,30,38,1,0,0,0.6087614290087209,-0.793353340291235,0.7818314824680298,0.6234898018587336
2026-08-18 09:45:00,242434,241177.0,232105.0,241196.0,225662.0,236803.0,4248.474628224406,229458.3125,9,45,39,1,0,0,0.5555702330196025,-0.831469612302545,0.7818314824680298,0.6234898018587336
2026-08-18 10:00:00,241898,242434.0,234426.0,242804.0,225474.0,239385.25,3517.2672512430026,229471.20833333334,10,0,40,1,0,0,0.49999999999999994,-0.8660254037844387,0.7818314824680298,0.6234898018587336
2026-08-18 10:15:00,242196,241898.0,239504.0,243049.0,225972.0,241253.25,1274.8284525116142,229461.77083333334,10,15,41,1,0,0,0.4422886902190017,-0.8968727415326881,0.7818314824680298,0.6234898018587336
2026-08-18 10:30:00,242011,242196.0,241177.0,242995.0,225895.0,241926.25,545.5116100198817,229452.88541666666,10,30,42,1,0,0,0.3826834323650899,-0.9238795325112867,0.7818314824680298,0.6234898018587336
2026-08-18 10:45:00,241498,242011.0,242434.0,241310.0,224902.0,242134.75,234.2838378260086,229442.63541666666,10,45,43,1,0,0,0.32143946530316175,-0.9469301294951056,0.7818314824680298,0.6234898018587336
2026-08-18 11:00:00,241719,241498.0,241898.0,240921.0,224538.0,241900.75,295.2641472757631,229444.59375,11,0,44,1,0,0,0.258819045102521,-0.9659258262890682,0.7818314824680298,0.6234898018587336
2026-08-18 11:15:00,241776,241719.0,242196.0,239925.0,224589.0,241856.0,309.0620218227237,229452.90625,11,15,45,1,0,0,0.19509032201612816,-0.9807852804032304,0.7818314824680298,0.6234898018587336
2026-08-18 11:30:00,241921,241776.0,242011.0,240389.0,225284.0,241751.0,210.7589460334928,229472.1875,11,30,46,1,0,0,0.130526192220052,-0.9914448613738104,0.7818314824680298,0.6234898018587336
2026-08-18 11:45:00,241575,241921.0,241498.0,240852.0,225477.0,241728.5,175.62554863444254,229488.14583333334,11,45,47,1,0,0,0.06540312923014312,-0.9978589232386035,0.7818314824680298,0.6234898018587336
2026-08-18 12:00:00,241306,241575.0,241719.0,240015.0,226071.0,241747.75,143.15812935287826,229495.67708333334,12,0,48,1,0,0,1.2246467991473532e-16,-1.0,0.7818314824680298,0.6234898018587336
2026-08-18 12:15:00,239407,241306.0,241776.0,238588.0,224763.0,241644.5,266.5564355500534,229509.125,12,15,49,1,0,0,-0.06540312923014287,-0.9978589232386035,0.7818314824680298,0.6234898018587336
2026-08-18 12:30:00,239687,239407.0,241921.0,238195.0,224356.0,241052.25,1125.3489458829251,229517.65625,12,30,50,1,0,0,-0.13052619222005177,-0.9914448613738104,0.7818314824680298,0.6234898018587336
2026-08-18 12:45:00,239286,239687.0,241575.0,237521.0,224545.0,240493.75,1104.6451541859367,229533.19791666666,12,45,51,1,0,0,-0.19509032201612792,-0.9807852804032305,0.7818314824680298,0.6234898018587336
2026-08-18 13:00:00,237019,239286.0,241306.0,236647.0,222865.0,239921.5,938.1543938321013,229551.58333333334,13,0,52,1,0,0,-0.2588190451025208,-0.9659258262890683,0.7818314824680298,0.6234898018587336
2026-08-18 13:15:00,233989,237019.0,239407.0,234342.0,221443.0,238849.75,1232.0003720236764,229555.45833333334,13,15,53,1,0,0,-0.32143946530316153,-0.9469301294951057,0.7818314824680298,0.6234898018587336
2026-08-18 13:30:00,234255,233989.0,239687.0,234989.0,222525.0,237495.25,2616.0502511737955,229551.78125,13,30,54,1,0,0,-0.38268343236508967,-0.9238795325112868,0.7818314824680298,0.6234898018587336
2026-08-18 13:45:00,235718,234255.0,239286.0,236373.0,222403.0,236137.25,2506.6546597673027,229544.13541666666,13,45,55,1,0,0,-0.44228869021900147,-0.8968727415326883,0.7818314824680298,0.6234898018587336
2026-08-18 14:00:00,236372,235718.0,237019.0,237641.0,222341.0,235245.25,1405.754927669278,229537.3125,14,0,56,1,0,0,-0.4999999999999997,-0.8660254037844388,0.7818314824680298,0.6234898018587336
2026-08-18 14:15:00,236976,236372.0,233989.0,238280.0,222461.0,235083.5,1147.049112578209,229524.09375,14,15,57,1,0,0,-0.555570233019602,-0.8314696123025455,0.7818314824680298,0.6234898018587336
2026-08-18 14:30:00,239369,236976.0,234255.0,240836.0,223293.0,235830.25,1169.080657325711,229510.51041666666,14,30,58,1,0,0,-0.6087614290087207,-0.7933533402912352,0.7818314824680298,0.6234898018587336
2026-08-18 14:45:00,240976,239369.0,235718.0,242106.0,224175.0,237108.75,1591.9944252414234,229495.22916666666,14,45,59,1,0,0,-0.6593458151000688,-0.7518398074789774,0.7818314824680298,0.6234898018587336
2026-08-18 15:00:00,240814,240976.0,236372.0,242800.0,224597.0,238423.25,2138.000214374738,229483.45833333334,15,0,60,1,0,0,-0.7071067811865471,-0.7071067811865479,0.7818314824680298,0.6234898018587336
2026-08-18 15:15:00,240599,240814.0,236976.0,242182.0,224897.0,239533.75,1851.8776732458396,229462.77083333334,15,15,61,1,0,0,-0.7518398074789773,-0.6593458151000691,0.7818314824680298,0.6234898018587336
2026-08-18 15:30:00,240914,240599.0,239369.0,242480.0,225377.0,240439.5,730.1810277822085,229446.28125,15,30,62,1,0,0,-0.7933533402912349,-0.6087614290087209,0.7818314824680298,0.6234898018587336
2026-08-18 15:45:00,242275,240914.0,240976.0,243058.0,225122.0,240825.75,165.24401148930835,229429.96875,15,45,63,1,0,0,-0.8314696123025452,-0.5555702330196022,0.7818314824680298,0.6234898018587336
2026-08-18 16:00:00,241953,242275.0,240814.0,242401.0,224759.0,241150.5,761.0994240788004,229421.8125,16,0,64,1,0,0,-0.8660254037844385,-0.5000000000000004,0.7818314824680298,0.6234898018587336
2026-08-18 16:15:00,239603,241953.0,240599.0,238852.0,222029.0,241435.25,805.0384566382019,229417.14583333334,16,15,65,1,0,0,-0.8968727415326883,-0.44228869021900136,0.7818314824680298,0.6234898018587336
2026-08-18 16:30:00,238268,239603.0,240914.0,238549.0,223009.0,241186.25,1204.724415236289,229424.96875,16,30,66,1,0,0,-0.9238795325112868,-0.3826834323650895,0.7818314824680298,0.6234898018587336
2026-08-18 16:45:00,237741,238268.0,242275.0,237829.0,221775.0,240524.75,1918.8379078667429,229422.04166666666,16,45,67,1,0,0,-0.9469301294951056,-0.3214394653031618,0.7818314824680298,0.6234898018587336
2026-08-18 17:00:00,236474,237741.0,241953.0,236813.0,220454.0,239391.25,1879.043794948137,229421.125,17,0,68,1,0,0,-0.9659258262890683,-0.25881904510252063,0.7818314824680298,0.6234898018587336
2026-08-18 17:15:00,233278,236474.0,239603.0,232182.0,215947.0,238021.5,1295.5489184124915,229417.59375,17,15,69,1,0,0,-0.9807852804032303,-0.19509032201612866,0.7818314824680298,0.6234898018587336
2026-08-18 17:30:00,232191,233278.0,238268.0,231270.0,215411.0,236440.25,2238.569837344026,229429.01041666666,17,30,70,1,0,0,-0.9914448613738104,-0.13052619222005163,0.7818314824680298,0.6234898018587336
2026-08-18 17:45:00,232329,232191.0,237741.0,229963.0,214624.0,234921.0,2615.120009993128,229438.60416666666,17,45,71,1,0,0,-0.9978589232386035,-0.06540312923014273,0.7818314824680298,0.6234898018587336
2026-08-18 18:00:00,233117,232329.0,236474.0,228971.0,214369.0,233568.0,1996.6794100872723,229463.25,18,0,72,1,0,0,-1.0,-1.8369701987210297e-16,0.7818314824680298,0.6234898018587336
2026-08-18 18:15:00,231417,233117.0,233278.0,227925.0,213029.0,232728.75,548.1449777809388,229506.4375,18,15,73,1,0,0,-0.9978589232386036,0.06540312923014237,0.7818314824680298,0.6234898018587336
2026-08-18 18:30:00,234144,231417.0,232191.0,230288.0,216192.0,232263.5,696.3167382734632,229542.8125,18,30,74,1,0,0,-0.9914448613738105,0.13052619222005127,0.7818314824680298,0.6234898018587336
2026-08-18 18:45:00,237902,234144.0,232329.0,233912.0,219142.0,232751.75,1159.316285575166,229582.97916666666,18,45,75,1,0,0,-0.9807852804032304,0.1950903220161283,0.7818314824680298,0.6234898018587336
2026-08-18 19:00:00,238652,237902.0,233117.0,236348.0,223331.0,234145.0,2745.530792639767,229624.54166666666,19,0,76,1,0,0,-0.9659258262890684,0.2588190451025203,0.7818314824680298,0.6234898018587336
2026-08-18 19:15:00,240863,238652.0,231417.0,238702.0,225866.0,235528.75,3376.932866275721,229648.54166666666,19,15,77,1,0,0,-0.9469301294951057,0.3214394653031615,0.7818314824680298,0.6234898018587336
2026-08-18 19:30:00,244063,240863.0,234144.0,239376.0,228934.0,237890.25,2795.9514033687715,229671.05208333334,19,30,78,1,0,0,-0.923879532511287,0.38268343236508917,0.7818314824680298,0.6234898018587336
2026-08-18 19:45:00,244808,244063.0,237902.0,239472.0,229910.0,240370.0,2764.286888150324,229719.875,19,45,79,1,0,0,-0.8968727415326884,0.442288690219001,0.7818314824680298,0.6234898018587336
2026-08-18 20:00:00,243184,244808.0,238652.0,238761.0,230044.0,242096.5,2863.8818062203304,229775.45833333334,20,0,80,1,0,0,-0.8660254037844386,0.5000000000000001,0.7818314824680298,0.6234898018587336
2026-08-18 20:15:00,241407,243184.0,240863.0,237652.0,229124.0,243229.5,1711.6051920151344,229821.53125,20,15,81,1,0,0,-0.8314696123025455,0.5555702330196018,0.7818314824680298,0.6234898018587336
2026-08-18 20:30:00,240652,241407.0,244063.0,237515.0,230021.0,243365.5,1464.693028134734,229860.64583333334,20,30,82,1,0,0,-0.7933533402912357,0.6087614290087199,0.7818314824680298,0.6234898018587336
2026-08-18 20:45:00,240624,240652.0,244808.0,237579.0,229874.0,242512.75,1862.2408320801305,229893.32291666666,20,45,83,1,0,0,-0.7518398074789772,0.6593458151000691,0.7818314824680298,0.6234898018587336
2026-08-18 21:00:00,239499,240624.0,243184.0,237228.0,229781.0,241466.75,1200.911147143349,229925.04166666666,21,0,84,1,0,0,-0.7071067811865477,0.7071067811865474,0.7818314824680298,0.6234898018587336
2026-08-18 21:15:00,239285,239499.0,241407.0,237562.0,230398.0,240545.5,786.3097354095455,229948.69791666666,21,15,85,1,0,0,-0.6593458151000687,0.7518398074789775,0.7818314824680298,0.6234898018587336
2026-08-18 21:30:00,239314,239285.0,240652.0,236978.0,230512.0,240015.0,724.7542112099117,229966.64583333334,21,30,86,1,0,0,-0.608761429008721,0.7933533402912349,0.7818314824680298,0.6234898018587336
2026-08-18 21:45:00,238912,239314.0,240624.0,236335.0,230096.0,239680.5,636.1019310350332,229990.97916666666,21,45,87,1,0,0,-0.555570233019603,0.8314696123025447,0.7818314824680298,0.6234898018587336
2026-08-18 22:00:00,238158,238912.0,239499.0,235322.0,229765.0,239252.5,245.99525740651606,230017.82291666666,22,0,88,1,0,0,-0.5000000000000004,0.8660254037844384,0.7818314824680298,0.6234898018587336
2026-08-18 22:15:00,238716,238158.0,239285.0,235987.0,231109.0,238917.25,538.2498645299424,230047.36458333334,22,15,89,1,0,0,-0.4422886902190014,0.8968727415326883,0.7818314824680298,0.6234898018587336
2026-08-18 22:30:00,238287,238716.0,239314.0,235711.0,230740.0,238775.0,480.7840818217328,230075.79166666666,22,30,90,1,0,0,-0.38268343236508956,0.9238795325112868,0.7818314824680298,0.6234898018587336
2026-08-18 22:45:00,237078,238287.0,238912.0,234086.0,229177.0,238518.25,354.6833094463789,230102.625,22,45,91,1,0,0,-0.32143946530316186,0.9469301294951056,0.7818314824680298,0.6234898018587336
2026-08-18 23:00:00,235333,237078.0,238158.0,232069.0,227690.0,238059.75,696.6091084674646,230133.79166666666,23,0,92,1,0,0,-0.25881904510252157,0.9659258262890681,0.7818314824680298,0.6234898018587336
2026-08-18 23:15:00,234064,235333.0,238716.0,230145.0,225910.0,237353.5,1515.0521443170976,230167.79166666666,23,15,93,1,0,0,-0.19509032201612872,0.9807852804032303,0.7818314824680298,0.6234898018587336
2026-08-18 23:30:00,232481,234064.0,238287.0,228543.0,223960.0,236190.5,1865.5005583845802,230208.61458333334,23,30,94,1,0,0,-0.13052619222005168,0.9914448613738104,0.7818314824680298,0.6234898018587336
2026-08-18 23:45:00,230534,232481.0,237078.0,226323.0,221662.0,234739.0,1947.4723789226127,230249.63541666666,23,45,95,1,0,0,-0.0654031292301428,0.9978589232386035,0.7818314824680298,0.6234898018587336
2026-08-19 00:00:00,228394,230534.0,235333.0,223677.0,219465.0,233103.0,2072.282638380485,230293.5,0,0,0,2,0,0,0.0,1.0,0.9749279121818236,-0.22252093395631434
2026-08-19 00:15:00,227696,228394.0,234064.0,222513.0,218298.0,231368.25,2452.7139220327276,230342.63541666666,0,15,1,2,0,0,0.06540312923014306,0.9978589232386035,0.9749279121818236,-0.22252093395631434
2026-08-19 00:30:00,226305,227696.0,232481.0,220689.0,217113.0,229776.25,2170.0931431622507,230396.625,0,30,2,2,0,0,0.13052619222005157,0.9914448613738104,0.9749279121818236,-0.22252093395631434
2026-08-19 00:45:00,223849,226305.0,230534.0,219353.0,215589.0,228232.25,1763.1480132610727,230455.125,0,45,3,2,0,0,0.19509032201612825,0.9807852804032304,0.9749279121818236,-0.22252093395631434
2026-08-19 01:00:00,221583,223849.0,228394.0,217088.0,213698.0,226561.0,2005.7080212898557,230501.95833333334,1,0,4,2,0,0,0.25881904510252074,0.9659258262890683,0.9749279121818236,-0.22252093395631434
2026-08-19 01:15:00,219645,221583.0,227696.0,215564.0,211962.0,224858.25,2701.3427988070057,230548.78125,1,15,5,2,0,0,0.3214394653031616,0.9469301294951057,0.9749279121818236,-0.22252093395631434
2026-08-19 01:30:00,217973,219645.0,226305.0,214046.0,210683.0,222845.5,2875.891687807422,230591.29166666666,1,30,6,2,0,0,0.3826834323650898,0.9238795325112867,0.9749279121818236,-0.22252093395631434
2026-08-19 01:45:00,216063,217973.0,223849.0,212490.0,209156.0,220762.5,2531.785865089405,230632.19791666666,1,45,7,2,0,0,0.44228869021900125,0.8968727415326884,0.9749279121818236,-0.22252093395631434
2026-08-19 02:00:00,214599,216063.0,221583.0,210865.0,207571.0,218816.0,2354.654114726794,230669.41666666666,2,0,8,2,0,0,0.49999999999999994,0.8660254037844387,0.9749279121818236,-0.22252093395631434
2026-08-19 02:15:00,213576,214599.0,219645.0,209500.0,206063.0,217070.0,2203.4763443249863,230708.3125,2,15,9,2,0,0,0.5555702330196022,0.8314696123025452,0.9749279121818236,-0.22252093395631434
2026-08-19 02:30:00,212292,213576.0,217973.0,208556.0,204831.0,215552.75,1909.2009454218773,230750.77083333334,2,30,10,2,0,0,0.6087614290087207,0.7933533402912352,0.9749279121818236,-0.22252093395631434
2026-08-19 02:45:00,212243,212292.0,216063.0,208163.0,204281.0,214132.5,1595.993421039006,230789.6875,2,45,11,2,0,0,0.6593458151000688,0.7518398074789774,0.9749279121818236,-0.22252093395631434
2026-08-19 03:00:00,211265,212243.0,214599.0,207629.0,203314.0,213177.5,1130.9089264833797,230832.1875,3,0,12,2,0,0,0.7071067811865476,0.7071067811865476,0.9749279121818236,-0.22252093395631434
2026-08-19 03:15:00,211006,211265.0,213576.0,207555.0,203037.0,212344.0,947.7992051764527,230870.0625,3,15,13,2,0,0,0.7518398074789774,0.6593458151000688,0.9749279121818236,-0.22252093395631434
2026-08-19 03:30:00,210588,211006.0,212292.0,207030.0,202196.0,211701.5,662.3606771740416,230906.01041666666,3,30,14,2,0,0,0.7933533402912352,0.6087614290087207,0.9749279121818236,-0.22252093395631434
2026-08-19 03:45:00,209406,210588.0,212243.0,206002.0,201654.0,211275.5,702.7216139172401,230943.07291666666,3,45,15,2,0,0,0.8314696123025451,0.5555702330196024,0.9749279121818236,-0.22252093395631434
2026-08-19 04:00:00,208740,209406.0,211265.0,205388.0,201423.0,210566.25,822.2499113204275,230978.53125,4,0,16,2,0,0,0.8660254037844386,0.5000000000000001,0.9749279121818236,-0.22252093395631434
2026-08-19 04:15:00,210335,208740.0,211006.0,206726.0,202540.0,209935.0,1045.8355511263662,231013.44791666666,4,15,17,2,0,0,0.8968727415326884,0.44228869021900125,0.9749279121818236,-0.22252093395631434
2026-08-19 04:30:00,210174,210335.0,210588.0,207228.0,203194.0,209767.25,852.782651089825,231051.04166666666,4,30,18,2,0,0,0.9238795325112867,0.38268343236508984,0.9749279121818236,-0.22252093395631434
2026-08-19 04:45:00,210613,210174.0,209406.0,207682.0,203949.0,209663.75,737.2653864110189,231081.72916666666,4,45,19,2,0,0,0.9469301294951056,0.3214394653031617,0.9749279121818236,-0.22252093395631434
2026-08-19 05:00:00,211981,210613.0,208740.0,208839.0,205316.0,209965.5,836.8809154631612,231112.26041666666,5,0,20,2,0,0,0.9659258262890683,0.25881904510252074,0.9749279121818236,-0.22252093395631434
2026-08-19 05:15:00,214406,211981.0,210335.0,212016.0,208408.0,210775.75,823.7068147505269,231144.98958333334,5,15,21,2,0,0,0.9807852804032304,0.19509032201612833,0.9749279121818236,-0.22252093395631434
2026-08-19 05:30:00,216651,214406.0,210174.0,213745.0,210667.0,211793.5,1904.0897212753575,231169.88541666666,5,30,22,2,0,0,0.9914448613738104,0.1305261922200517,0.9749279121818236,-0.22252093395631434
2026-08-19 05:45:00,218847,216651.0,210613.0,215691.0,212454.0,213412.75,2668.415057045371,231200.15625,5,45,23,2,0,0,0.9978589232386035,0.06540312923014327,0.9749279121818236,-0.22252093395631434
2026-08-19 06:00:00,219381,218847.0,211981.0,217047.0,213021.0,215471.25,2949.8079457256963,231233.03125,6,0,24,2,0,0,1.0,6.123233995736766e-17,0.9749279121818236,-0.22252093395631434
2026-08-19 06:15:00,221370,219381.0,214406.0,220431.0,216045.0,217321.25,2274.379091092733,231257.34375,6,15,25,2,0,0,0.9978589232386035,-0.06540312923014314,0.9749279121818236,-0.22252093395631434
2026-08-19 06:30:00,224205,221370.0,216651.0,223914.0,219159.0,219062.25,1939.7397376967367,231267.125,6,30,26,2,0,0,0.9914448613738104,-0.1305261922200516,0.9749279121818236,-0.22252093395631434
2026-08-19 06:45:00,226639,224205.0,218847.0,225618.0,220746.0,220950.75,2425.956357810215,231270.15625,6,45,27,2,0,0,0.9807852804032304,-0.1950903220161282,0.9749279121818236,-0.22252093395631434
2026-08-19 07:00:00,227329,226639.0,219381.0,226011.0,221064.0,222898.75,3183.6771585699144,231280.79166666666,7,0,28,2,0,0,0.9659258262890683,-0.25881904510252063,0.9749279121818236,-0.22252093395631434
2026-08-19 07:15:00,228081,227329.0,221370.0,226679.0,222553.0,224885.75,2699.8317694502966,231294.52083333334,7,15,29,2,0,0,0.9469301294951057,-0.3214394653031616,0.9749279121818236,-0.22252093395631434
2026-08-19 07:30:00,228223,228081.0,224205.0,226675.0,222933.0,226563.5,1678.9896763628822,231309.125,7,30,30,2,0,0,0.9238795325112868,-0.3826834323650895,0.9749279121818236,-0.22252093395631434
2026-08-19 07:45:00,227667,228223.0,226639.0,226011.0,222357.0,227568.0,733.1111784714595,231325.25,7,45,31,2,0,0,0.8968727415326884,-0.44228869021900113,0.9749279121818236,-0.22252093395631434
2026-08-19 08:00:00,226301,227667.0,227329.0,223916.0,222628.0,227825.0,406.1690945076299,231342.5,8,0,32,2,0,0,0.8660254037844387,-0.4999999999999998,0.9749279121818236,-0.22252093395631434
2026-08-19 08:15:00,229376,226301.0,228081.0,226494.0,225956.0,227568.0,876.980425475098,231367.34375,8,15,33,2,0,0,0.8314696123025451,-0.5555702330196023,0.9749279121818236,-0.22252093395631434
2026-08-19 08:30:00,232196,229376.0,228223.0,229812.0,228110.0,227891.75,1277.2004214947956,231397.36458333334,8,30,34,2,0,0,0.7933533402912352,-0.6087614290087207,0.9749279121818236,-0.22252093395631434
2026-08-19 08:45:00,234667,232196.0,227667.0,232105.0,231257.0,228885.0,2540.628662358946,231422.19791666666,8,45,35,2,0,0,0.7518398074789774,-0.6593458151000688,0.9749279121818236,-0.22252093395631434
2026-08-19 09:00:00,237121,234667.0,226301.0,234426.0,234038.0,230635.0,3608.433732244477,231448.88541666666,9,0,36,2,0,0,0.7071067811865476,-0.7071067811865475,0.9749279121818236,-0.22252093395631434
2026-08-19 09:15:00,241293,237121.0,229376.0,239504.0,237495.0,233340.0,3320.588401674192,231476.95833333334,9,15,37,2,0,0,0.659345815100069,-0.7518398074789773,0.9749279121818236,-0.22252093395631434
2026-08-19 09:30:00,244456,241293.0,232196.0,241177.0,239264.0,236319.25,3877.804909567585,231495.59375,9,30,38,2,0,0,0.6087614290087209,-0.793353340291235,0.9749279121818236,-0.22252093395631434
2026-08-19 09:45:00,245475,244456.0,234667.0,242434.0,241196.0,239384.25,4348.973930710534,231529.75,9,45,39,2,0,0,0.5555702330196025,-0.831469612302545,0.9749279121818236,-0.22252093395631434
2026-08-19 10:00:00,244894,245475.0,237121.0,241898.0,242804.0,242086.25,3758.6475737069563,231561.42708333334,10,0,40,2,0,0,0.49999999999999994,-0.8660254037844387,0.9749279121818236,-0.22252093395631434
2026-08-19 10:15:00,244891,244894.0,241293.0,242196.0,243049.0,244029.5,1871.4668934643676,231592.63541666666,10,15,41,2,0,0,0.4422886902190017,-0.8968727415326881,0.9749279121818236,-0.22252093395631434
2026-08-19 10:30:00,245032,244891.0,244456.0,242011.0,242995.0,244929.0,418.1363414005608,231620.70833333334,10,30,42,2,0,0,0.3826834323650899,-0.9238795325112867,0.9749279121818236,-0.22252093395631434
2026-08-19 10:45:00,243887,245032.0,245475.0,241498.0,241310.0,245073.0,275.9528945306567,231652.17708333334,10,45,43,2,0,0,0.32143946530316175,-0.9469301294951056,0.9749279121818236,-0.22252093395631434
2026-08-19 11:00:00,244135,243887.0,244894.0,241719.0,240921.0,244676.0,530.0962176811373,231677.0625,11,0,44,2,0,0,0.258819045102521,-0.9659258262890682,0.9749279121818236,-0.22252093395631434
2026-08-19 11:15:00,243203,244135.0,244891.0,241776.0,239925.0,244486.25,560.9939839248275,231702.22916666666,11,15,45,2,0,0,0.19509032201612816,-0.9807852804032304,0.9749279121818236,-0.22252093395631434
2026-08-19 11:30:00,243351,243203.0,245032.0,241921.0,240389.0,244064.25,756.023533584231,231717.09375,11,30,46,2,0,0,0.130526192220052,-0.9914448613738104,0.9749279121818236,-0.22252093395631434
2026-08-19 11:45:00,243875,243351.0,243887.0,241575.0,240852.0,243644.0,439.8711932674339,231731.98958333334,11,45,47,2,0,0,0.06540312923014312,-0.9978589232386035,0.9749279121818236,-0.22252093395631434
2026-08-19 12:00:00,243142,243875.0,244135.0,241306.0,240015.0,243641.0,437.69700326426295,231755.94791666666,12,0,48,2,0,0,1.2246467991473532e-16,-1.0,0.9749279121818236,-0.22252093395631434
2026-08-19 12:15:00,242409,243142.0,243203.0,239407.0,238588.0,243392.75,333.2610338256163,231775.07291666666,12,15,49,2,0,0,-0.06540312923014287,-0.9978589232386035,0.9749279121818236,-0.22252093395631434
2026-08-19 12:30:00,242153,242409.0,243351.0,239687.0,238195.0,243194.25,607.5466374415372,231806.34375,12,30,50,2,0,0,-0.13052619222005177,-0.9914448613738104,0.9749279121818236,-0.22252093395631434
2026-08-19 12:45:00,241206,242153.0,243875.0,239286.0,237521.0,242894.75,776.3523147814519,231832.03125,12,45,51,2,0,0,-0.19509032201612792,-0.9807852804032305,0.9749279121818236,-0.22252093395631434
2026-08-19 13:00:00,240062,241206.0,243142.0,237019.0,236647.0,242227.5,799.6384599720792,231852.03125,13,0,52,2,0,0,-0.2588190451025208,-0.9659258262890683,0.9749279121818236,-0.22252093395631434
2026-08-19 13:15:00,236477,240062.0,242409.0,233989.0,234342.0,241457.5,1064.5413722975625,231883.72916666666,13,15,53,2,0,0,-0.32143946530316153,-0.9469301294951057,0.9749279121818236,-0.22252093395631434
2026-08-19 13:30:00,237509,236477.0,242153.0,234255.0,234989.0,239974.5,2483.453039620411,231909.64583333334,13,30,54,2,0,0,-0.38268343236508967,-0.9238795325112868,0.9749279121818236,-0.22252093395631434
2026-08-19 13:45:00,239147,237509.0,241206.0,235718.0,236373.0,238813.5,2194.2167167351245,231943.54166666666,13,45,55,2,0,0,-0.44228869021900147,-0.8968727415326883,0.9749279121818236,-0.22252093395631434
2026-08-19 14:00:00,240990,239147.0,240062.0,236372.0,237641.0,238298.75,1609.4571289723344,231979.26041666666,14,0,56,2,0,0,-0.4999999999999997,-0.8660254037844388,0.9749279121818236,-0.22252093395631434
2026-08-19 14:15:00,241514,240990.0,236477.0,236976.0,238280.0,238530.75,1973.9585228671522,232027.36458333334,14,15,57,2,0,0,-0.555570233019602,-0.8314696123025455,0.9749279121818236,-0.22252093395631434
2026-08-19 14:30:00,244524,241514.0,237509.0,239369.0,240836.0,239790.0,1828.3495289467648,232074.63541666666,14,30,58,2,0,0,-0.6087614290087207,-0.7933533402912352,0.9749279121818236,-0.22252093395631434
2026-08-19 14:45:00,245587,244524.0,239147.0,240976.0,242106.0,241543.75,2231.130113492526,232128.33333333334,14,45,59,2,0,0,-0.6593458151000688,-0.7518398074789774,0.9749279121818236,-0.22252093395631434
2026-08-19 15:00:00,246299,245587.0,240990.0,240814.0,242800.0,243153.75,2248.6206698032734,232176.36458333334,15,0,60,2,0,0,-0.7071067811865471,-0.7071067811865479,0.9749279121818236,-0.22252093395631434
2026-08-19 15:15:00,246732,246299.0,241514.0,240599.0,242182.0,244481.0,2108.1823134317683,232233.5,15,15,61,2,0,0,-0.7518398074789773,-0.6593458151000691,0.9749279121818236,-0.22252093395631434
2026-08-19 15:30:00,246645,246732.0,244524.0,240914.0,242480.0,245785.5,964.4219339410125,232297.38541666666,15,30,62,2,0,0,-0.7933533402912349,-0.6087614290087209,0.9749279121818236,-0.22252093395631434
2026-08-19 15:45:00,245334,246645.0,245587.0,242275.0,243058.0,246315.75,520.5851675437196,232357.08333333334,15,45,63,2,0,0,-0.8314696123025452,-0.5555702330196022,0.9749279121818236,-0.22252093395631434
2026-08-19 16:00:00,246303,245334.0,246299.0,241953.0,242401.0,246252.5,640.2554177825092,232388.94791666666,16,0,64,2,0,0,-0.8660254037844385,-0.5000000000000004,0.9749279121818236,-0.22252093395631434
2026-08-19 16:15:00,242714,246303.0,246732.0,239603.0,238852.0,246253.5,640.3553700874659,232434.26041666666,16,15,65,2,0,0,-0.8968727415326883,-0.44228869021900136,0.9749279121818236,-0.22252093395631434
2026-08-19 16:30:00,241712,242714.0,246645.0,238268.0,238549.0,245249.0,1778.8743631858476,232466.66666666666,16,30,66,2,0,0,-0.9238795325112868,-0.3826834323650895,0.9749279121818236,-0.22252093395631434
2026-08-19 16:45:00,241305,241712.0,245334.0,237741.0,237829.0,244015.75,2158.0170488977087,232502.54166666666,16,45,67,2,0,0,-0.9469301294951056,-0.3214394653031618,0.9749279121818236,-0.22252093395631434
2026-08-19 17:00:00,240936,241305.0,246303.0,236474.0,236813.0,243008.5,2274.736981132805,232539.66666666666,17,0,68,2,0,0,-0.9659258262890683,-0.25881904510252063,0.9749279121818236,-0.22252093395631434
2026-08-19 17:15:00,237749,240936.0,242714.0,233278.0,232182.0,241666.75,766.7330587193952,232586.14583333334,17,15,69,2,0,0,-0.9807852804032303,-0.19509032201612866,0.9749279121818236,-0.22252093395631434
2026-08-19 17:30:00,237278,237749.0,241712.0,232191.0,231270.0,240425.5,1812.2605588968677,232632.71875,17,30,70,2,0,0,-0.9914448613738104,-0.13052619222005163,0.9749279121818236,-0.22252093395631434
2026-08-19 17:45:00,236639,237278.0,241305.0,232329.0,229963.0,239317.0,2096.7792762551753,232685.70833333334,17,45,71,2,0,0,-0.9978589232386035,-0.06540312923014273,0.9749279121818236,-0.22252093395631434
2026-08-19 18:00:00,235822,236639.0,240936.0,233117.0,228971.0,238150.5,1911.9014095919943,232730.60416666666,18,0,72,2,0,0,-1.0,-1.8369701987210297e-16,0.9749279121818236,-0.22252093395631434
2026-08-19 18:15:00,233312,235822.0,237749.0,231417.0,227925.0,236872.0,834.816147424003,232758.78125,18,15,73,2,0,0,-0.9978589232386036,0.06540312923014237,0.9749279121818236,-0.22252093395631434
2026-08-19 18:30:00,235634,233312.0,237278.0,234144.0,230288.0,235762.75,1739.1073141125719,232778.52083333334,18,30,74,2,0,0,-0.9914448613738105,0.13052619222005127,0.9749279121818236,-0.22252093395631434
2026-08-19 18:45:00,238467,235634.0,236639.0,237902.0,233912.0,235351.75,1428.0981233794266,232794.04166666666,18,45,75,2,0,0,-0.9807852804032304,0.1950903220161283,0.9749279121818236,-0.22252093395631434
2026-08-19 19:00:00,240110,238467.0,235822.0,238652.0,236348.0,235808.75,2107.9821907849487,232799.92708333334,19,0,76,2,0,0,-0.9659258262890684,0.2588190451025203,0.9749279121818236,-0.22252093395631434
2026-08-19 19:15:00,242622,240110.0,233312.0,240863.0,238702.0,236880.75,3013.005517751309,232815.11458333334,19,15,77,2,0,0,-0.9469301294951057,0.3214394653031615,0.9749279121818236,-0.22252093395631434
2026-08-19 19:30:00,243941,242622.0,235634.0,244063.0,239376.0,239208.25,2932.0957663986937,232833.4375,19,30,78,2,0,0,-0.923879532511287,0.38268343236508917,0.9749279121818236,-0.22252093395631434
2026-08-19 19:45:00,243111,243941.0,238467.0,244808.0,239472.0,241285.0,2460.5997913787533,232832.16666666666,19,45,79,2,0,0,-0.8968727415326884,0.442288690219001,0.9749279121818236,-0.22252093395631434
2026-08-19 20:00:00,242226,243111.0,240110.0,243184.0,238761.0,242446.0,1649.7597804932552,232814.48958333334,20,0,80,2,0,0,-0.8660254037844386,0.5000000000000001,0.9749279121818236,-0.22252093395631434
2026-08-19 20:15:00,240151,242226.0,242622.0,241407.0,237652.0,242975.0,738.7516497442324,232804.51041666666,20,15,81,2,0,0,-0.8314696123025455,0.5555702330196018,0.9749279121818236,-0.22252093395631434
2026-08-19 20:30:00,239698,240151.0,243941.0,240652.0,237515.0,242357.25,1629.0251430430674,232791.42708333334,20,30,82,2,0,0,-0.7933533402912357,0.6087614290087199,0.9749279121818236,-0.22252093395631434
2026-08-19 20:45:00,239229,239698.0,243111.0,240624.0,237579.0,241296.5,1635.415645434873,232781.48958333334,20,45,83,2,0,0,-0.7518398074789772,0.6593458151000691,0.9749279121818236,-0.22252093395631434
2026-08-19 21:00:00,238991,239229.0,242226.0,239499.0,237228.0,240326.0,1321.4156550204607,232766.95833333334,21,0,84,2,0,0,-0.7071067811865477,0.7071067811865474,0.9749279121818236,-0.22252093395631434
2026-08-19 21:15:00,238128,238991.0,240151.0,239285.0,237562.0,239517.25,514.5667271272782,232761.66666666666,21,15,85,2,0,0,-0.6593458151000687,0.7518398074789775,0.9749279121818236,-0.22252093395631434
2026-08-19 21:30:00,237967,238128.0,239698.0,239314.0,236978.0,239011.5,658.1744956062023,232749.61458333334,21,30,86,2,0,0,-0.608761429008721,0.7933533402912349,0.9749279121818236,-0.22252093395631434
2026-08-19 21:45:00,237555,237967.0,239229.0,238912.0,236335.0,238578.75,624.550171456605,232735.58333333334,21,45,87,2,0,0,-0.555570233019603,0.8314696123025447,0.9749279121818236,-0.22252093395631434
2026-08-19 22:00:00,237077,237555.0,238991.0,238158.0,235322.0,238160.25,604.1133309789436,232721.44791666666,22,0,88,2,0,0,-0.5000000000000004,0.8660254037844384,0.9749279121818236,-0.22252093395631434
2026-08-19 22:15:00,238163,237077.0,238128.0,238716.0,235987.0,237681.75,469.8562723498318,232710.1875,22,15,89,2,0,0,-0.4422886902190014,0.8968727415326883,0.9749279121818236,-0.22252093395631434
2026-08-19 22:30:00,237892,238163.0,237967.0,238287.0,235711.0,237690.5,481.12749523019295,232704.42708333334,22,30,90,2,0,0,-0.38268343236508956,0.9238795325112868,0.9749279121818236,-0.22252093395631434
2026-08-19 22:45:00,237043,237892.0,237555.0,237078.0,234086.0,237671.75,468.0437123458443,232700.3125,22,45,91,2,0,0,-0.32143946530316186,0.9469301294951056,0.9749279121818236,-0.22252093395631434
2026-08-19 23:00:00,235912,237043.0,237077.0,235333.0,232069.0,237543.75,569.6065162312883,232699.94791666666,23,0,92,2,0,0,-0.25881904510252157,0.9659258262890681,0.9749279121818236,-0.22252093395631434
2026-08-19 23:15:00,235128,235912.0,238163.0,234064.0,230145.0,237252.5,1013.0483700198201,232705.97916666666,23,15,93,2,0,0,-0.19509032201612872,0.9807852804032303,0.9749279121818236,-0.22252093395631434
2026-08-19 23:30:00,233441,235128.0,237892.0,232481.0,228543.0,236493.75,1219.355670015855,232717.0625,23,30,94,2,0,0,-0.13052619222005168,0.9914448613738104,0.9749279121818236,-0.22252093395631434
2026-08-19 23:45:00,231855,233441.0,237043.0,230534.0,226323.0,235381.0,1513.4743693457349,232727.0625,23,45,95,2,0,0,-0.0654031292301428,0.9978589232386035,0.9749279121818236,-0.22252093395631434
2026-08-20 00:00:00,229824,231855.0,235912.0,228394.0,223677.0,234084.0,1808.6283937466178,232740.82291666666,0,0,0,3,0,0,0.0,1.0,0.43388373911755823,-0.900968867902419
2026-08-20 00:15:00,228411,229824.0,235128.0,227696.0,222513.0,232562.0,2262.262142193028,232755.71875,0,15,1,3,0,0,0.06540312923014306,0.9978589232386035,0.43388373911755823,-0.900968867902419
2026-08-20 00:30:00,226902,228411.0,233441.0,226305.0,220689.0,230882.75,2215.1307523484415,232763.16666666666,0,30,2,3,0,0,0.13052619222005157,0.9914448613738104,0.43388373911755823,-0.900968867902419
2026-08-20 00:45:00,224457,226902.0,231855.0,223849.0,219353.0,229248.0,2108.1200155588326,232769.38541666666,0,45,3,3,0,0,0.19509032201612825,0.9807852804032304,0.43388373911755823,-0.900968867902419
2026-08-20 01:00:00,222128,224457.0,229824.0,221583.0,217088.0,227398.5,2295.4404806049256,232775.71875,1,0,4,3,0,0,0.25881904510252074,0.9659258262890683,0.43388373911755823,-0.900968867902419
2026-08-20 01:15:00,220476,222128.0,228411.0,219645.0,215564.0,225474.5,2762.5566057548526,232781.39583333334,1,15,5,3,0,0,0.3214394653031616,0.9469301294951057,0.43388373911755823,-0.900968867902419
2026-08-20 01:30:00,219141,220476.0,226902.0,217973.0,214046.0,223490.75,2799.7661063024093,232790.05208333334,1,30,6,3,0,0,0.3826834323650898,0.9238795325112867,0.43388373911755823,-0.900968867902419
2026-08-20 01:45:00,217846,219141.0,224457.0,216063.0,212490.0,221550.5,2290.668679665336,232802.21875,1,45,7,3,0,0,0.44228869021900125,0.8968727415326884,0.43388373911755823,-0.900968867902419
2026-08-20 02:00:00,216328,217846.0,222128.0,214599.0,210865.0,219897.75,1834.0062477173806,232820.79166666666,2,0,8,3,0,0,0.49999999999999994,0.8660254037844387,0.43388373911755823,-0.900968867902419
2026-08-20 02:15:00,215569,216328.0,220476.0,213576.0,209500.0,218447.75,1774.8086047044808,232838.80208333334,2,15,9,3,0,0,0.5555702330196022,0.8314696123025452,0.43388373911755823,-0.900968867902419
2026-08-20 02:30:00,215679,215569.0,219141.0,212292.0,208556.0,217221.0,1592.0194722426359,232859.5625,2,30,10,3,0,0,0.6087614290087207,0.7933533402912352,0.43388373911755823,-0.900968867902419
2026-08-20 02:45:00,215543,215679.0,217846.0,212243.0,208163.0,216355.5,1048.5833300218544,232894.84375,2,45,11,3,0,0,0.6593458151000688,0.7518398074789774,0.43388373911755823,-0.900968867902419
2026-08-20 03:00:00,214432,215543.0,216328.0,211265.0,207629.0,215779.75,370.22279328315574,232929.21875,3,0,12,3,0,0,0.7071067811865476,0.7071067811865476,0.43388373911755823,-0.900968867902419
2026-08-20 03:15:00,213849,214432.0,215569.0,211006.0,207555.0,215305.75,585.4749496489003,232962.20833333334,3,15,13,3,0,0,0.7518398074789774,0.6593458151000688,0.43388373911755823,-0.900968867902419
2026-08-20 03:30:00,213533,213849.0,215679.0,210588.0,207030.0,214875.75,883.4709483997661,232991.82291666666,3,30,14,3,0,0,0.7933533402912352,0.6087614290087207,0.43388373911755823,-0.900968867902419
2026-08-20 03:45:00,212520,213533.0,215543.0,209406.0,206002.0,214339.25,884.6846424949301,233022.5,3,45,15,3,0,0,0.8314696123025451,0.5555702330196024,0.43388373911755823,-0.900968867902419
2026-08-20 04:00:00,211513,212520.0,214432.0,208740.0,205388.0,213583.5,800.8381026564498,233054.9375,4,0,16,3,0,0,0.8660254037844386,0.5000000000000001,0.43388373911755823,-0.900968867902419
2026-08-20 04:15:00,212498,211513.0,213849.0,210335.0,206726.0,212853.75,1058.4426846392653,233083.82291666666,4,15,17,3,0,0,0.8968727415326884,0.44228869021900125,0.43388373911755823,-0.900968867902419
2026-08-20 04:30:00,213125,212498.0,213533.0,210174.0,207228.0,212516.0,824.7500631502706,233106.35416666666,4,30,18,3,0,0,0.9238795325112867,0.38268343236508984,0.43388373911755823,-0.900968867902419
2026-08-20 04:45:00,213737,213125.0,212520.0,210613.0,207682.0,212414.0,667.2365897238965,233137.09375,4,45,19,3,0,0,0.9469301294951056,0.3214394653031617,0.43388373911755823,-0.900968867902419
2026-08-20 05:00:00,215301,213737.0,211513.0,211981.0,208839.0,212718.25,949.4620845508848,233169.63541666666,5,0,20,3,0,0,0.9659258262890683,0.25881904510252074,0.43388373911755823,-0.900968867902419
2026-08-20 05:15:00,217989,215301.0,212498.0,214406.0,212016.0,213665.25,1202.1049247048743,233204.21875,5,15,21,3,0,0,0.9807852804032304,0.19509032201612833,0.43388373911755823,-0.900968867902419
2026-08-20 05:30:00,220096,217989.0,213125.0,216651.0,213745.0,215038.0,2170.2334743831207,233241.54166666666,5,30,22,3,0,0,0.9914448613738104,0.1305261922200517,0.43388373911755823,-0.900968867902419
2026-08-20 05:45:00,221885,220096.0,213737.0,218847.0,215691.0,216780.75,2822.8132982303987,233277.42708333334,5,45,23,3,0,0,0.9978589232386035,0.06540312923014327,0.43388373911755823,-0.900968867902419
2026-08-20 06:00:00,222351,221885.0,215301.0,219381.0,217047.0,218817.75,2834.0961375130455,233309.07291666666,6,0,24,3,0,0,1.0,6.123233995736766e-17,0.43388373911755823,-0.900968867902419
2026-08-20 06:15:00,223969,222351.0,217989.0,221370.0,220431.0,220580.25,1982.1707587053045,233340.01041666666,6,15,25,3,0,0,0.9978589232386035,-0.06540312923014314,0.43388373911755823,-0.900968867902419
2026-08-20 06:30:00,227075,223969.0,220096.0,224205.0,223914.0,222075.25,1593.3144437512524,233367.08333333334,6,30,26,3,0,0,0.9914448613738104,-0.1305261922200516,0.43388373911755823,-0.900968867902419
2026-08-20 06:45:00,229484,227075.0,221885.0,226639.0,225618.0,223820.0,2346.5870251636443,233396.97916666666,6,45,27,3,0,0,0.9807852804032304,-0.1950903220161282,0.43388373911755823,-0.900968867902419
2026-08-20 07:00:00,231343,229484.0,222351.0,227329.0,226011.0,225719.75,3184.3305288029323,233426.61458333334,7,0,28,3,0,0,0.9659258262890683,-0.25881904510252063,0.43388373911755823,-0.900968867902419
2026-08-20 07:15:00,232605,231343.0,223969.0,228081.0,226679.0,227967.75,3187.3882071898697,233468.42708333334,7,15,29,3,0,0,0.9469301294951057,-0.3214394653031616,0.43388373911755823,-0.900968867902419
2026-08-20 07:30:00,233437,232605.0,227075.0,228223.0,226675.0,230126.75,2404.668566906135,233515.55208333334,7,30,30,3,0,0,0.9238795325112868,-0.3826834323650895,0.43388373911755823,-0.900968867902419
2026-08-20 07:45:00,233361,233437.0,229484.0,227667.0,226011.0,231717.25,1719.7973475576723,233569.86458333334,7,45,31,3,0,0,0.8968727415326884,-0.44228869021900113,0.43388373911755823,-0.900968867902419
2026-08-20 08:00:00,231773,233361.0,231343.0,226301.0,223916.0,232686.5,971.225171282685,233629.17708333334,8,0,32,3,0,0,0.8660254037844387,-0.4999999999999998,0.43388373911755823,-0.900968867902419
2026-08-20 08:15:00,234350,231773.0,232605.0,229376.0,226494.0,232794.0,777.410230615994,233686.17708333334,8,15,33,3,0,0,0.8314696123025451,-0.5555702330196023,0.43388373911755823,-0.900968867902419
2026-08-20 08:30:00,237397,234350.0,233437.0,232196.0,229812.0,233230.25,1070.3984849888443,233737.98958333334,8,30,34,3,0,0,0.7933533402912352,-0.6087614290087207,0.43388373911755823,-0.900968867902419
2026-08-20 08:45:00,240042,237397.0,233361.0,234667.0,232105.0,234220.25,2368.9603028895194,233792.16666666666,8,45,35,3,0,0,0.7518398074789774,-0.6593458151000688,0.43388373911755823,-0.900968867902419
2026-08-20 09:00:00,242263,240042.0,231773.0,237121.0,234426.0,235890.5,3597.7511957702714,233848.15625,9,0,36,3,0,0,0.7071067811865476,-0.7071067811865475,0.43388373911755823,-0.900968867902419
2026-08-20 09:15:00,245953,242263.0,234350.0,241293.0,239504.0,238513.0,3414.49683945767,233901.71875,9,15,37,3,0,0,0.659345815100069,-0.7518398074789773,0.43388373911755823,-0.900968867902419
2026-08-20 09:30:00,247897,245953.0,237397.0,244456.0,241177.0,241413.75,3621.325482471823,233950.26041666666,9,30,38,3,0,0,0.6087614290087209,-0.793353340291235,0.43388373911755823,-0.900968867902419
2026-08-20 09:45:00,248326,247897.0,240042.0,245475.0,242434.0,244038.75,3543.9029684797815,233986.10416666666,9,45,39,3,0,0,0.5555702330196025,-0.831469612302545,0.43388373911755823,-0.900968867902419
2026-08-20 10:00:00,248164,248326.0,242263.0,244894.0,241898.0,246109.75,2764.542321976606,234015.80208333334,10,0,40,3,0,0,0.49999999999999994,-0.8660254037844387,0.43388373911755823,-0.900968867902419
2026-08-20 10:15:00,248198,248164.0,245953.0,244891.0,242196.0,247585.0,1102.2839924446905,234049.86458333334,10,15,41,3,0,0,0.4422886902190017,-0.8968727415326881,0.43388373911755823,-0.900968867902419
2026-08-20 10:30:00,247138,248198.0,247897.0,245032.0,242011.0,248146.25,180.21168108590044,234084.3125,10,30,42,3,0,0,0.3826834323650899,-0.9238795325112867,0.43388373911755823,-0.900968867902419
2026-08-20 10:45:00,246389,247138.0,248326.0,243887.0,241498.0,247956.5,550.1063533534294,234106.25,10,45,43,3,0,0,0.32143946530316175,-0.9469301294951056,0.43388373911755823,-0.900968867902419
2026-08-20 11:00:00,245925,246389.0,248164.0,244135.0,241719.0,247472.25,873.7628873631256,234132.3125,11,0,44,3,0,0,0.258819045102521,-0.9659258262890682,0.43388373911755823,-0.900968867902419
2026-08-20 11:15:00,246033,245925.0,248198.0,243203.0,241776.0,246912.5,992.063338031637,234150.95833333334,11,15,45,3,0,0,0.19509032201612816,-0.9807852804032304,0.43388373911755823,-0.900968867902419
2026-08-20 11:30:00,245740,246033.0,247138.0,243351.0,241921.0,246371.25,548.2617227807117,234180.4375,11,30,46,3,0,0,0.130526192220052,-0.9914448613738104,0.43388373911755823,-0.900968867902419
2026-08-20 11:45:00,246292,245740.0,246389.0,243875.0,241575.0,246021.75,273.0950689164318,234205.32291666666,11,45,47,3,0,0,0.06540312923014312,-0.9978589232386035,0.43388373911755823,-0.900968867902419
2026-08-20 12:00:00,245962,246292.0,245925.0,243142.0,241306.0,245997.5,230.6172875851625,234230.5,12,0,48,3,0,0,1.2246467991473532e-16,-1.0,0.43388373911755823,-0.900968867902419
2026-08-20 12:15:00,244712,245962.0,246033.0,242409.0,239407.0,246006.75,227.4604361197883,234259.875,12,15,49,3,0,0,-0.06540312923014287,-0.9978589232386035,0.43388373911755823,-0.900968867902419
2026-08-20 12:30:00,245177,244712.0,245740.0,242153.0,239687.0,245676.5,681.8218242325514,234283.86458333334,12,30,50,3,0,0,-0.13052619222005177,-0.9914448613738104,0.43388373911755823,-0.900968867902419
2026-08-20 12:45:00,244374,245177.0,246292.0,241206.0,239286.0,245535.75,721.3110170606982,234315.36458333334,12,45,51,3,0,0,-0.19509032201612792,-0.9807852804032305,0.43388373911755823,-0.900968867902419
2026-08-20 13:00:00,243042,244374.0,245962.0,240062.0,237019.0,245056.25,687.7346266304087,234348.36458333334,13,0,52,3,0,0,-0.2588190451025208,-0.9659258262890683,0.43388373911755823,-0.900968867902419
2026-08-20 13:15:00,240542,243042.0,244712.0,236477.0,233989.0,244326.25,917.2707252131953,234379.40625,13,15,53,3,0,0,-0.32143946530316153,-0.9469301294951057,0.43388373911755823,-0.900968867902419
2026-08-20 13:30:00,240874,240542.0,245177.0,237509.0,234255.0,243283.75,2028.848339165136,234421.75,13,30,54,3,0,0,-0.38268343236508967,-0.9238795325112868,0.43388373911755823,-0.900968867902419
2026-08-20 13:45:00,242176,240874.0,244374.0,239147.0,235718.0,242208.0,1820.460015124324,234456.80208333334,13,45,55,3,0,0,-0.44228869021900147,-0.8968727415326883,0.43388373911755823,-0.900968867902419
2026-08-20 14:00:00,243719,242176.0,243042.0,240990.0,236372.0,241658.5,1161.0183748186132,234488.35416666666,14,0,56,3,0,0,-0.4999999999999997,-0.8660254037844388,0.43388373911755823,-0.900968867902419
2026-08-20 14:15:00,245173,243719.0,240542.0,241514.0,236976.0,241827.75,1444.6333733280285,234516.78125,14,15,57,3,0,0,-0.555570233019602,-0.8314696123025455,0.43388373911755823,-0.900968867902419
2026-08-20 14:30:00,247041,245173.0,240874.0,244524.0,239369.0,242985.5,1865.1989170058444,234554.89583333334,14,30,58,3,0,0,-0.6087614290087207,-0.7933533402912352,0.43388373911755823,-0.900968867902419
2026-08-20 14:45:00,249232,247041.0,242176.0,245587.0,240976.0,244527.25,2075.0563646962523,234581.11458333334,14,45,59,3,0,0,-0.6593458151000688,-0.7518398074789774,0.43388373911755823,-0.900968867902419
2026-08-20 15:00:00,251503,249232.0,243719.0,246299.0,240814.0,246291.25,2385.8673300639384,234619.08333333334,15,0,60,3,0,0,-0.7071067811865471,-0.7071067811865479,0.43388373911755823,-0.900968867902419
2026-08-20 15:15:00,251163,251503.0,245173.0,246732.0,240599.0,248237.25,2737.1087391625088,234673.29166666666,15,15,61,3,0,0,-0.7518398074789773,-0.6593458151000691,0.43388373911755823,-0.900968867902419
2026-08-20 15:30:00,253154,251163.0,247041.0,246645.0,240914.0,249734.75,2055.5334060367704,234719.44791666666,15,30,62,3,0,0,-0.7933533402912349,-0.6087614290087209,0.43388373911755823,-0.900968867902419
2026-08-20 15:45:00,252257,253154.0,249232.0,245334.0,242275.0,251263.0,1609.186336838116,234787.25,15,45,63,3,0,0,-0.8314696123025452,-0.5555702330196022,0.43388373911755823,-0.900968867902419
2026-08-20 16:00:00,250791,252257.0,251503.0,246303.0,241953.0,252019.25,883.9043594566522,234859.36458333334,16,0,64,3,0,0,-0.8660254037844385,-0.5000000000000004,0.43388373911755823,-0.900968867902419
2026-08-20 16:15:00,249303,250791.0,251163.0,242714.0,239603.0,251841.25,1073.8107763163596,234906.11458333334,16,15,65,3,0,0,-0.8968727415326883,-0.44228869021900136,0.43388373911755823,-0.900968867902419
2026-08-20 16:30:00,249164,249303.0,253154.0,241712.0,238268.0,251376.25,1690.857647270505,234974.75,16,30,66,3,0,0,-0.9238795325112868,-0.3826834323650895,0.43388373911755823,-0.900968867902419
2026-08-20 16:45:00,248422,249164.0,252257.0,241305.0,237741.0,250378.75,1452.6560444004415,235052.375,16,45,67,3,0,0,-0.9469301294951056,-0.3214394653031618,0.43388373911755823,-0.900968867902419
2026-08-20 17:00:00,246524,248422.0,250791.0,240936.0,236474.0,249420.0,992.4498308058003,235126.51041666666,17,0,68,3,0,0,-0.9659258262890683,-0.25881904510252063,0.43388373911755823,-0.900968867902419
2026-08-20 17:15:00,242492,246524.0,249303.0,237749.0,233278.0,248353.25,1279.3517564245033,235184.71875,17,15,69,3,0,0,-0.9807852804032303,-0.19509032201612866,0.43388373911755823,-0.900968867902419
2026-08-20 17:30:00,241265,242492.0,249164.0,237278.0,232191.0,246650.5,2986.916972398091,235234.125,17,30,70,3,0,0,-0.9914448613738104,-0.13052619222005163,0.43388373911755823,-0.900968867902419
2026-08-20 17:45:00,239807,241265.0,248422.0,236639.0,232329.0,244675.75,3359.186248185676,235275.65625,17,45,71,3,0,0,-0.9978589232386035,-0.06540312923014273,0.43388373911755823,-0.900968867902419
2026-08-20 18:00:00,239014,239807.0,246524.0,235822.0,233117.0,242522.0,2884.913516901288,235308.65625,18,0,72,3,0,0,-1.0,-1.8369701987210297e-16,0.43388373911755823,-0.900968867902419
2026-08-20 18:15:00,237299,239014.0,242492.0,233312.0,231417.0,240644.5,1544.6912312820834,235341.90625,18,15,73,3,0,0,-0.9978589232386036,0.06540312923014237,0.43388373911755823,-0.900968867902419
2026-08-20 18:30:00,239015,237299.0,241265.0,235634.0,234144.0,239346.25,1652.8273503302594,235383.4375,18,30,74,3,0,0,-0.9914448613738105,0.13052619222005127,0.43388373911755823,-0.900968867902419
2026-08-20 18:45:00,240224,239015.0,239807.0,238467.0,237902.0,238783.75,1057.987830742746,235418.65625,18,45,75,3,0,0,-0.9807852804032304,0.1950903220161283,0.43388373911755823,-0.900968867902419
2026-08-20 19:00:00,242807,240224.0,239014.0,240110.0,238652.0,238888.0,1203.0270154904013,235436.95833333334,19,0,76,3,0,0,-0.9659258262890684,0.2588190451025203,0.43388373911755823,-0.900968867902419
2026-08-20 19:15:00,244770,242807.0,237299.0,242622.0,240863.0,239836.25,2315.728449106186,235465.05208333334,19,15,77,3,0,0,-0.9469301294951057,0.3214394653031615,0.43388373911755823,-0.900968867902419
2026-08-20 19:30:00,245907,244770.0,239015.0,243941.0,244063.0,241704.0,2584.4461689111927,235487.42708333334,19,30,78,3,0,0,-0.923879532511287,0.38268343236508917,0.43388373911755823,-0.900968867902419
2026-08-20 19:45:00,245279,245907.0,240224.0,243111.0,244808.0,243427.0,2489.823153023736,235507.90625,19,45,79,3,0,0,-0.8968727415326884,0.442288690219001,0.43388373911755823,-0.900968867902419
2026-08-20 20:00:00,243703,245279.0,242807.0,242226.0,243184.0,244690.75,1339.1660029036989,235530.48958333334,20,0,80,3,0,0,-0.8660254037844386,0.5000000000000001,0.43388373911755823,-0.900968867902419
2026-08-20 20:15:00,243138,243703.0,244770.0,240151.0,241407.0,244914.75,932.1174371646554,235545.875,20,15,81,3,0,0,-0.8314696123025455,0.5555702330196018,0.43388373911755823,-0.900968867902419
2026-08-20 20:30:00,242985,243138.0,245907.0,239698.0,240652.0,244506.75,1300.8408498607373,235576.98958333334,20,30,82,3,0,0,-0.7933533402912357,0.6087614290087199,0.43388373911755823,-0.900968867902419
2026-08-20 20:45:00,242655,242985.0,245279.0,239229.0,240624.0,243776.25,1048.341984595869,235611.22916666666,20,45,83,3,0,0,-0.7518398074789772,0.6593458151000691,0.43388373911755823,-0.900968867902419
2026-08-20 21:00:00,241521,242655.0,243703.0,238991.0,239499.0,243120.25,437.66911017313646,235646.91666666666,21,0,84,3,0,0,-0.7071067811865477,0.7071067811865474,0.43388373911755823,-0.900968867902419
2026-08-20 21:15:00,241548,241521.0,243138.0,238128.0,239285.0,242574.75,730.8407829341115,235673.27083333334,21,15,85,3,0,0,-0.6593458151000687,0.7518398074789775,0.43388373911755823,-0.900968867902419
2026-08-20 21:30:00,241986,241548.0,242985.0,237967.0,239314.0,242177.25,754.392636496238,235708.89583333334,21,30,86,3,0,0,-0.608761429008721,0.7933533402912349,0.43388373911755823,-0.900968867902419
2026-08-20 21:45:00,241233,241986.0,242655.0,237555.0,238912.0,241927.5,529.7612669870695,235750.76041666666,21,45,87,3,0,0,-0.555570233019603,0.8314696123025447,0.43388373911755823,-0.900968867902419
2026-08-20 22:00:00,240752,241233.0,241521.0,237077.0,238158.0,241572.0,310.6412722091916,235789.07291666666,22,0,88,3,0,0,-0.5000000000000004,0.8660254037844384,0.43388373911755823,-0.900968867902419
2026-08-20 22:15:00,241009,240752.0,241548.0,238163.0,238716.0,241379.75,520.0810033059706,235827.35416666666,22,15,89,3,0,0,-0.4422886902190014,0.8968727415326883,0.43388373911755823,-0.900968867902419
2026-08-20 22:30:00,240904,241009.0,241986.0,237892.0,238287.0,241245.0,531.6546498117085,235857.0,22,30,90,3,0,0,-0.38268343236508956,0.9238795325112868,0.43388373911755823,-0.900968867902419
2026-08-20 22:45:00,240916,240904.0,241233.0,237043.0,237078.0,240974.5,202.06352136496682,235888.375,22,45,91,3,0,0,-0.32143946530316186,0.9469301294951056,0.43388373911755823,-0.900968867902419
2026-08-20 23:00:00,239617,240916.0,240752.0,235912.0,235333.0,240895.25,106.40606185619548,235928.71875,23,0,92,3,0,0,-0.25881904510252157,0.9659258262890681,0.43388373911755823,-0.900968867902419
2026-08-20 23:15:00,238882,239617.0,241009.0,235128.0,234064.0,240611.5,664.6585589607228,235967.3125,23,15,93,3,0,0,-0.19509032201612872,0.9807852804032303,0.43388373911755823,-0.900968867902419
2026-08-20 23:30:00,238177,238882.0,240904.0,233441.0,232481.0,240079.75,1004.5637112695961,236006.41666666666,23,30,94,3,0,0,-0.13052619222005168,0.9914448613738104,0.43388373911755823,-0.900968867902419
2026-08-20 23:45:00,237152,238177.0,240916.0,231855.0,230534.0,239398.0,1170.3819889248743,236055.75,23,45,95,3,0,0,-0.0654031292301428,0.9978589232386035,0.43388373911755823,-0.900968867902419
2026-08-21 00:00:00,234648,237152.0,239617.0,229824.0,228394.0,238457.0,1050.0238092537447,236110.92708333334,0,0,0,4,0,0,0.0,1.0,-0.433883739117558,-0.9009688679024191
2026-08-21 00:15:00,231805,234648.0,238882.0,228411.0,227696.0,237214.75,1852.7268866906486,236161.17708333334,0,15,1,4,0,0,0.06540312923014306,0.9978589232386035,-0.433883739117558,-0.9009688679024191
2026-08-21 00:30:00,230038,231805.0,238177.0,226902.0,226305.0,235445.5,2843.8519065989394,236196.53125,0,30,2,4,0,0,0.13052619222005157,0.9914448613738104,-0.433883739117558,-0.9009688679024191
2026-08-21 00:45:00,229668,230038.0,237152.0,224457.0,223849.0,233410.75,3134.837303061584,236229.19791666666,0,45,3,4,0,0,0.19509032201612825,0.9807852804032304,-0.433883739117558,-0.9009688679024191
2026-08-21 01:00:00,228440,229668.0,234648.0,222128.0,221583.0,231539.75,2272.31722770679,236283.47916666666,1,0,4,4,0,0,0.25881904510252074,0.9659258262890683,-0.433883739117558,-0.9009688679024191
2026-08-21 01:15:00,226806,228440.0,231805.0,220476.0,219645.0,229987.75,1390.7663055547434,236349.22916666666,1,15,5,4,0,0,0.3214394653031616,0.9469301294951057,-0.433883739117558,-0.9009688679024191
2026-08-21 01:30:00,225139,226806.0,230038.0,219141.0,217973.0,228738.0,1457.8897992188538,236415.16666666666,1,30,6,4,0,0,0.3826834323650898,0.9238795325112867,-0.433883739117558,-0.9009688679024191
2026-08-21 01:45:00,223853,225139.0,229668.0,217846.0,216063.0,227513.25,1969.6936098455462,236477.64583333334,1,45,7,4,0,0,0.44228869021900125,0.8968727415326884,-0.433883739117558,-0.9009688679024191
2026-08-21 02:00:00,223194,223853.0,228440.0,216328.0,214599.0,226059.5,1994.9941520381403,236540.21875,2,0,8,4,0,0,0.49999999999999994,0.8660254037844387,-0.433883739117558,-0.9009688679024191
2026-08-21 02:15:00,222266,223194.0,226806.0,215569.0,213576.0,224748.0,1592.083121783024,236611.73958333334,2,15,9,4,0,0,0.5555702330196022,0.8314696123025452,-0.433883739117558,-0.9009688679024191
2026-08-21 02:30:00,222128,222266.0,225139.0,215679.0,212292.0,223613.0,1207.786680944271,236681.5,2,30,10,4,0,0,0.6087614290087207,0.7933533402912352,-0.433883739117558,-0.9009688679024191
2026-08-21 02:45:00,221717,222128.0,223853.0,215543.0,212243.0,222860.25,813.6880544777091,236748.67708333334,2,45,11,4,0,0,0.6593458151000688,0.7518398074789774,-0.433883739117558,-0.9009688679024191
2026-08-21 03:00:00,221005,221717.0,223194.0,214432.0,211265.0,222326.25,623.7277050121506,236812.98958333334,3,0,12,4,0,0,0.7071067811865476,0.7071067811865476,-0.433883739117558,-0.9009688679024191
2026-08-21 03:15:00,220665,221005.0,222266.0,213849.0,211006.0,221779.0,566.241997735707,236881.45833333334,3,15,13,4,0,0,0.7518398074789774,0.6593458151000688,-0.433883739117558,-0.9009688679024191
2026-08-21 03:30:00,220106,220665.0,222128.0,213533.0,210588.0,221378.75,664.5591897388729,236952.45833333334,3,30,14,4,0,0,0.7933533402912352,0.6087614290087207,-0.433883739117558,-0.9009688679024191
2026-08-21 03:45:00,219481,220106.0,221717.0,212520.0,209406.0,220873.25,673.625204892444,237020.92708333334,3,45,15,4,0,0,0.8314696123025451,0.5555702330196024,-0.433883739117558,-0.9009688679024191
2026-08-21 04:00:00,218906,219481.0,221005.0,211513.0,208740.0,220314.25,667.7910726165686,237093.4375,4,0,16,4,0,0,0.8660254037844386,0.5000000000000001,-0.433883739117558,-0.9009688679024191
2026-08-21 04:15:00,220164,218906.0,220665.0,212498.0,210335.0,219789.5,762.1060731068787,237170.44791666666,4,15,17,4,0,0,0.8968727415326884,0.44228869021900125,-0.433883739117558,-0.9009688679024191
2026-08-21 04:30:00,219977,220164.0,220106.0,213125.0,210174.0,219664.25,592.569756793566,237250.30208333334,4,30,18,4,0,0,0.9238795325112867,0.38268343236508984,-0.433883739117558,-0.9009688679024191
2026-08-21 04:45:00,220224,219977.0,219481.0,213737.0,210613.0,219632.0,563.3015770139348,237321.67708333334,4,45,19,4,0,0,0.9469301294951056,0.3214394653031617,-0.433883739117558,-0.9009688679024191
2026-08-21 05:00:00,221496,220224.0,218906.0,215301.0,211981.0,219817.75,616.8675573679093,237389.25,5,0,20,4,0,0,0.9659258262890683,0.25881904510252074,-0.433883739117558,-0.9009688679024191
2026-08-21 05:15:00,222605,221496.0,220164.0,217989.0,214406.0,220465.25,695.1706624993059,237453.78125,5,15,21,4,0,0,0.9807852804032304,0.19509032201612833,-0.433883739117558,-0.9009688679024191
2026-08-21 05:30:00,224507,222605.0,219977.0,220096.0,216651.0,221075.5,1217.6404778640792,237501.86458333334,5,30,22,4,0,0,0.9914448613738104,0.1305261922200517,-0.433883739117558,-0.9009688679024191
2026-08-21 05:45:00,225686,224507.0,220224.0,221885.0,218847.0,222208.0,1815.3245807108638,237547.8125,5,45,23,4,0,0,0.9978589232386035,0.06540312923014327,-0.433883739117558,-0.9009688679024191
2026-08-21 06:00:00,226936,225686.0,221496.0,222351.0,219381.0,223573.5,1878.6588301231618,237587.40625,6,0,24,4,0,0,1.0,6.123233995736766e-17,-0.433883739117558,-0.9009688679024191
2026-08-21 06:15:00,228424,226936.0,222605.0,223969.0,221370.0,224933.5,1842.1072172921224,237635.16666666666,6,15,25,4,0,0,0.9978589232386035,-0.06540312923014314,-0.433883739117558,-0.9009688679024191
2026-08-21 06:30:00,231694,228424.0,224507.0,227075.0,224205.0,226388.25,1680.9287859195804,237681.57291666666,6,30,26,4,0,0,0.9914448613738104,-0.1305261922200516,-0.433883739117558,-0.9009688679024191
2026-08-21 06:45:00,233334,231694.0,225686.0,229484.0,226639.0,228185.0,2593.2736068528757,237729.6875,6,45,27,4,0,0,0.9807852804032304,-0.1950903220161282,-0.433883739117558,-0.9009688679024191
2026-08-21 07:00:00,233568,233334.0,226936.0,231343.0,227329.0,230097.0,2933.6796007743797,237769.79166666666,7,0,28,4,0,0,0.9659258262890683,-0.25881904510252063,-0.433883739117558,-0.9009688679024191
2026-08-21 07:15:00,235444,233568.0,228424.0,232605.0,228081.0,231755.0,2372.023889705387,237792.96875,7,15,29,4,0,0,0.9469301294951057,-0.3214394653031616,-0.433883739117558,-0.9009688679024191
2026-08-21 07:30:00,235176,235444.0,231694.0,233437.0,228223.0,233510.0,1535.420897777888,237822.54166666666,7,30,30,4,0,0,0.9238795325112868,-0.3826834323650895,-0.433883739117558,-0.9009688679024191
2026-08-21 07:45:00,234945,235176.0,233334.0,233361.0,227667.0,234380.5,1083.077559549506,237840.65625,7,45,31,4,0,0,0.8968727415326884,-0.44228869021900113,-0.433883739117558,-0.9009688679024191
2026-08-21 08:00:00,233576,234945.0,233568.0,231773.0,226301.0,234783.25,835.4317745930603,237857.15625,8,0,32,4,0,0,0.8660254037844387,-0.4999999999999998,-0.433883739117558,-0.9009688679024191
2026-08-21 08:15:00,236829,233576.0,235444.0,234350.0,229376.0,234785.25,831.5533155885896,237875.9375,8,15,33,4,0,0,0.8314696123025451,-0.5555702330196023,-0.433883739117558,-0.9009688679024191
2026-08-21 08:30:00,239574,236829.0,235176.0,237397.0,232196.0,235131.5,1333.8976722371597,237901.76041666666,8,30,34,4,0,0,0.7933533402912352,-0.6087614290087207,-0.433883739117558,-0.9009688679024191
2026-08-21 08:45:00,242485,239574.0,234945.0,240042.0,234667.0,236231.0,2597.1827043933054,237924.4375,8,45,35,4,0,0,0.7518398074789774,-0.6593458151000688,-0.433883739117558,-0.9009688679024191
2026-08-21 09:00:00,244558,242485.0,233576.0,242263.0,237121.0,238116.0,3807.0939923603682,237949.88541666666,9,0,36,4,0,0,0.7071067811865476,-0.7071067811865475,-0.433883739117558,-0.9009688679024191
2026-08-21 09:15:00,249207,244558.0,236829.0,245953.0,241293.0,240861.5,3377.305484159384,237973.79166666666,9,15,37,4,0,0,0.659345815100069,-0.7518398074789773,-0.433883739117558,-0.9009688679024191
2026-08-21 09:30:00,251186,249207.0,239574.0,247897.0,244456.0,243956.0,4053.8528998143333,238007.6875,9,30,38,4,0,0,0.6087614290087209,-0.793353340291235,-0.433883739117558,-0.9009688679024191
2026-08-21 09:45:00,252858,251186.0,242485.0,248326.0,245475.0,246859.0,4027.509983434733,238041.94791666666,9,45,39,4,0,0,0.5555702330196025,-0.831469612302545,-0.433883739117558,-0.9009688679024191
2026-08-21 10:00:00,252225,252858.0,244558.0,248164.0,244894.0,249452.25,3587.8894794386356,238089.15625,10,0,40,4,0,0,0.49999999999999994,-0.8660254037844387,-0.433883739117558,-0.9009688679024191
2026-08-21 10:15:00,252081,252225.0,249207.0,248198.0,244891.0,251369.0,1597.6639196025535,238131.45833333334,10,15,41,4,0,0,0.4422886902190017,-0.8968727415326881,-0.433883739117558,-0.9009688679024191
2026-08-21 10:30:00,251861,252081.0,251186.0,247138.0,245032.0,252087.5,689.280059192054,238171.90625,10,30,42,4,0,0,0.3826834323650899,-0.9238795325112867,-0.433883739117558,-0.9009688679024191
2026-08-21 10:45:00,252462,251861.0,252858.0,246389.0,243887.0,252256.25,428.18016067982575,238221.10416666666,10,45,43,4,0,0,0.32143946530316175,-0.9469301294951056,-0.433883739117558,-0.9009688679024191
2026-08-21 11:00:00,252934,252462.0,252225.0,245925.0,244135.0,252157.25,252.3494600743192,238284.36458333334,11,0,44,4,0,0,0.258819045102521,-0.9659258262890682,-0.433883739117558,-0.9009688679024191
2026-08-21 11:15:00,252903,252934.0,252081.0,246033.0,243203.0,252334.5,470.50363087490496,238357.375,11,15,45,4,0,0,0.19509032201612816,-0.9807852804032304,-0.433883739117558,-0.9009688679024191
2026-08-21 11:30:00,253127,252903.0,251861.0,245740.0,243351.0,252540.0,501.37477665561596,238428.9375,11,30,46,4,0,0,0.130526192220052,-0.9914448613738104,-0.433883739117558,-0.9009688679024191
2026-08-21 11:45:00,253885,253127.0,252462.0,246292.0,243875.0,252856.5,281.051003674539,238505.88541666666,11,45,47,4,0,0,0.06540312923014312,-0.9978589232386035,-0.433883739117558,-0.9009688679024191
2026-08-21 12:00:00,253295,253885.0,252934.0,245962.0,243142.0,253212.25,459.3178819363184,238584.97916666666,12,0,48,4,0,0,1.2246467991473532e-16,-1.0,-0.433883739117558,-0.9009688679024191
2026-08-21 12:15:00,252039,253295.0,252903.0,244712.0,242409.0,253302.5,420.22335330924403,238661.36458333334,12,15,49,4,0,0,-0.06540312923014287,-0.9978589232386035,-0.433883739117558,-0.9009688679024191
2026-08-21 12:30:00,251812,252039.0,253127.0,245177.0,242153.0,253086.5,770.2750590967253,238737.6875,12,30,50,4,0,0,-0.13052619222005177,-0.9914448613738104,-0.433883739117558,-0.9009688679024191
2026-08-21 12:45:00,252641,251812.0,253885.0,244374.0,241206.0,252757.75,995.0502081133714,238806.80208333334,12,45,51,4,0,0,-0.19509032201612792,-0.9807852804032305,-0.433883739117558,-0.9009688679024191
2026-08-21 13:00:00,250299,252641.0,253295.0,243042.0,240062.0,252446.75,664.9382803437201,238892.91666666666,13,0,52,4,0,0,-0.2588190451025208,-0.9659258262890683,-0.433883739117558,-0.9009688679024191
2026-08-21 13:15:00,247551,250299.0,252039.0,240542.0,236477.0,251697.75,995.9462418556855,238968.51041666666,13,15,53,4,0,0,-0.32143946530316153,-0.9469301294951057,-0.433883739117558,-0.9009688679024191
2026-08-21 13:30:00,248449,247551.0,251812.0,240874.0,237509.0,250575.75,2237.504171318227,239041.52083333334,13,30,54,4,0,0,-0.38268343236508967,-0.9238795325112868,-0.433883739117558,-0.9009688679024191
2026-08-21 13:45:00,250407,248449.0,252641.0,242176.0,239147.0,249735.0,2249.9321471249873,239120.42708333334,13,45,55,4,0,0,-0.44228869021900147,-0.8968727415326883,-0.433883739117558,-0.9009688679024191
2026-08-21 14:00:00,251502,250407.0,250299.0,243719.0,240990.0,249176.5,1407.7929535268295,239206.16666666666,14,0,56,4,0,0,-0.4999999999999997,-0.8660254037844388,-0.433883739117558,-0.9009688679024191
2026-08-21 14:15:00,252041,251502.0,247551.0,245173.0,241514.0,249477.25,1801.0908500127891,239287.23958333334,14,15,57,4,0,0,-0.555570233019602,-0.8314696123025455,-0.433883739117558,-0.9009688679024191
2026-08-21 14:30:00,254724,252041.0,248449.0,247041.0,244524.0,250599.75,1586.8348737869503,239358.78125,14,30,58,4,0,0,-0.6087614290087207,-0.7933533402912352,-0.433883739117558,-0.9009688679024191
2026-08-21 14:45:00,255869,254724.0,250407.0,249232.0,245587.0,252168.5,1834.2974131802605,239438.8125,14,45,59,4,0,0,-0.6593458151000688,-0.7518398074789774,-0.433883739117558,-0.9009688679024191
2026-08-21 15:00:00,257546,255869.0,251502.0,251503.0,246299.0,253534.0,2099.7141075234845,239507.94791666666,15,0,60,4,0,0,-0.7071067811865471,-0.7071067811865479,-0.433883739117558,-0.9009688679024191
2026-08-21 15:15:00,257032,257546.0,252041.0,251163.0,246732.0,255045.0,2313.8016336755823,239570.89583333334,15,15,61,4,0,0,-0.7518398074789773,-0.6593458151000691,-0.433883739117558,-0.9009688679024191
2026-08-21 15:30:00,258187,257032.0,254724.0,253154.0,246645.0,256292.75,1259.3208156250134,239632.03125,15,30,62,4,0,0,-0.7933533402912349,-0.6087614290087209,-0.433883739117558,-0.9009688679024191
2026-08-21 15:45:00,257672,258187.0,255869.0,252257.0,245334.0,257158.5,980.9486904691416,239684.45833333334,15,45,63,4,0,0,-0.8314696123025452,-0.5555702330196022,-0.433883739117558,-0.9009688679024191
2026-08-21 16:00:00,258012,257672.0,257546.0,250791.0,246303.0,257609.25,474.32434402328465,239740.86458333334,16,0,64,4,0,0,-0.8660254037844385,-0.5000000000000004,-0.433883739117558,-0.9009688679024191
2026-08-21 16:15:00,254984,258012.0,257032.0,249303.0,242714.0,257725.75,509.5320565641101,239816.08333333334,16,15,65,4,0,0,-0.8968727415326883,-0.44228869021900136,-0.433883739117558,-0.9009688679024191
2026-08-21 16:30:00,254785,254984.0,258187.0,249164.0,241712.0,257213.75,1501.798560615388,239875.26041666666,16,30,66,4,0,0,-0.9238795325112868,-0.3826834323650895,-0.433883739117558,-0.9009688679024191
2026-08-21 16:45:00,253173,254785.0,257672.0,248422.0,241305.0,256363.25,1715.0711112564575,239933.8125,16,45,67,4,0,0,-0.9469301294951056,-0.3214394653031618,-0.433883739117558,-0.9009688679024191
2026-08-21 17:00:00,250357,253173.0,258012.0,246524.0,240936.0,255238.5,2018.9952121455017,239983.30208333334,17,0,68,4,0,0,-0.9659258262890683,-0.25881904510252063,-0.433883739117558,-0.9009688679024191
2026-08-21 17:15:00,246608,250357.0,254984.0,242492.0,237749.0,253324.75,2138.2242437748337,240023.22916666666,17,15,69,4,0,0,-0.9807852804032303,-0.19509032201612866,-0.433883739117558,-0.9009688679024191
2026-08-21 17:30:00,245431,246608.0,254785.0,241265.0,237278.0,251230.75,3584.144935220455,240066.10416666666,17,30,70,4,0,0,-0.9914448613738104,-0.13052619222005163,-0.433883739117558,-0.9009688679024191
2026-08-21 17:45:00,244444,245431.0,253173.0,239807.0,236639.0,248892.25,3543.4617137294485,240109.5,17,45,71,4,0,0,-0.9978589232386035,-0.06540312923014273,-0.433883739117558,-0.9009688679024191
2026-08-21 18:00:00,243446,244444.0,250357.0,239014.0,235822.0,246710.0,2587.2514373365016,240157.80208333334,18,0,72,4,0,0,-1.0,-1.8369701987210297e-16,-0.433883739117558,-0.9009688679024191
2026-08-21 18:15:00,241047,243446.0,246608.0,237299.0,233312.0,244982.25,1353.294344676406,240203.96875,18,15,73,4,0,0,-0.9978589232386036,0.06540312923014237,-0.433883739117558,-0.9009688679024191
2026-08-21 18:30:00,241972,241047.0,245431.0,239015.0,235634.0,243592.0,1880.2629248768615,240243.01041666666,18,30,74,4,0,0,-0.9914448613738105,0.13052619222005127,-0.433883739117558,-0.9009688679024191
2026-08-21 18:45:00,244213,241972.0,244444.0,240224.0,238467.0,242727.25,1511.894479342553,240273.8125,18,45,75,4,0,0,-0.9807852804032304,0.1950903220161283,-0.433883739117558,-0.9009688679024191
2026-08-21 19:00:00,244801,244213.0,243446.0,242807.0,240110.0,242669.5,1426.4591359960123,240315.36458333334,19,0,76,4,0,0,-0.9659258262890684,0.2588190451025203,-0.433883739117558,-0.9009688679024191
2026-08-21 19:15:00,246884,244801.0,241047.0,244770.0,242622.0,243008.25,1787.520699180803,240336.13541666666,19,15,77,4,0,0,-0.9469301294951057,0.3214394653031615,-0.433883739117558,-0.9009688679024191
2026-08-21 19:30:00,247463,246884.0,241972.0,245907.0,243941.0,244467.5,2020.1472718591153,240358.15625,19,30,78,4,0,0,-0.923879532511287,0.38268343236508917,-0.433883739117558,-0.9009688679024191
2026-08-21 19:45:00,246780,247463.0,244213.0,245279.0,243111.0,245840.25,1575.9351456621387,240374.36458333334,19,45,79,4,0,0,-0.8968727415326884,0.442288690219001,-0.433883739117558,-0.9009688679024191
2026-08-21 20:00:00,245769,246780.0,244801.0,243703.0,242226.0,246482.0,1160.248536593124,240390.0,20,0,80,4,0,0,-0.8660254037844386,0.5000000000000001,-0.433883739117558,-0.9009688679024191
2026-08-21 20:15:00,245061,245769.0,246884.0,243138.0,240151.0,246724.0,704.0080491962789,240411.52083333334,20,15,81,4,0,0,-0.8314696123025455,0.5555702330196018,-0.433883739117558,-0.9009688679024191
2026-08-21 20:30:00,244501,245061.0,247463.0,242985.0,239698.0,246268.25,1063.9578234120995,240431.55208333334,20,30,82,4,0,0,-0.7933533402912357,0.6087614290087199,-0.433883739117558,-0.9009688679024191
2026-08-21 20:45:00,243818,244501.0,246780.0,242655.0,239229.0,245527.75,982.9212837251071,240447.34375,20,45,83,4,0,0,-0.7518398074789772,0.6593458151000691,-0.433883739117558,-0.9009688679024191
2026-08-21 21:00:00,243179,243818.0,245769.0,241521.0,238991.0,244787.25,828.6850527591808,240459.45833333334,21,0,84,4,0,0,-0.7071067811865477,0.7071067811865474,-0.433883739117558,-0.9009688679024191
2026-08-21 21:15:00,243233,243179.0,245061.0,241548.0,238128.0,244139.75,817.6728665343411,240476.72916666666,21,15,85,4,0,0,-0.6593458151000687,0.7518398074789775,-0.433883739117558,-0.9009688679024191
2026-08-21 21:30:00,242813,243233.0,244501.0,241986.0,237967.0,243682.75,617.4854249290547,240494.28125,21,30,86,4,0,0,-0.608761429008721,0.7933533402912349,-0.433883739117558,-0.9009688679024191
2026-08-21 21:45:00,243117,242813.0,243818.0,241233.0,237555.0,243260.75,415.7165500672487,240502.89583333334,21,45,87,4,0,0,-0.555570233019603,0.8314696123025447,-0.433883739117558,-0.9009688679024191
2026-08-21 22:00:00,242200,243117.0,243179.0,240752.0,237077.0,243085.5,187.74717041759988,240522.52083333334,22,0,88,4,0,0,-0.5000000000000004,0.8660254037844384,-0.433883739117558,-0.9009688679024191
2026-08-21 22:15:00,243704,242200.0,243233.0,241009.0,238163.0,242840.75,462.42287645237053,240537.60416666666,22,15,89,4,0,0,-0.4422886902190014,0.8968727415326883,-0.433883739117558,-0.9009688679024191
2026-08-21 22:30:00,243441,243704.0,242813.0,240904.0,237892.0,242958.5,626.4676102293591,240565.67708333334,22,30,90,4,0,0,-0.38268343236508956,0.9238795325112868,-0.433883739117558,-0.9009688679024191
2026-08-21 22:45:00,243180,243441.0,243117.0,240916.0,237043.0,243115.5,655.8518633551972,240592.10416666666,22,45,91,4,0,0,-0.32143946530316186,0.9469301294951056,-0.433883739117558,-0.9009688679024191
2026-08-21 23:00:00,241992,243180.0,242200.0,239617.0,235912.0,243131.25,656.6558586249606,240615.6875,23,0,92,4,0,0,-0.25881904510252157,0.9659258262890681,-0.433883739117558,-0.9009688679024191
2026-08-21 23:15:00,240863,241992.0,243704.0,238882.0,235128.0,243079.25,755.742184875118,240640.42708333334,23,15,93,4,0,0,-0.19509032201612872,0.9807852804032303,-0.433883739117558,-0.9009688679024191
2026-08-21 23:30:00,239247,240863.0,243441.0,238177.0,233441.0,242369.0,1185.617982319692,240661.0625,23,30,94,4,0,0,-0.13052619222005168,0.9914448613738104,-0.433883739117558,-0.9009688679024191
2026-08-21 23:45:00,238318,239247.0,243180.0,237152.0,231855.0,241320.5,1675.048357510853,240672.20833333334,23,45,95,4,0,0,-0.0654031292301428,0.9978589232386035,-0.433883739117558,-0.9009688679024191
2026-08-22 00:00:00,236506,238318.0,241992.0,234648.0,229824.0,240105.0,1639.6001545091601,240684.35416666666,0,0,0,5,1,0,0.0,1.0,-0.9749279121818236,-0.2225209339563146
2026-08-22 00:15:00,235690,236506.0,240863.0,231805.0,228411.0,238733.5,1819.6015131523884,240703.70833333334,0,15,1,5,1,0,0.06540312923014306,0.9978589232386035,-0.9749279121818236,-0.2225209339563146
2026-08-22 00:30:00,234531,235690.0,239247.0,230038.0,226902.0,237440.25,1630.0295242724233,240744.17708333334,0,30,2,5,1,0,0.13052619222005157,0.9914448613738104,-0.9749279121818236,-0.2225209339563146
2026-08-22 00:45:00,233416,234531.0,238318.0,229668.0,224457.0,236261.25,1592.7141143343279,240790.97916666666,0,45,3,5,1,0,0.19509032201612825,0.9807852804032304,-0.9749279121818236,-0.2225209339563146
2026-08-22 01:00:00,231451,233416.0,236506.0,228440.0,222128.0,235035.75,1350.0667576085896,240830.02083333334,1,0,4,5,1,0,0.25881904510252074,0.9659258262890683,-0.9749279121818236,-0.2225209339563146
2026-08-22 01:15:00,229373,231451.0,235690.0,226806.0,220476.0,233772.0,1804.4927265023148,240861.38541666666,1,15,5,5,1,0,0.3214394653031616,0.9469301294951057,-0.9749279121818236,-0.2225209339563146
2026-08-22 01:30:00,227616,229373.0,234531.0,225139.0,219141.0,232192.75,2270.457864983715,240888.125,1,30,6,5,1,0,0.3826834323650898,0.9238795325112867,-0.9749279121818236,-0.2225209339563146
2026-08-22 01:45:00,226333,227616.0,233416.0,223853.0,217846.0,230464.0,2515.9397184086956,240913.92708333334,1,45,7,5,1,0,0.44228869021900125,0.8968727415326884,-0.9749279121818236,-0.2225209339563146
2026-08-22 02:00:00,224757,226333.0,231451.0,223194.0,216328.0,228693.25,2220.9977300002865,240939.76041666666,2,0,8,5,1,0,0.49999999999999994,0.8660254037844387,-0.9749279121818236,-0.2225209339563146
2026-08-22 02:15:00,223435,224757.0,229373.0,222266.0,215569.0,227019.75,1956.6095462985013,240956.04166666666,2,15,9,5,1,0,0.5555702330196022,0.8314696123025452,-0.9749279121818236,-0.2225209339563146
2026-08-22 02:30:00,222153,223435.0,227616.0,222128.0,215679.0,225535.25,1824.1572254970536,240968.21875,2,30,10,5,1,0,0.6087614290087207,0.7933533402912352,-0.9749279121818236,-0.2225209339563146
2026-08-22 02:45:00,221613,222153.0,226333.0,221717.0,215543.0,224169.5,1791.8008631913021,240968.47916666666,2,45,11,5,1,0,0.6593458151000688,0.7518398074789774,-0.9749279121818236,-0.2225209339563146
2026-08-22 03:00:00,221059,221613.0,224757.0,221005.0,214432.0,222989.5,1404.3991597832053,240967.39583333334,3,0,12,5,1,0,0.7071067811865476,0.7071067811865476,-0.9749279121818236,-0.2225209339563146
2026-08-22 03:15:00,221077,221059.0,223435.0,220665.0,213849.0,222065.0,1016.6913658200875,240967.95833333334,3,15,13,5,1,0,0.7518398074789774,0.6593458151000688,-0.9749279121818236,-0.2225209339563146
2026-08-22 03:30:00,220342,221077.0,222153.0,220106.0,213533.0,221475.5,519.6752190869994,240972.25,3,30,14,5,1,0,0.7933533402912352,0.6087614290087207,-0.9749279121818236,-0.2225209339563146
2026-08-22 03:45:00,218950,220342.0,221613.0,219481.0,212520.0,221022.75,521.5594405240721,240974.70833333334,3,45,15,5,1,0,0.8314696123025451,0.5555702330196024,-0.9749279121818236,-0.2225209339563146
2026-08-22 04:00:00,218134,218950.0,221059.0,218906.0,211513.0,220357.0,998.5118927683251,240969.17708333334,4,0,16,5,1,0,0.8660254037844386,0.5000000000000001,-0.9749279121818236,-0.2225209339563146
2026-08-22 04:15:00,219023,218134.0,221077.0,220164.0,212498.0,219625.75,1329.2976528978688,240961.13541666666,4,15,17,5,1,0,0.8968727415326884,0.44228869021900125,-0.9749279121818236,-0.2225209339563146
2026-08-22 04:30:00,219063,219023.0,220342.0,219977.0,213125.0,219112.25,913.518609553075,240949.25,4,30,18,5,1,0,0.9238795325112867,0.38268343236508984,-0.9749279121818236,-0.2225209339563146
2026-08-22 04:45:00,219516,219063.0,218950.0,220224.0,213737.0,218792.5,441.48574910913385,240939.72916666666,4,45,19,5,1,0,0.9469301294951056,0.3214394653031617,-0.9749279121818236,-0.2225209339563146
2026-08-22 05:00:00,220393,219516.0,218134.0,221496.0,215301.0,218934.0,578.2980776956232,240932.35416666666,5,0,20,5,1,0,0.9659258262890683,0.25881904510252074,-0.9749279121818236,-0.2225209339563146
2026-08-22 05:15:00,221951,220393.0,219023.0,222605.0,217989.0,219498.75,636.7094444614895,240920.86458333334,5,15,21,5,1,0,0.9807852804032304,0.19509032201612833,-0.9749279121818236,-0.2225209339563146
2026-08-22 05:30:00,223832,221951.0,219063.0,224507.0,220096.0,220230.75,1272.804351291451,240914.05208333334,5,30,22,5,1,0,0.9914448613738104,0.1305261922200517,-0.9749279121818236,-0.2225209339563146
2026-08-22 05:45:00,225313,223832.0,219516.0,225686.0,221885.0,221423.0,1895.5750226953435,240907.02083333334,5,45,23,5,1,0,0.9978589232386035,0.06540312923014327,-0.9749279121818236,-0.2225209339563146
2026-08-22 06:00:00,225841,225313.0,220393.0,226936.0,222351.0,222872.25,2150.4854296956146,240903.13541666666,6,0,24,5,1,0,1.0,6.123233995736766e-17,-0.9749279121818236,-0.2225209339563146
2026-08-22 06:15:00,227562,225841.0,221951.0,228424.0,223969.0,224234.25,1743.5961640624087,240891.72916666666,6,15,25,5,1,0,0.9978589232386035,-0.06540312923014314,-0.9749279121818236,-0.2225209339563146
2026-08-22 06:30:00,230372,227562.0,223832.0,231694.0,227075.0,225637.0,1539.506630926436,240882.75,6,30,26,5,1,0,0.9914448613738104,-0.1305261922200516,-0.9749279121818236,-0.2225209339563146
2026-08-22 06:45:00,231604,230372.0,225313.0,233334.0,229484.0,227272.0,2278.8551219124224,240868.97916666666,6,45,27,5,1,0,0.9807852804032304,-0.1950903220161282,-0.9749279121818236,-0.2225209339563146
2026-08-22 07:00:00,231179,231604.0,225841.0,233568.0,231343.0,228844.75,2621.317400977318,240850.95833333334,7,0,28,5,1,0,0.9659258262890683,-0.25881904510252063,-0.9749279121818236,-0.2225209339563146
2026-08-22 07:15:00,232391,231179.0,227562.0,235444.0,232605.0,230179.25,1818.1091597223974,240826.07291666666,7,15,29,5,1,0,0.9469301294951057,-0.3214394653031616,-0.9749279121818236,-0.2225209339563146
2026-08-22 07:30:00,231860,232391.0,230372.0,235176.0,233437.0,231386.5,842.3366310447544,240794.27083333334,7,30,30,5,1,0,0.9238795325112868,-0.3826834323650895,-0.9749279121818236,-0.2225209339563146
2026-08-22 07:45:00,231558,231860.0,231604.0,234945.0,233361.0,231758.5,506.63892467893777,240759.72916666666,7,45,31,5,1,0,0.8968727415326884,-0.44228869021900113,-0.9749279121818236,-0.2225209339563146
2026-08-22 08:00:00,230671,231558.0,231179.0,233576.0,231773.0,231747.0,511.810511810602,240724.44791666666,8,0,32,5,1,0,0.8660254037844387,-0.4999999999999998,-0.9749279121818236,-0.2225209339563146
2026-08-22 08:15:00,234169,230671.0,232391.0,236829.0,234350.0,231620.0,720.2976236712836,240694.1875,8,15,33,5,1,0,0.8314696123025451,-0.5555702330196023,-0.9749279121818236,-0.2225209339563146
2026-08-22 08:30:00,236342,234169.0,231860.0,239574.0,237397.0,232064.5,1490.9868096889718,240666.47916666666,8,30,34,5,1,0,0.7933533402912352,-0.6087614290087207,-0.9749279121818236,-0.2225209339563146
2026-08-22 08:45:00,238713,236342.0,231558.0,242485.0,240042.0,233185.0,2575.6701393358794,240632.8125,8,45,35,5,1,0,0.7518398074789774,-0.6593458151000688,-0.9749279121818236,-0.2225209339563146
2026-08-22 09:00:00,241104,238713.0,230671.0,244558.0,242263.0,234973.75,3416.4005790695114,240593.52083333334,9,0,36,5,1,0,0.7071067811865476,-0.7071067811865475,-0.9749279121818236,-0.2225209339563146
2026-08-22 09:15:00,246125,241104.0,234169.0,249207.0,245953.0,237582.0,2992.758705052329,240557.54166666666,9,15,37,5,1,0,0.659345815100069,-0.7518398074789773,-0.9749279121818236,-0.2225209339563146
2026-08-22 09:30:00,249622,246125.0,236342.0,251186.0,247897.0,240571.0,4182.009485084078,240525.4375,9,30,38,5,1,0,0.6087614290087209,-0.793353340291235,-0.9749279121818236,-0.2225209339563146
2026-08-22 09:45:00,249844,249622.0,238713.0,252858.0,248326.0,243891.0,4913.04962998203,240509.14583333334,9,45,39,5,1,0,0.5555702330196025,-0.831469612302545,-0.9749279121818236,-0.2225209339563146
2026-08-22 10:00:00,249902,249844.0,241104.0,252225.0,248164.0,246673.75,4085.172568774367,240477.75,10,0,40,5,1,0,0.49999999999999994,-0.8660254037844387,-0.9749279121818236,-0.2225209339563146
2026-08-22 10:15:00,250261,249902.0,246125.0,252081.0,248198.0,248873.25,1836.136047065468,240453.55208333334,10,15,41,5,1,0,0.4422886902190017,-0.8968727415326881,-0.9749279121818236,-0.2225209339563146
2026-08-22 10:30:00,249865,250261.0,249622.0,251861.0,247138.0,249907.25,264.9117777673521,240434.59375,10,30,42,5,1,0,0.3826834323650899,-0.9238795325112867,-0.9749279121818236,-0.2225209339563146
2026-08-22 10:45:00,250179,249865.0,249844.0,252462.0,246389.0,249968.0,196.79939024259795,240413.80208333334,10,45,43,5,1,0,0.32143946530316175,-0.9469301294951056,-0.9749279121818236,-0.2225209339563146
2026-08-22 11:00:00,250756,250179.0,249902.0,252934.0,245925.0,250051.75,197.71928754303212,240390.02083333334,11,0,44,5,1,0,0.258819045102521,-0.9659258262890682,-0.9749279121818236,-0.2225209339563146
2026-08-22 11:15:00,250593,250756.0,250261.0,252903.0,246033.0,250265.25,369.00440376756967,240367.33333333334,11,15,45,5,1,0,0.19509032201612816,-0.9807852804032304,-0.9749279121818236,-0.2225209339563146
2026-08-22 11:30:00,251591,250593.0,249865.0,253127.0,245740.0,250348.25,403.45951882833765,240343.27083333334,11,30,46,5,1,0,0.130526192220052,-0.9914448613738104,-0.9749279121818236,-0.2225209339563146
2026-08-22 11:45:00,251314,251591.0,250179.0,253885.0,246292.0,250779.75,592.8650071192623,240327.27083333334,11,45,47,5,1,0,0.06540312923014312,-0.9978589232386035,-0.9749279121818236,-0.2225209339563146
2026-08-22 12:00:00,250947,251314.0,250756.0,253295.0,245962.0,251063.5,467.95049595712885,240300.48958333334,12,0,48,5,1,0,1.2246467991473532e-16,-1.0,-0.9749279121818236,-0.2225209339563146
2026-08-22 12:15:00,250854,250947.0,250593.0,252039.0,244712.0,251111.25,434.6756453569982,240276.03125,12,15,49,5,1,0,-0.06540312923014287,-0.9978589232386035,-0.9749279121818236,-0.2225209339563146
2026-08-22 12:30:00,250924,250854.0,251591.0,251812.0,245177.0,251176.5,340.29056211790953,240263.6875,12,30,50,5,1,0,-0.13052619222005177,-0.9914448613738104,-0.9749279121818236,-0.2225209339563146
2026-08-22 12:45:00,250335,250924.0,251314.0,252641.0,244374.0,251009.75,206.65329257766774,240254.4375,12,45,51,5,1,0,-0.19509032201612792,-0.9807852804032305,-0.9749279121818236,-0.2225209339563146
2026-08-22 13:00:00,248550,250335.0,250947.0,250299.0,243042.0,250765.0,289.3821003446139,240230.41666666666,13,0,52,5,1,0,-0.2588190451025208,-0.9659258262890683,-0.9749279121818236,-0.2225209339563146
2026-08-22 13:15:00,246060,248550.0,250854.0,247551.0,240542.0,250165.75,1108.7417417955662,240212.19791666666,13,15,53,5,1,0,-0.32143946530316153,-0.9469301294951057,-0.9749279121818236,-0.2225209339563146
2026-08-22 13:30:00,246924,246060.0,250924.0,248449.0,240874.0,248967.25,2185.2391745527257,240196.66666666666,13,30,54,5,1,0,-0.38268343236508967,-0.9238795325112868,-0.9749279121818236,-0.2225209339563146
2026-08-22 13:45:00,248950,246924.0,250335.0,250407.0,242176.0,247967.25,1886.07270538542,240180.78125,13,45,55,5,1,0,-0.44228869021900147,-0.8968727415326883,-0.9749279121818236,-0.2225209339563146
2026-08-22 14:00:00,249985,248950.0,248550.0,251502.0,243719.0,247621.0,1360.369067569488,240165.60416666666,14,0,56,5,1,0,-0.4999999999999997,-0.8660254037844388,-0.9749279121818236,-0.2225209339563146
2026-08-22 14:15:00,250611,249985.0,246060.0,252041.0,245173.0,247979.75,1803.927266641648,240149.80208333334,14,15,57,5,1,0,-0.555570233019602,-0.8314696123025455,-0.9749279121818236,-0.2225209339563146
2026-08-22 14:30:00,253500,250611.0,246924.0,254724.0,247041.0,249117.5,1614.7855378759182,240134.90625,14,30,58,5,1,0,-0.6087614290087207,-0.7933533402912352,-0.9749279121818236,-0.2225209339563146
2026-08-22 14:45:00,254728,253500.0,248950.0,255869.0,249232.0,250761.5,1949.9159810959125,240122.15625,14,45,59,5,1,0,-0.6593458151000688,-0.7518398074789774,-0.9749279121818236,-0.2225209339563146
2026-08-22 15:00:00,255594,254728.0,249985.0,257546.0,251503.0,252206.0,2273.894310062194,240110.27083333334,15,0,60,5,1,0,-0.7071067811865471,-0.7071067811865479,-0.9749279121818236,-0.2225209339563146
2026-08-22 15:15:00,255495,255594.0,250611.0,257032.0,251163.0,253608.25,2175.0301722044856,240089.9375,15,15,61,5,1,0,-0.7518398074789773,-0.6593458151000691,-0.9749279121818236,-0.2225209339563146
2026-08-22 15:30:00,256086,255495.0,253500.0,258187.0,253154.0,254829.25,966.9923732893983,240073.92708333334,15,30,62,5,1,0,-0.7933533402912349,-0.6087614290087209,-0.9749279121818236,-0.2225209339563146
2026-08-22 15:45:00,256023,256086.0,254728.0,257672.0,252257.0,255475.75,561.5124664687835,240052.04166666666,15,45,63,5,1,0,-0.8314696123025452,-0.5555702330196022,-0.9749279121818236,-0.2225209339563146
2026-08-22 16:00:00,254528,256023.0,255594.0,258012.0,250791.0,255799.5,298.3202976665462,240034.86458333334,16,0,64,5,1,0,-0.8660254037844385,-0.5000000000000004,-0.9749279121818236,-0.2225209339563146
2026-08-22 16:15:00,251424,254528.0,255495.0,254984.0,249303.0,255533.0,720.5039902733757,239998.57291666666,16,15,65,5,1,0,-0.8968727415326883,-0.44228869021900136,-0.9749279121818236,-0.2225209339563146
2026-08-22 16:30:00,250398,251424.0,256086.0,254785.0,249164.0,254515.25,2183.006699485791,239961.48958333334,16,30,66,5,1,0,-0.9238795325112868,-0.3826834323650895,-0.9749279121818236,-0.2225209339563146
2026-08-22 16:45:00,249098,250398.0,256023.0,253173.0,248422.0,253093.25,2626.3225715817607,239915.79166666666,16,45,67,5,1,0,-0.9469301294951056,-0.3214394653031618,-0.9749279121818236,-0.2225209339563146
2026-08-22 17:00:00,247242,249098.0,254528.0,250357.0,246524.0,251362.0,2315.339571927442,239873.34375,17,0,68,5,1,0,-0.9659258262890683,-0.25881904510252063,-0.9749279121818236,-0.2225209339563146
2026-08-22 17:15:00,241916,247242.0,251424.0,246608.0,242492.0,249540.5,1803.8650171228996,239840.89583333334,17,15,69,5,1,0,-0.9807852804032303,-0.19509032201612866,-0.9749279121818236,-0.2225209339563146
2026-08-22 17:30:00,240604,241916.0,250398.0,245431.0,241265.0,247163.5,3730.3574002142354,239792.02083333334,17,30,70,5,1,0,-0.9914448613738104,-0.13052619222005163,-0.9749279121818236,-0.2225209339563146
2026-08-22 17:45:00,239748,240604.0,249098.0,244444.0,239807.0,244715.0,4095.9793293749017,239741.73958333334,17,45,71,5,1,0,-0.9978589232386035,-0.06540312923014273,-0.9749279121818236,-0.2225209339563146
2026-08-22 18:00:00,238812,239748.0,247242.0,243446.0,239014.0,242377.5,3363.32746943655,239692.82291666666,18,0,72,5,1,0,-1.0,-1.8369701987210297e-16,-0.9749279121818236,-0.2225209339563146
2026-08-22 18:15:00,236673,238812.0,241916.0,241047.0,237299.0,240270.0,1318.979403427691,239644.55208333334,18,15,73,5,1,0,-0.9978589232386036,0.06540312923014237,-0.9749279121818236,-0.2225209339563146
2026-08-22 18:30:00,237776,236673.0,240604.0,241972.0,239015.0,238959.25,1690.754343480984,239598.98958333334,18,30,74,5,1,0,-0.9914448613738105,0.13052619222005127,-0.9749279121818236,-0.2225209339563146
2026-08-22 18:45:00,239584,237776.0,239748.0,244213.0,240224.0,238252.25,1325.5731779120358,239555.28125,18,45,75,5,1,0,-0.9807852804032304,0.1950903220161283,-0.9749279121818236,-0.2225209339563146
2026-08-22 19:00:00,241070,239584.0,238812.0,244801.0,242807.0,238211.25,1265.042654089766,239507.0625,19,0,76,5,1,0,-0.9659258262890684,0.2588190451025203,-0.9749279121818236,-0.2225209339563146
2026-08-22 19:15:00,242163,241070.0,236673.0,246884.0,244770.0,238775.75,1944.0429307673428,239468.19791666666,19,15,77,5,1,0,-0.9469301294951057,0.3214394653031615,-0.9749279121818236,-0.2225209339563146
2026-08-22 19:30:00,241689,242163.0,237776.0,247463.0,245907.0,240148.25,1902.1732089025154,239419.02083333334,19,30,78,5,1,0,-0.923879532511287,0.38268343236508917,-0.9749279121818236,-0.2225209339563146
2026-08-22 19:45:00,240987,241689.0,239584.0,246780.0,245279.0,241126.5,1121.4926066035803,239358.875,19,45,79,5,1,0,-0.8968727415326884,0.442288690219001,-0.9749279121818236,-0.2225209339563146
2026-08-22 20:00:00,240193,240987.0,241070.0,245769.0,243703.0,241477.25,554.1626566269415,239298.53125,20,0,80,5,1,0,-0.8660254037844386,0.5000000000000001,-0.9749279121818236,-0.2225209339563146
2026-08-22 20:15:00,239803,240193.0,242163.0,245061.0,243138.0,241258.0,858.7688862551028,239240.44791666666,20,15,81,5,1,0,-0.8314696123025455,0.5555702330196018,-0.9749279121818236,-0.2225209339563146
2026-08-22 20:30:00,238275,239803.0,241689.0,244501.0,242985.0,240668.0,840.2483759777037,239185.67708333334,20,30,82,5,1,0,-0.7933533402912357,0.6087614290087199,-0.9749279121818236,-0.2225209339563146
2026-08-22 20:45:00,238355,238275.0,240987.0,243818.0,242655.0,239814.5,1138.450848009329,239120.82291666666,20,45,83,5,1,0,-0.7518398074789772,0.6593458151000691,-0.9749279121818236,-0.2225209339563146
2026-08-22 21:00:00,236368,238355.0,240193.0,243179.0,241521.0,239156.5,985.1800173909778,239063.91666666666,21,0,84,5,1,0,-0.7071067811865477,0.7071067811865474,-0.9749279121818236,-0.2225209339563146
2026-08-22 21:15:00,236756,236368.0,239803.0,243233.0,241548.0,238200.25,1408.957386391259,238992.96875,21,15,85,5,1,0,-0.6593458151000687,0.7518398074789775,-0.9749279121818236,-0.2225209339563146
2026-08-22 21:30:00,236915,236756.0,238275.0,242813.0,241986.0,237438.5,1024.935932957025,238925.5,21,30,86,5,1,0,-0.608761429008721,0.7933533402912349,-0.9749279121818236,-0.2225209339563146
2026-08-22 21:45:00,236857,236915.0,238355.0,243117.0,241233.0,237098.5,868.6005986642061,238864.0625,21,45,87,5,1,0,-0.555570233019603,0.8314696123025447,-0.9749279121818236,-0.2225209339563146
2026-08-22 22:00:00,236341,236857.0,236368.0,242200.0,240752.0,236724.0,246.25867158974725,238798.85416666666,22,0,88,5,1,0,-0.5000000000000004,0.8660254037844384,-0.9749279121818236,-0.2225209339563146
2026-08-22 22:15:00,236227,236341.0,236756.0,243704.0,241009.0,236717.25,259.2943951055381,238737.82291666666,22,15,89,5,1,0,-0.4422886902190014,0.8968727415326883,-0.9749279121818236,-0.2225209339563146
2026-08-22 22:30:00,235623,236227.0,236915.0,243441.0,240904.0,236585.0,351.46550328562097,238659.9375,22,30,90,5,1,0,-0.38268343236508956,0.9238795325112868,-0.9749279121818236,-0.2225209339563146
2026-08-22 22:45:00,235521,235623.0,236857.0,243180.0,240916.0,236262.0,506.5609538839476,238578.5,22,45,91,5,1,0,-0.32143946530316186,0.9469301294951056,-0.9749279121818236,-0.2225209339563146
2026-08-22 23:00:00,234122,235521.0,236341.0,241992.0,239617.0,235928.0,415.7900111031348,238498.71875,23,0,92,5,1,0,-0.25881904510252157,0.9659258262890681,-0.9749279121818236,-0.2225209339563146
2026-08-22 23:15:00,233763,234122.0,236227.0,240863.0,238882.0,235373.25,890.4532085777913,238416.73958333334,23,15,93,5,1,0,-0.19509032201612872,0.9807852804032303,-0.9749279121818236,-0.2225209339563146
2026-08-22 23:30:00,232964,233763.0,235623.0,239247.0,238177.0,234757.25,953.0499724567495,238342.78125,23,30,94,5,1,0,-0.13052619222005168,0.9914448613738104,-0.9749279121818236,-0.2225209339563146
2026-08-22 23:45:00,232502,232964.0,235521.0,238318.0,237152.0,234092.5,1068.264168327824,238277.33333333334,23,45,95,5,1,0,-0.0654031292301428,0.9978589232386035,-0.9749279121818236,-0.2225209339563146
2026-08-23 00:00:00,231235,232502.0,234122.0,236506.0,234648.0,233337.75,738.0272691437707,238216.75,0,0,0,6,1,0,0.0,1.0,-0.7818314824680299,0.6234898018587334
2026-08-23 00:15:00,230183,231235.0,233763.0,235690.0,231805.0,232616.0,1057.8074809087357,238161.84375,0,15,1,6,1,0,0.06540312923014306,0.9978589232386035,-0.7818314824680299,0.6234898018587334
2026-08-23 00:30:00,228935,230183.0,232964.0,234531.0,230038.0,231721.0,1259.186245159869,238104.47916666666,0,30,2,6,1,0,0.13052619222005157,0.9914448613738104,-0.7818314824680299,0.6234898018587334
2026-08-23 00:45:00,228194,228935.0,232502.0,233416.0,229668.0,230713.75,1518.2431458761143,238046.1875,0,45,3,6,1,0,0.19509032201612825,0.9807852804032304,-0.7818314824680299,0.6234898018587334
2026-08-23 01:00:00,227073,228194.0,231235.0,231451.0,228440.0,229636.75,1344.9625459468343,237991.79166666666,1,0,4,6,1,0,0.25881904510252074,0.9659258262890683,-0.7818314824680299,0.6234898018587334
2026-08-23 01:15:00,225997,227073.0,230183.0,229373.0,226806.0,228596.25,1305.7083326684372,237946.1875,1,15,5,6,1,0,0.3214394653031616,0.9469301294951057,-0.7818314824680299,0.6234898018587334
2026-08-23 01:30:00,225126,225997.0,228935.0,227616.0,225139.0,227549.75,1287.4132656868449,237911.02083333334,1,30,6,6,1,0,0.3826834323650898,0.9238795325112867,-0.7818314824680299,0.6234898018587334
2026-08-23 01:45:00,223909,225126.0,228194.0,226333.0,223853.0,226597.5,1329.2635805838008,237885.08333333334,1,45,7,6,1,0,0.44228869021900125,0.8968727415326884,-0.7818314824680299,0.6234898018587334
2026-08-23 02:00:00,223196,223909.0,227073.0,224757.0,223194.0,225526.25,1340.3654663311586,237859.83333333334,2,0,8,6,1,0,0.49999999999999994,0.8660254037844387,-0.7818314824680299,0.6234898018587334
2026-08-23 02:15:00,222517,223196.0,225997.0,223435.0,222266.0,224557.0,1247.6091802589735,237843.57291666666,2,15,9,6,1,0,0.5555702330196022,0.8314696123025452,-0.7818314824680299,0.6234898018587334
2026-08-23 02:30:00,221554,222517.0,225126.0,222153.0,222128.0,223687.0,1115.0464863253317,237834.01041666666,2,30,10,6,1,0,0.6087614290087207,0.7933533402912352,-0.7818314824680299,0.6234898018587334
2026-08-23 02:45:00,221128,221554.0,223909.0,221613.0,221717.0,222794.0,1003.1879185874449,237827.77083333334,2,45,11,6,1,0,0.6593458151000688,0.7518398074789774,-0.7818314824680299,0.6234898018587334
2026-08-23 03:00:00,220715,221128.0,223196.0,221059.0,221005.0,222098.75,934.1660719592726,237822.71875,3,0,12,6,1,0,0.7071067811865476,0.7071067811865476,-0.7818314824680299,0.6234898018587334
2026-08-23 03:15:00,220076,220715.0,222517.0,221077.0,220665.0,221478.5,772.4344632393203,237819.13541666666,3,15,13,6,1,0,0.7518398074789774,0.6593458151000688,-0.7818314824680299,0.6234898018587334
2026-08-23 03:30:00,219623,220076.0,221554.0,220342.0,220106.0,220868.25,629.5153559152915,237808.70833333334,3,30,14,6,1,0,0.7933533402912352,0.6087614290087207,-0.7818314824680299,0.6234898018587334
2026-08-23 03:45:00,219517,219623.0,221128.0,218950.0,219481.0,220385.5,667.600928699038,237801.21875,3,45,15,6,1,0,0.8314696123025451,0.5555702330196024,-0.7818314824680299,0.6234898018587334
2026-08-23 04:00:00,218422,219517.0,220715.0,218134.0,218906.0,219982.75,545.0470163204437,237807.125,4,0,16,6,1,0,0.8660254037844386,0.5000000000000001,-0.7818314824680299,0.6234898018587334
2026-08-23 04:15:00,219186,218422.0,220076.0,219023.0,220164.0,219409.5,701.5499507042573,237810.125,4,15,17,6,1,0,0.8968727415326884,0.44228869021900125,-0.7818314824680299,0.6234898018587334
2026-08-23 04:30:00,219613,219186.0,219623.0,219063.0,219977.0,219187.0,542.9002363846247,237811.82291666666,4,30,18,6,1,0,0.9238795325112867,0.38268343236508984,-0.7818314824680299,0.6234898018587334
2026-08-23 04:45:00,220103,219613.0,219517.0,219516.0,220224.0,219184.5,540.2397615872185,237817.55208333334,4,45,19,6,1,0,0.9469301294951056,0.3214394653031617,-0.7818314824680299,0.6234898018587334
2026-08-23 05:00:00,220504,220103.0,218422.0,220393.0,221496.0,219331.0,712.4638002498673,237823.66666666666,5,0,20,6,1,0,0.9659258262890683,0.25881904510252074,-0.7818314824680299,0.6234898018587334
2026-08-23 05:15:00,221042,220504.0,219186.0,221951.0,222605.0,219851.5,574.1024879466058,237824.82291666666,5,15,21,6,1,0,0.9807852804032304,0.19509032201612833,-0.7818314824680299,0.6234898018587334
2026-08-23 05:30:00,221568,221042.0,219613.0,223832.0,224507.0,220315.5,606.0794777363319,237815.35416666666,5,30,22,6,1,0,0.9914448613738104,0.1305261922200517,-0.7818314824680299,0.6234898018587334
2026-08-23 05:45:00,222342,221568.0,220103.0,225313.0,225686.0,220804.25,638.159005786554,237791.77083333334,5,45,23,6,1,0,0.9978589232386035,0.06540312923014327,-0.7818314824680299,0.6234898018587334
2026-08-23 06:00:00,221511,222342.0,220504.0,225841.0,226936.0,221364.0,783.4504876930532,237760.82291666666,6,0,24,6,1,0,1.0,6.123233995736766e-17,-0.7818314824680299,0.6234898018587334
2026-08-23 06:15:00,222589,221511.0,221042.0,227562.0,228424.0,221615.75,538.4795725000334,237715.71875,6,15,25,6,1,0,0.9978589232386035,-0.06540312923014314,-0.7818314824680299,0.6234898018587334
2026-08-23 06:30:00,223855,222589.0,221568.0,230372.0,231694.0,222002.5,544.5502731610909,237663.91666666666,6,30,26,6,1,0,0.9914448613738104,-0.1305261922200516,-0.7818314824680299,0.6234898018587334
2026-08-23 06:45:00,223892,223855.0,222342.0,231604.0,233334.0,222574.25,970.3914588108998,237596.03125,6,45,27,6,1,0,0.9807852804032304,-0.1950903220161282,-0.7818314824680299,0.6234898018587334
2026-08-23 07:00:00,223754,223892.0,221511.0,231179.0,233568.0,222961.75,1141.1804925893553,237515.69791666666,7,0,28,6,1,0,0.9659258262890683,-0.25881904510252063,-0.7818314824680299,0.6234898018587334
2026-08-23 07:15:00,225882,223754.0,222589.0,232391.0,235444.0,223522.5,625.060263761139,237438.35416666666,7,15,29,6,1,0,0.9469301294951057,-0.3214394653031616,-0.7818314824680299,0.6234898018587334
2026-08-23 07:30:00,225513,225882.0,223855.0,231860.0,235176.0,224345.75,1025.8259680211288,237370.55208333334,7,30,30,6,1,0,0.9238795325112868,-0.3826834323650895,-0.7818314824680299,0.6234898018587334
2026-08-23 07:45:00,225898,225513.0,223892.0,231558.0,234945.0,224760.25,1094.1286868248858,237304.4375,7,45,31,6,1,0,0.8968727415326884,-0.44228869021900113,-0.7818314824680299,0.6234898018587334
2026-08-23 08:00:00,225844,225898.0,223754.0,230671.0,233576.0,225261.75,1020.7776039208966,237245.47916666666,8,0,32,6,1,0,0.8660254037844387,-0.4999999999999998,-0.7818314824680299,0.6234898018587334
2026-08-23 08:15:00,228480,225844.0,225882.0,234169.0,236829.0,225784.25,182.24594188389636,237195.19791666666,8,15,33,6,1,0,0.8314696123025451,-0.5555702330196023,-0.7818314824680299,0.6234898018587334
2026-08-23 08:30:00,231987,228480.0,225513.0,236342.0,239574.0,226433.75,1374.742733508039,237135.9375,8,30,34,6,1,0,0.7933533402912352,-0.6087614290087207,-0.7818314824680299,0.6234898018587334
2026-08-23 08:45:00,234568,231987.0,225898.0,238713.0,242485.0,228052.25,2897.2624291446523,237090.57291666666,8,45,35,6,1,0,0.7518398074789774,-0.6593458151000688,-0.7818314824680299,0.6234898018587334
2026-08-23 09:00:00,235061,234568.0,225844.0,241104.0,244558.0,230219.75,3838.592135579547,237047.39583333334,9,0,36,6,1,0,0.7071067811865476,-0.7071067811865475,-0.7818314824680299,0.6234898018587334
2026-08-23 09:15:00,239010,235061.0,228480.0,246125.0,249207.0,232524.0,3014.222398341977,236984.44791666666,9,15,37,6,1,0,0.659345815100069,-0.7518398074789773,-0.7818314824680299,0.6234898018587334
2026-08-23 09:30:00,239511,239010.0,231987.0,249622.0,251186.0,235156.5,2901.1862516333663,236910.33333333334,9,30,38,6,1,0,0.6087614290087209,-0.793353340291235,-0.7818314824680299,0.6234898018587334
2026-08-23 09:45:00,239696,239511.0,234568.0,249844.0,252858.0,237037.5,2582.8886283900165,236805.01041666666,9,45,39,6,1,0,0.5555702330196025,-0.831469612302545,-0.7818314824680299,0.6234898018587334
2026-08-23 10:00:00,239415,239696.0,235061.0,249902.0,252225.0,238319.5,2191.5775900782382,236699.30208333334,10,0,40,6,1,0,0.49999999999999994,-0.8660254037844387,-0.7818314824680299,0.6234898018587334
2026-08-23 10:15:00,238944,239415.0,239010.0,250261.0,252081.0,239408.0,289.83098523073176,236590.0625,10,15,41,6,1,0,0.4422886902190017,-0.8968727415326881,-0.7818314824680299,0.6234898018587334
2026-08-23 10:30:00,238883,238944.0,239511.0,249865.0,251861.0,239391.5,320.31703045547937,236472.17708333334,10,30,42,6,1,0,0.3826834323650899,-0.9238795325112867,-0.7818314824680299,0.6234898018587334
2026-08-23 10:45:00,239015,238883.0,239696.0,250179.0,252462.0,239234.5,388.8037208324379,236357.78125,10,45,43,6,1,0,0.32143946530316175,-0.9469301294951056,-0.7818314824680299,0.6234898018587334
2026-08-23 11:00:00,239825,239015.0,239415.0,250756.0,252934.0,239064.25,239.9741305498296,236241.48958333334,11,0,44,6,1,0,0.258819045102521,-0.9659258262890682,-0.7818314824680299,0.6234898018587334
2026-08-23 11:15:00,239995,239825.0,238944.0,250593.0,252903.0,239166.75,442.13600848586435,236127.625,11,15,45,6,1,0,0.19509032201612816,-0.9807852804032304,-0.7818314824680299,0.6234898018587334
2026-08-23 11:30:00,240233,239995.0,238883.0,251591.0,253127.0,239429.5,561.7481642157919,236017.22916666666,11,30,46,6,1,0,0.130526192220052,-0.9914448613738104,-0.7818314824680299,0.6234898018587334
2026-08-23 11:45:00,239894,240233.0,239015.0,251314.0,253885.0,239767.0,528.5224687748058,235898.91666666666,11,45,47,6,1,0,0.06540312923014312,-0.9978589232386035,-0.7818314824680299,0.6234898018587334
2026-08-23 12:00:00,238336,239894.0,239825.0,250947.0,253295.0,239986.75,178.39352566676217,235779.95833333334,12,0,48,6,1,0,1.2246467991473532e-16,-1.0,-0.7818314824680299,0.6234898018587334
2026-08-23 12:15:00,238135,238336.0,239995.0,250854.0,252039.0,239614.5,864.0997241830062,235648.59375,12,15,49,6,1,0,-0.06540312923014287,-0.9978589232386035,-0.7818314824680299,0.6234898018587334
2026-08-23 12:30:00,238709,238135.0,240233.0,250924.0,251812.0,239149.5,1067.5899649833464,235516.10416666666,12,30,50,6,1,0,-0.13052619222005177,-0.9914448613738104,-0.7818314824680299,0.6234898018587334
2026-08-23 12:45:00,238754,238709.0,239894.0,250335.0,252641.0,238768.5,787.1190083673158,235388.86458333334,12,45,51,6,1,0,-0.19509032201612792,-0.9807852804032305,-0.7818314824680299,0.6234898018587334
2026-08-23 13:00:00,238443,238754.0,238336.0,248550.0,250299.0,238483.5,298.45658534056406,235268.22916666666,13,0,52,6,1,0,-0.2588190451025208,-0.9659258262890683,-0.7818314824680299,0.6234898018587334
2026-08-23 13:15:00,237327,238443.0,238135.0,246060.0,247551.0,238510.25,285.3364972562798,235162.94791666666,13,15,53,6,1,0,-0.32143946530316153,-0.9469301294951057,-0.7818314824680299,0.6234898018587334
2026-08-23 13:30:00,237313,237327.0,238709.0,246924.0,248449.0,238308.25,668.4067499159113,235071.97916666666,13,30,54,6,1,0,-0.38268343236508967,-0.9238795325112868,-0.7818314824680299,0.6234898018587334
2026-08-23 13:45:00,236745,237313.0,238754.0,248950.0,250407.0,237959.25,749.0039497001878,234971.86458333334,13,45,55,6,1,0,-0.44228869021900147,-0.8968727415326883,-0.7818314824680299,0.6234898018587334
2026-08-23 14:00:00,236607,236745.0,238443.0,249985.0,251502.0,237457.0,711.049927923363,234844.72916666666,14,0,56,6,1,0,-0.4999999999999997,-0.8660254037844388,-0.7818314824680299,0.6234898018587334
2026-08-23 14:15:00,236284,236607.0,237327.0,250611.0,252041.0,236998.0,376.1010502508923,234705.375,14,15,57,6,1,0,-0.555570233019602,-0.8314696123025455,-0.7818314824680299,0.6234898018587334
2026-08-23 14:30:00,236682,236284.0,237313.0,253500.0,254724.0,236737.25,429.70871917283694,234556.13541666666,14,30,58,6,1,0,-0.6087614290087207,-0.7933533402912352,-0.7818314824680299,0.6234898018587334
2026-08-23 14:45:00,236674,236682.0,236745.0,254728.0,255869.0,236579.5,204.91705639069735,234380.94791666666,14,45,59,6,1,0,-0.6593458151000688,-0.7518398074789774,-0.7818314824680299,0.6234898018587334
2026-08-23 15:00:00,236710,236674.0,236607.0,255594.0,257546.0,236561.75,188.19559860199107,234192.88541666666,15,0,60,6,1,0,-0.7071067811865471,-0.7071067811865479,-0.7818314824680299,0.6234898018587334
2026-08-23 15:15:00,235387,236710.0,236284.0,255495.0,257032.0,236587.5,202.921166958572,233996.17708333334,15,15,61,6,1,0,-0.7518398074789773,-0.6593458151000691,-0.7818314824680299,0.6234898018587334
2026-08-23 15:30:00,236340,235387.0,236682.0,256086.0,258187.0,236363.25,651.0163208398285,233786.71875,15,30,62,6,1,0,-0.7933533402912349,-0.6087614290087209,-0.7818314824680299,0.6234898018587334
2026-08-23 15:45:00,233688,236340.0,236674.0,256023.0,257672.0,236277.75,616.7562322342811,233581.03125,15,45,63,6,1,0,-0.8314696123025452,-0.5555702330196022,-0.7818314824680299,0.6234898018587334
2026-08-23 16:00:00,233410,233688.0,236710.0,254528.0,258012.0,235531.25,1349.3092986165746,233348.375,16,0,64,6,1,0,-0.8660254037844385,-0.5000000000000004,-0.7818314824680299,0.6234898018587334
2026-08-23 16:15:00,231979,233410.0,235387.0,251424.0,254984.0,234706.25,1396.383036037448,233128.39583333334,16,15,65,6,1,0,-0.8968727415326883,-0.44228869021900136,-0.7818314824680299,0.6234898018587334
2026-08-23 16:30:00,230798,231979.0,236340.0,250398.0,254785.0,233854.25,1818.4712214751075,232925.84375,16,30,66,6,1,0,-0.9238795325112868,-0.3826834323650895,-0.7818314824680299,0.6234898018587334
2026-08-23 16:45:00,228628,230798.0,233688.0,249098.0,253173.0,232468.75,1342.1106201302816,232721.67708333334,16,45,67,6,1,0,-0.9469301294951056,-0.3214394653031618,-0.7818314824680299,0.6234898018587334
2026-08-23 17:00:00,226543,228628.0,233410.0,247242.0,250357.0,231203.75,2022.1830406765444,232508.44791666666,17,0,68,6,1,0,-0.9659258262890683,-0.25881904510252063,-0.7818314824680299,0.6234898018587334
2026-08-23 17:15:00,222502,226543.0,231979.0,241916.0,246608.0,229487.0,2403.733346276132,232292.83333333334,17,15,69,6,1,0,-0.9807852804032303,-0.19509032201612866,-0.7818314824680299,0.6234898018587334
2026-08-23 17:30:00,220268,222502.0,230798.0,240604.0,245431.0,227117.75,3533.6751760737534,232090.60416666666,17,30,70,6,1,0,-0.9914448613738104,-0.13052619222005163,-0.7818314824680299,0.6234898018587334
2026-08-23 17:45:00,219710,220268.0,228628.0,239748.0,244444.0,224485.25,3791.0064956420047,231878.77083333334,17,45,71,6,1,0,-0.9978589232386035,-0.06540312923014273,-0.7818314824680299,0.6234898018587334
2026-08-23 18:00:00,218707,219710.0,226543.0,238812.0,243446.0,222255.75,3102.3187430264525,231670.04166666666,18,0,72,6,1,0,-1.0,-1.8369701987210297e-16,-0.7818314824680299,0.6234898018587334
2026-08-23 18:15:00,218914,218707.0,222502.0,236673.0,241047.0,220296.75,1605.7744497074332,231460.61458333334,18,15,73,6,1,0,-0.9978589232386036,0.06540312923014237,-0.7818314824680299,0.6234898018587334
2026-08-23 18:30:00,221491,218914.0,220268.0,237776.0,241972.0,219399.75,722.4884658824672,231275.625,18,30,74,6,1,0,-0.9914448613738105,0.13052619222005127,-0.7818314824680299,0.6234898018587334
2026-08-23 18:45:00,223882,221491.0,219710.0,239584.0,244213.0,219705.5,1266.4260736418312,231105.98958333334,18,45,75,6,1,0,-0.9807852804032304,0.1950903220161283,-0.7818314824680299,0.6234898018587334
2026-08-23 19:00:00,226294,223882.0,218707.0,241070.0,244801.0,220748.5,2442.897255309741,230942.42708333334,19,0,76,6,1,0,-0.9659258262890684,0.2588190451025203,-0.7818314824680299,0.6234898018587334
2026-08-23 19:15:00,229708,226294.0,218914.0,242163.0,246884.0,222645.25,3167.409390969198,230788.51041666666,19,15,77,6,1,0,-0.9469301294951057,0.3214394653031615,-0.7818314824680299,0.6234898018587334
2026-08-23 19:30:00,231395,229708.0,221491.0,241689.0,247463.0,225343.75,3508.563274333223,230658.77083333334,19,30,78,6,1,0,-0.923879532511287,0.38268343236508917,-0.7818314824680299,0.6234898018587334
2026-08-23 19:45:00,232029,231395.0,223882.0,240987.0,246780.0,227819.75,3375.4845948396605,230551.54166666666,19,45,79,6,1,0,-0.8968727415326884,0.442288690219001,-0.7818314824680299,0.6234898018587334
2026-08-23 20:00:00,231598,232029.0,226294.0,240193.0,245769.0,229856.5,2569.059296058873,230458.22916666666,20,0,80,6,1,0,-0.8660254037844386,0.5000000000000001,-0.7818314824680299,0.6234898018587334
2026-08-23 20:15:00,230336,231598.0,229708.0,239803.0,245061.0,231182.5,1017.9241949509368,230368.69791666666,20,15,81,6,1,0,-0.8314696123025455,0.5555702330196018,-0.7818314824680299,0.6234898018587334
2026-08-23 20:30:00,230916,230336.0,231395.0,238275.0,244501.0,231339.5,719.334182884779,230270.08333333334,20,30,82,6,1,0,-0.7933533402912357,0.6087614290087199,-0.7818314824680299,0.6234898018587334
2026-08-23 20:45:00,231445,230916.0,232029.0,238355.0,243818.0,231219.75,746.3771946318515,230193.42708333334,20,45,83,6,1,0,-0.7518398074789772,0.6593458151000691,-0.7818314824680299,0.6234898018587334
2026-08-23 21:00:00,230209,231445.0,231598.0,236368.0,243179.0,231073.75,572.079467090467,230121.44791666666,21,0,84,6,1,0,-0.7071067811865477,0.7071067811865474,-0.7818314824680299,0.6234898018587334
2026-08-23 21:15:00,230063,230209.0,230336.0,236756.0,243233.0,230726.5,569.341432416887,230057.29166666666,21,15,85,6,1,0,-0.6593458151000687,0.7518398074789775,-0.7818314824680299,0.6234898018587334
2026-08-23 21:30:00,230031,230063.0,230916.0,236915.0,242813.0,230658.25,643.3140109359597,229987.57291666666,21,30,86,6,1,0,-0.608761429008721,0.7933533402912349,-0.7818314824680299,0.6234898018587334
2026-08-23 21:45:00,229515,230031.0,231445.0,236857.0,243117.0,230437.0,676.4515257330079,229915.86458333334,21,45,87,6,1,0,-0.555570233019603,0.8314696123025447,-0.7818314824680299,0.6234898018587334
2026-08-23 22:00:00,228920,229515.0,230209.0,236341.0,242200.0,229954.5,303.0703988622349,229839.38541666666,22,0,88,6,1,0,-0.5000000000000004,0.8660254037844384,-0.7818314824680299,0.6234898018587334
2026-08-23 22:15:00,230036,228920.0,230063.0,236227.0,243704.0,229632.25,537.1513597983139,229762.08333333334,22,15,89,6,1,0,-0.4422886902190014,0.8968727415326883,-0.7818314824680299,0.6234898018587334
2026-08-23 22:30:00,229639,230036.0,230031.0,235623.0,243441.0,229625.5,530.0569151828676,229697.59375,22,30,90,6,1,0,-0.38268343236508956,0.9238795325112868,-0.7818314824680299,0.6234898018587334
2026-08-23 22:45:00,229027,229639.0,229515.0,235521.0,243180.0,229527.5,461.95851184550315,229635.26041666666,22,45,91,6,1,0,-0.32143946530316186,0.9469301294951056,-0.7818314824680299,0.6234898018587334
2026-08-23 23:00:00,228645,229027.0,228920.0,234122.0,241992.0,229405.5,526.31581140336,229567.61458333334,23,0,92,6,1,0,-0.25881904510252157,0.9659258262890681,-0.7818314824680299,0.6234898018587334
2026-08-23 23:15:00,227109,228645.0,230036.0,233763.0,240863.0,229336.75,620.4215636698254,229510.5625,23,15,93,6,1,0,-0.19509032201612872,0.9807852804032303,-0.7818314824680299,0.6234898018587334
2026-08-23 23:30:00,226059,227109.0,229639.0,232964.0,239247.0,228605.0,1078.0933787632548,229441.25,23,30,94,6,1,0,-0.13052619222005168,0.9914448613738104,-0.7818314824680299,0.6234898018587334
2026-08-23 23:45:00,225658,226059.0,229027.0,232502.0,238318.0,227710.0,1377.8867878021933,229369.32291666666,23,45,95,6,1,0,-0.0654031292301428,0.9978589232386035,-0.7818314824680299,0.6234898018587334
2026-08-24 00:00:00,223674,225658.0,228645.0,231235.0,236506.0,226867.75,1333.4655038657154,229298.03125,0,0,0,0,0,0,0.0,1.0,0.0,1.0
2026-08-24 00:15:00,223162,223674.0,227109.0,230183.0,235690.0,225625.0,1437.3705159073838,229219.27083333334,0,15,1,0,0,0,0.06540312923014306,0.9978589232386035,0.0,1.0
2026-08-24 00:30:00,222052,223162.0,226059.0,228935.0,234531.0,224638.25,1433.8192296566542,229146.13541666666,0,30,2,0,0,0,0.13052619222005157,0.9914448613738104,0.0,1.0
2026-08-24 00:45:00,219622,222052.0,225658.0,228194.0,233416.0,223636.5,1508.1621265632743,229074.4375,0,45,3,0,0,0,0.19509032201612825,0.9807852804032304,0.0,1.0
2026-08-24 01:00:00,218006,219622.0,223674.0,227073.0,231451.0,222127.5,1802.321003595043,228985.14583333334,1,0,4,0,0,0,0.25881904510252074,0.9659258262890683,0.0,1.0
2026-08-24 01:15:00,216278,218006.0,223162.0,225997.0,229373.0,220710.5,2331.5679273827395,228890.69791666666,1,15,5,0,0,0,0.3214394653031616,0.9469301294951057,0.0,1.0
2026-08-24 01:30:00,214851,216278.0,222052.0,225126.0,227616.0,218989.5,2456.1804358257546,228789.45833333334,1,30,6,0,0,0,0.3826834323650898,0.9238795325112867,0.0,1.0
2026-08-24 01:45:00,213443,214851.0,219622.0,223909.0,226333.0,217189.25,2072.288811113574,228682.42708333334,1,45,7,0,0,0,0.44228869021900125,0.8968727415326884,0.0,1.0
2026-08-24 02:00:00,211796,213443.0,218006.0,223196.0,224757.0,215644.5,1953.991555764727,228573.40625,2,0,8,0,0,0,0.49999999999999994,0.8660254037844387,0.0,1.0
2026-08-24 02:15:00,210213,211796.0,216278.0,222517.0,223435.0,214092.0,1918.983585130387,228454.65625,2,15,9,0,0,0,0.5555702330196022,0.8314696123025452,0.0,1.0
2026-08-24 02:30:00,208970,210213.0,214851.0,221554.0,222153.0,212575.75,2009.9322335176432,228326.48958333334,2,30,10,0,0,0,0.6087614290087207,0.7933533402912352,0.0,1.0
2026-08-24 02:45:00,209530,208970.0,213443.0,221128.0,221613.0,211105.5,1940.5852210093487,228195.40625,2,45,11,0,0,0,0.6593458151000688,0.7518398074789774,0.0,1.0
2026-08-24 03:00:00,209041,209530.0,211796.0,220715.0,221059.0,210127.25,1223.1127980143854,228074.59375,3,0,12,0,0,0,0.7071067811865476,0.7071067811865476,0.0,1.0
2026-08-24 03:15:00,208968,209041.0,210213.0,220076.0,221077.0,209438.5,573.2134564597893,227952.98958333334,3,15,13,0,0,0,0.7518398074789774,0.6593458151000688,0.0,1.0
2026-08-24 03:30:00,208144,208968.0,208970.0,219623.0,220342.0,209127.25,270.6379808278613,227837.28125,3,30,14,0,0,0,0.7933533402912352,0.6087614290087207,0.0,1.0
2026-08-24 03:45:00,207864,208144.0,209530.0,219517.0,218950.0,208920.75,574.8097511350283,227717.70833333334,3,45,15,0,0,0,0.8314696123025451,0.5555702330196024,0.0,1.0
2026-08-24 04:00:00,207326,207864.0,209041.0,218422.0,218134.0,208504.25,589.5944227460453,227596.32291666666,4,0,16,0,0,0,0.8660254037844386,0.5000000000000001,0.0,1.0
2026-08-24 04:15:00,208632,207326.0,208968.0,219186.0,219023.0,208075.5,685.0136251685655,227480.73958333334,4,15,17,0,0,0,0.8968727415326884,0.44228869021900125,0.0,1.0
2026-08-24 04:30:00,208764,208632.0,208144.0,219613.0,219063.0,207991.5,545.4792999432517,227370.80208333334,4,30,18,0,0,0,0.9238795325112867,0.38268343236508984,0.0,1.0
2026-08-24 04:45:00,209625,208764.0,207864.0,220103.0,219516.0,208146.5,675.7817695084078,227257.79166666666,4,45,19,0,0,0,0.9469301294951056,0.3214394653031617,0.0,1.0
2026-08-24 05:00:00,209996,209625.0,207326.0,220504.0,220393.0,208586.75,948.8446922441623,227148.64583333334,5,0,20,0,0,0,0.9659258262890683,0.25881904510252074,0.0,1.0
2026-08-24 05:15:00,212784,209996.0,208632.0,221042.0,221951.0,209254.25,662.1149824614445,227039.1875,5,15,21,0,0,0,0.9807852804032304,0.19509032201612833,0.0,1.0
2026-08-24 05:30:00,215155,212784.0,208764.0,221568.0,223832.0,210292.25,1739.478154504945,226953.16666666666,5,30,22,0,0,0,0.9914448613738104,0.1305261922200517,0.0,1.0
2026-08-24 05:45:00,215790,215155.0,209625.0,222342.0,225313.0,211890.0,2593.384018356443,226886.36458333334,5,45,23,0,0,0,0.9978589232386035,0.06540312923014327,0.0,1.0
2026-08-24 06:00:00,217790,215790.0,209996.0,221511.0,225841.0,213431.25,2630.2655601035062,226818.11458333334,6,0,24,0,0,0,1.0,6.123233995736766e-17,0.0,1.0
2026-08-24 06:15:00,219196,217790.0,212784.0,222589.0,227562.0,215379.75,2062.8492229599797,226779.35416666666,6,15,25,0,0,0,0.9978589232386035,-0.06540312923014314,0.0,1.0
2026-08-24 06:30:00,221810,219196.0,215155.0,223855.0,230372.0,216982.75,1854.135085873355,226744.01041666666,6,30,26,0,0,0,0.9914448613738104,-0.1305261922200516,0.0,1.0
2026-08-24 06:45:00,223452,221810.0,215790.0,223892.0,231604.0,218646.5,2530.0110012935897,226722.70833333334,6,45,27,0,0,0,0.9807852804032304,-0.1950903220161282,0.0,1.0
2026-08-24 07:00:00,225190,223452.0,217790.0,223754.0,231179.0,220562.0,2546.8636922039254,226718.125,7,0,28,0,0,0,0.9659258262890683,-0.25881904510252063,0.0,1.0
2026-08-24 07:15:00,226398,225190.0,219196.0,225882.0,232391.0,222412.0,2549.767571106553,226733.08333333334,7,15,29,0,0,0,0.9469301294951057,-0.3214394653031616,0.0,1.0
2026-08-24 07:30:00,228176,226398.0,221810.0,225513.0,231860.0,224212.5,2006.8452024674475,226738.45833333334,7,30,30,0,0,0,0.9238795325112868,-0.3826834323650895,0.0,1.0
2026-08-24 07:45:00,229012,228176.0,223452.0,225898.0,231558.0,225804.0,1990.6548336330425,226766.19791666666,7,45,31,0,0,0,0.8968727415326884,-0.44228869021900113,0.0,1.0
2026-08-24 08:00:00,228406,229012.0,225190.0,225844.0,230671.0,227194.0,1724.2466954199435,226798.63541666666,8,0,32,0,0,0,0.8660254037844387,-0.4999999999999998,0.0,1.0
2026-08-24 08:15:00,232450,228406.0,226398.0,228480.0,234169.0,227998.0,1123.4387685435267,226825.32291666666,8,15,33,0,0,0,0.8314696123025451,-0.5555702330196023,0.0,1.0
2026-08-24 08:30:00,235330,232450.0,228176.0,231987.0,236342.0,229511.0,1990.8098854486116,226866.67708333334,8,30,34,0,0,0,0.7933533402912352,-0.6087614290087207,0.0,1.0
2026-08-24 08:45:00,238394,235330.0,229012.0,234568.0,238713.0,231299.5,3223.5373427338973,226901.5,8,45,35,0,0,0,0.7518398074789774,-0.6593458151000688,0.0,1.0
2026-08-24 09:00:00,240484,238394.0,228406.0,235061.0,241104.0,233645.0,4253.1310819206965,226941.35416666666,9,0,36,0,0,0,0.7071067811865476,-0.7071067811865475,0.0,1.0
2026-08-24 09:15:00,245971,240484.0,232450.0,239010.0,246125.0,236664.5,3517.700527333145,226997.84375,9,15,37,0,0,0,0.659345815100069,-0.7518398074789773,0.0,1.0
2026-08-24 09:30:00,248109,245971.0,235330.0,239511.0,249622.0,240044.75,4482.083695113229,227070.35416666666,9,30,38,0,0,0,0.6087614290087209,-0.793353340291235,0.0,1.0
2026-08-24 09:45:00,249312,248109.0,238394.0,239696.0,249844.0,243239.5,4555.025539628345,227159.91666666666,9,45,39,0,0,0,0.5555702330196025,-0.831469612302545,0.0,1.0
2026-08-24 10:00:00,249145,249312.0,240484.0,239415.0,249902.0,245969.0,3908.9844375915823,227260.08333333334,10,0,40,0,0,0,0.49999999999999994,-0.8660254037844387,0.0,1.0
2026-08-24 10:15:00,249649,249145.0,245971.0,238944.0,250261.0,248134.25,1537.2051207737886,227361.4375,10,15,41,0,0,0,0.4422886902190017,-0.8968727415326881,0.0,1.0
2026-08-24 10:30:00,249730,249649.0,248109.0,238883.0,249865.0,249053.75,663.8008612024761,227472.94791666666,10,30,42,0,0,0,0.3826834323650899,-0.9238795325112867,0.0,1.0
2026-08-24 10:45:00,249367,249730.0,249312.0,239015.0,250179.0,249459.0,276.73452982925625,227585.9375,10,45,43,0,0,0,0.32143946530316175,-0.9469301294951056,0.0,1.0
2026-08-24 11:00:00,248609,249367.0,249145.0,239825.0,250756.0,249472.75,268.2317095345357,227693.77083333334,11,0,44,0,0,0,0.258819045102521,-0.9659258262890682,0.0,1.0
2026-08-24 11:15:00,248840,248609.0,249649.0,239995.0,250593.0,249338.75,510.772209502259,227785.27083333334,11,15,45,0,0,0,0.19509032201612816,-0.9807852804032304,0.0,1.0
2026-08-24 11:30:00,248525,248840.0,249730.0,240233.0,251591.0,249136.5,507.1295035128155,227877.40625,11,30,46,0,0,0,0.130526192220052,-0.9914448613738104,0.0,1.0
2026-08-24 11:45:00,247856,248525.0,249367.0,239894.0,251314.0,248835.25,378.6928174653152,227963.78125,11,45,47,0,0,0,0.06540312923014312,-0.9978589232386035,0.0,1.0
2026-08-24 12:00:00,247058,247856.0,248609.0,238336.0,250947.0,248457.5,422.5387556187226,228046.71875,12,0,48,0,0,0,1.2246467991473532e-16,-1.0,0.0,1.0
2026-08-24 12:15:00,245598,247058.0,248840.0,238135.0,250854.0,248069.75,789.4860670080369,228137.57291666666,12,15,49,0,0,0,-0.06540312923014287,-0.9978589232386035,0.0,1.0
2026-08-24 12:30:00,244995,245598.0,248525.0,238709.0,250924.0,247259.25,1259.4293350560874,228215.3125,12,30,50,0,0,0,-0.13052619222005177,-0.9914448613738104,0.0,1.0
2026-08-24 12:45:00,244426,244995.0,247856.0,238754.0,250335.0,246376.75,1312.4997460316556,228280.79166666666,12,45,51,0,0,0,-0.19509032201612792,-0.9807852804032305,0.0,1.0
2026-08-24 13:00:00,242910,244426.0,247058.0,238443.0,248550.0,245519.25,1131.9580012820643,228339.875,13,0,52,0,0,0,-0.2588190451025208,-0.9659258262890683,0.0,1.0
2026-08-24 13:15:00,239947,242910.0,245598.0,237327.0,246060.0,244482.25,1152.2361954043229,228386.40625,13,15,53,0,0,0,-0.32143946530316153,-0.9469301294951057,0.0,1.0
2026-08-24 13:30:00,241462,239947.0,244995.0,237313.0,246924.0,243069.5,2260.0213125838386,228413.69791666666,13,30,54,0,0,0,-0.38268343236508967,-0.9238795325112868,0.0,1.0
2026-08-24 13:45:00,242354,241462.0,244426.0,236745.0,248950.0,242186.25,1921.724290838786,228456.91666666666,13,45,55,0,0,0,-0.44228869021900147,-0.8968727415326883,0.0,1.0
2026-08-24 14:00:00,242923,242354.0,242910.0,236607.0,249985.0,241668.25,1293.2435643244066,228515.34375,14,0,56,0,0,0,-0.4999999999999997,-0.8660254037844388,0.0,1.0
2026-08-24 14:15:00,243427,242923.0,239947.0,236284.0,250611.0,241671.5,1297.4139663190886,228581.13541666666,14,15,57,0,0,0,-0.555570233019602,-0.8314696123025455,0.0,1.0
2026-08-24 14:30:00,244889,243427.0,241462.0,236682.0,253500.0,242541.5,842.6404927368615,228655.54166666666,14,30,58,0,0,0,-0.6087614290087207,-0.7933533402912352,0.0,1.0
2026-08-24 14:45:00,245995,244889.0,242354.0,236674.0,254728.0,243398.25,1086.1986850172236,228741.03125,14,45,59,0,0,0,-0.6593458151000688,-0.7518398074789774,0.0,1.0
2026-08-24 15:00:00,245598,245995.0,242923.0,236710.0,255594.0,244308.5,1399.7517637066237,228838.125,15,0,60,0,0,0,-0.7071067811865471,-0.7071067811865479,0.0,1.0
2026-08-24 15:15:00,244371,245598.0,243427.0,235387.0,255495.0,244977.25,1130.2225075915203,228930.70833333334,15,15,61,0,0,0,-0.7518398074789773,-0.6593458151000691,0.0,1.0
2026-08-24 15:30:00,245016,244371.0,244889.0,236340.0,256086.0,245213.25,724.2671583514359,229024.29166666666,15,30,62,0,0,0,-0.7933533402912349,-0.6087614290087209,0.0,1.0
2026-08-24 15:45:00,245264,245016.0,245995.0,233688.0,256023.0,245245.0,707.9138365647312,229114.66666666666,15,45,63,0,0,0,-0.8314696123025452,-0.5555702330196022,0.0,1.0
2026-08-24 16:00:00,245341,245264.0,245598.0,233410.0,254528.0,245062.25,518.8759485655478,229235.25,16,0,64,0,0,0,-0.8660254037844385,-0.5000000000000004,0.0,1.0
2026-08-24 16:15:00,241328,245341.0,244371.0,231979.0,251424.0,244998.0,440.4005752340283,229359.53125,16,15,65,0,0,0,-0.8968727415326883,-0.44228869021900136,0.0,1.0
2026-08-24 16:30:00,241482,241328.0,245016.0,230798.0,250398.0,244237.25,1944.4508007832092,229456.91666666666,16,30,66,0,0,0,-0.9238795325112868,-0.3826834323650895,0.0,1.0
2026-08-24 16:45:00,239842,241482.0,245264.0,228628.0,249098.0,243353.75,2251.320260795086,229568.20833333334,16,45,67,0,0,0,-0.9469301294951056,-0.3214394653031618,0.0,1.0
2026-08-24 17:00:00,239348,239842.0,245341.0,226543.0,247242.0,241998.25,2347.9878442331114,229685.02083333334,17,0,68,0,0,0,-0.9659258262890683,-0.25881904510252063,0.0,1.0
2026-08-24 17:15:00,236271,239348.0,241328.0,222502.0,241916.0,240500.0,1066.1419542755339,229818.40625,17,15,69,0,0,0,-0.9807852804032303,-0.19509032201612866,0.0,1.0
2026-08-24 17:30:00,235988,236271.0,241482.0,220268.0,240604.0,239235.75,2176.811180756488,229961.83333333334,17,30,70,0,0,0,-0.9914448613738104,-0.13052619222005163,0.0,1.0
2026-08-24 17:45:00,235602,235988.0,239842.0,219710.0,239748.0,237862.25,2014.2618788693921,230125.58333333334,17,45,71,0,0,0,-0.9978589232386035,-0.06540312923014273,0.0,1.0
2026-08-24 18:00:00,235554,235602.0,239348.0,218707.0,238812.0,236802.25,1719.1735175173944,230291.125,18,0,72,0,0,0,-1.0,-1.8369701987210297e-16,0.0,1.0
2026-08-24 18:15:00,235379,235554.0,236271.0,218914.0,236673.0,235853.75,339.2878571357784,230466.61458333334,18,15,73,0,0,0,-0.9978589232386036,0.06540312923014237,0.0,1.0
2026-08-24 18:30:00,236343,235379.0,235988.0,221491.0,237776.0,235630.75,256.72472287085935,230638.125,18,30,74,0,0,0,-0.9914448613738105,0.13052619222005127,0.0,1.0
2026-08-24 18:45:00,237926,236343.0,235602.0,223882.0,239584.0,235719.5,426.5712132807218,230792.83333333334,18,45,75,0,0,0,-0.9807852804032304,0.1950903220161283,0.0,1.0
2026-08-24 19:00:00,237721,237926.0,235554.0,226294.0,241070.0,236300.5,1161.9639982947517,230939.125,19,0,76,0,0,0,-0.9659258262890684,0.2588190451025203,0.0,1.0
2026-08-24 19:15:00,239452,237721.0,235379.0,229708.0,242163.0,236842.25,1202.3680454280438,231058.15625,19,15,77,0,0,0,-0.9469301294951057,0.3214394653031615,0.0,1.0
2026-08-24 19:30:00,239172,239452.0,236343.0,231395.0,241689.0,237860.5,1272.7174339445714,231159.65625,19,30,78,0,0,0,-0.923879532511287,0.38268343236508917,0.0,1.0
2026-08-24 19:45:00,239103,239172.0,237926.0,232029.0,240987.0,238567.75,870.9850266603023,231240.66666666666,19,45,79,0,0,0,-0.8968727415326884,0.442288690219001,0.0,1.0
2026-08-24 20:00:00,237757,239103.0,237721.0,231598.0,240193.0,238862.0,775.4916719946882,231314.35416666666,20,0,80,0,0,0,-0.8660254037844386,0.5000000000000001,0.0,1.0
2026-08-24 20:15:00,236501,237757.0,239452.0,230336.0,239803.0,238871.0,757.8438713436409,231378.51041666666,20,15,81,0,0,0,-0.8314696123025455,0.5555702330196018,0.0,1.0
2026-08-24 20:30:00,236605,236501.0,239172.0,230916.0,238275.0,238133.25,1268.2298358998094,231442.72916666666,20,30,82,0,0,0,-0.7933533402912357,0.6087614290087199,0.0,1.0
2026-08-24 20:45:00,236322,236605.0,239103.0,231445.0,238355.0,237491.5,1215.7843832960093,231501.98958333334,20,45,83,0,0,0,-0.7518398074789772,0.6593458151000691,0.0,1.0
2026-08-24 21:00:00,235373,236322.0,237757.0,230209.0,236368.0,236796.25,651.0767363886258,231552.79166666666,21,0,84,0,0,0,-0.7071067811865477,0.7071067811865474,0.0,1.0
2026-08-24 21:15:00,235151,235373.0,236501.0,230063.0,236756.0,236200.25,563.7489837387418,231606.58333333334,21,15,85,0,0,0,-0.6593458151000687,0.7518398074789775,0.0,1.0
2026-08-24 21:30:00,235364,235151.0,236605.0,230031.0,236915.0,235862.75,709.0577668049791,231659.58333333334,21,30,86,0,0,0,-0.608761429008721,0.7933533402912349,0.0,1.0
2026-08-24 21:45:00,235197,235364.0,236322.0,229515.0,236857.0,235552.5,523.1586757378687,231715.13541666666,21,45,87,0,0,0,-0.555570233019603,0.8314696123025447,0.0,1.0
2026-08-24 22:00:00,233774,235197.0,235373.0,228920.0,236341.0,235271.25,113.91334425694166,231774.32291666666,22,0,88,0,0,0,-0.5000000000000004,0.8660254037844384,0.0,1.0
2026-08-24 22:15:00,235117,233774.0,235151.0,230036.0,236227.0,234871.5,737.3676152366636,231824.88541666666,22,15,89,0,0,0,-0.4422886902190014,0.8968727415326883,0.0,1.0
2026-08-24 22:30:00,234983,235117.0,235364.0,229639.0,235623.0,234863.0,733.256208065415,231877.8125,22,30,90,0,0,0,-0.38268343236508956,0.9238795325112868,0.0,1.0
2026-08-24 22:45:00,233507,234983.0,235197.0,229027.0,235521.0,234767.75,668.3568782218607,231933.47916666666,22,45,91,0,0,0,-0.32143946530316186,0.9469301294951056,0.0,1.0
2026-08-24 23:00:00,232013,233507.0,233774.0,228645.0,234122.0,234345.25,822.8634455362569,231980.14583333334,23,0,92,0,0,0,-0.25881904510252157,0.9659258262890681,0.0,1.0
2026-08-24 23:15:00,231032,232013.0,235117.0,227109.0,233763.0,233905.0,1457.0627989211023,232015.22916666666,23,15,93,0,0,0,-0.19509032201612872,0.9807852804032303,0.0,1.0
2026-08-24 23:30:00,229630,231032.0,234983.0,226059.0,232964.0,232883.75,1730.3636178560264,232056.09375,23,30,94,0,0,0,-0.13052619222005168,0.9914448613738104,0.0,1.0
2026-08-24 23:45:00,228554,229630.0,233507.0,225658.0,232502.0,231545.5,1632.8769090166584,232093.29166666666,23,45,95,0,0,0,-0.0654031292301428,0.9978589232386035,0.0,1.0
2026-08-25 00:00:00,225977,228554.0,232013.0,223674.0,231235.0,230307.25,1523.963992356704,232123.45833333334,0,0,0,1,0,0,0.0,1.0,0.7818314824680298,0.6234898018587336
2026-08-25 00:15:00,225158,225977.0,231032.0,223162.0,230183.0,228798.25,2137.019478151701,232147.44791666666,0,15,1,1,0,0,0.06540312923014306,0.9978589232386035,0.7818314824680298,0.6234898018587336
2026-08-25 00:30:00,223863,225158.0,229630.0,222052.0,228935.0,227329.75,2108.425063880563,232168.23958333334,0,30,2,1,0,0,0.13052619222005157,0.9914448613738104,0.7818314824680298,0.6234898018587336
2026-08-25 00:45:00,221759,223863.0,228554.0,219622.0,228194.0,225888.0,1978.972965959807,232187.10416666666,0,45,3,1,0,0,0.19509032201612825,0.9807852804032304,0.7818314824680298,0.6234898018587336
2026-08-25 01:00:00,219821,221759.0,225977.0,218006.0,227073.0,224189.25,1839.1194224410146,232209.36458333334,1,0,4,1,0,0,0.25881904510252074,0.9659258262890683,0.7818314824680298,0.6234898018587336
2026-08-25 01:15:00,217965,219821.0,225158.0,216278.0,225997.0,222650.25,2349.3654994486888,232228.27083333334,1,15,5,1,0,0,0.3214394653031616,0.9469301294951057,0.7818314824680298,0.6234898018587336
2026-08-25 01:30:00,216249,217965.0,223863.0,214851.0,225126.0,220852.0,2535.5144119750407,232245.84375,1,30,6,1,0,0,0.3826834323650898,0.9238795325112867,0.7818314824680298,0.6234898018587336
2026-08-25 01:45:00,215559,216249.0,221759.0,213443.0,223909.0,218948.5,2374.4991752647875,232260.40625,1,45,7,1,0,0,0.44228869021900125,0.8968727415326884,0.7818314824680298,0.6234898018587336
2026-08-25 02:00:00,213762,215559.0,219821.0,211796.0,223196.0,217398.5,1905.6529064863328,232282.44791666666,2,0,8,1,0,0,0.49999999999999994,0.8660254037844387,0.7818314824680298,0.6234898018587336
2026-08-25 02:15:00,212512,213762.0,217965.0,210213.0,222517.0,215883.75,1738.9934588720591,232302.92708333334,2,15,9,1,0,0,0.5555702330196022,0.8314696123025452,0.7818314824680298,0.6234898018587336
2026-08-25 02:30:00,211961,212512.0,216249.0,208970.0,221554.0,214520.5,1700.5478528991202,232326.875,2,30,10,1,0,0,0.6087614290087207,0.7933533402912352,0.7818314824680298,0.6234898018587336
2026-08-25 02:45:00,212668,211961.0,215559.0,209530.0,221128.0,213448.5,1596.0556590127064,232358.03125,2,45,11,1,0,0,0.6593458151000688,0.7518398074789774,0.7818314824680298,0.6234898018587336
2026-08-25 03:00:00,212053,212668.0,213762.0,209041.0,220715.0,212725.75,754.4712828640229,232390.71875,3,0,12,1,0,0,0.7071067811865476,0.7071067811865476,0.7818314824680298,0.6234898018587336
2026-08-25 03:15:00,211724,212053.0,212512.0,208968.0,220076.0,212298.5,344.6200806682947,232422.09375,3,15,13,1,0,0,0.7518398074789774,0.6593458151000688,0.7818314824680298,0.6234898018587336
2026-08-25 03:30:00,210844,211724.0,211961.0,208144.0,219623.0,212101.5,402.2938395416429,232450.80208333334,3,30,14,1,0,0,0.7933533402912352,0.6087614290087207,0.7818314824680298,0.6234898018587336
2026-08-25 03:45:00,210275,210844.0,212668.0,207864.0,219517.0,211822.25,760.5184087185704,232478.92708333334,3,45,15,1,0,0,0.8314696123025451,0.5555702330196024,0.7818314824680298,0.6234898018587336
2026-08-25 04:00:00,209879,210275.0,212053.0,207326.0,218422.0,211224.0,812.8636622049024,232504.04166666666,4,0,16,1,0,0,0.8660254037844386,0.5000000000000001,0.7818314824680298,0.6234898018587336
2026-08-25 04:15:00,210882,209879.0,211724.0,208632.0,219186.0,210680.5,800.5117113445793,232530.63541666666,4,15,17,1,0,0,0.8968727415326884,0.44228869021900125,0.7818314824680298,0.6234898018587336
2026-08-25 04:30:00,210469,210882.0,210844.0,208764.0,219613.0,210470.0,481.98409378992136,232554.07291666666,4,30,18,1,0,0,0.9238795325112867,0.38268343236508984,0.7818314824680298,0.6234898018587336
2026-08-25 04:45:00,211312,210469.0,210275.0,209625.0,220103.0,210376.25,417.09101724502847,232571.83333333334,4,45,19,1,0,0,0.9469301294951056,0.3214394653031617,0.7818314824680298,0.6234898018587336
2026-08-25 05:00:00,211241,211312.0,209879.0,209996.0,220504.0,210635.5,610.5814169023593,232589.40625,5,0,20,1,0,0,0.9659258262890683,0.25881904510252074,0.7818314824680298,0.6234898018587336
2026-08-25 05:15:00,213375,211241.0,210882.0,212784.0,221042.0,210976.0,386.87034865248575,232602.375,5,15,21,1,0,0,0.9807852804032304,0.19509032201612833,0.7818314824680298,0.6234898018587336
2026-08-25 05:30:00,216157,213375.0,210469.0,215155.0,221568.0,211599.25,1243.8661168576343,232608.53125,5,30,22,1,0,0,0.9914448613738104,0.1305261922200517,0.7818314824680298,0.6234898018587336
2026-08-25 05:45:00,217239,216157.0,211312.0,215790.0,222342.0,213021.25,2312.926915548023,232618.96875,5,45,23,1,0,0,0.9978589232386035,0.06540312923014327,0.7818314824680298,0.6234898018587336
2026-08-25 06:00:00,218402,217239.0,211241.0,217790.0,221511.0,214503.0,2716.274409308914,232634.0625,6,0,24,1,0,0,1.0,6.123233995736766e-17,0.7818314824680298,0.6234898018587336
2026-08-25 06:15:00,219922,218402.0,213375.0,219196.0,222589.0,216293.25,2150.6601118415883,232640.4375,6,15,25,1,0,0,0.9978589232386035,-0.06540312923014314,0.7818314824680298,0.6234898018587336
2026-08-25 06:30:00,220994,219922.0,216157.0,221810.0,223855.0,217930.0,1613.6767540825742,232648.0,6,30,26,1,0,0,0.9914448613738104,-0.1305261922200516,0.7818314824680298,0.6234898018587336
2026-08-25 06:45:00,223196,220994.0,217239.0,223452.0,223892.0,219139.25,1654.0135781384845,232639.5,6,45,27,1,0,0,0.9807852804032304,-0.1950903220161282,0.7818314824680298,0.6234898018587336
2026-08-25 07:00:00,225713,223196.0,218402.0,225190.0,223754.0,220628.5,2015.117118184405,232636.83333333334,7,0,28,1,0,0,0.9659258262890683,-0.25881904510252063,0.7818314824680298,0.6234898018587336
2026-08-25 07:15:00,228055,225713.0,219922.0,226398.0,225882.0,222456.25,2563.477374583173,232642.28125,7,15,29,1,0,0,0.9469301294951057,-0.3214394653031616,0.7818314824680298,0.6234898018587336
2026-08-25 07:30:00,229985,228055.0,220994.0,228176.0,225513.0,224489.5,3060.577559873273,232659.54166666666,7,30,30,1,0,0,0.9238795325112868,-0.3826834323650895,0.7818314824680298,0.6234898018587336
2026-08-25 07:45:00,230315,229985.0,223196.0,229012.0,225898.0,226737.25,2936.7717395125997,232678.38541666666,7,45,31,1,0,0,0.8968727415326884,-0.44228869021900113,0.7818314824680298,0.6234898018587336
2026-08-25 08:00:00,229090,230315.0,225713.0,228406.0,225844.0,228517.0,2118.4654823715864,232691.95833333334,8,0,32,1,0,0,0.8660254037844387,-0.4999999999999998,0.7818314824680298,0.6234898018587336
2026-08-25 08:15:00,232437,229090.0,228055.0,232450.0,228480.0,229361.25,1013.0101595409692,232699.08333333334,8,15,33,1,0,0,0.8314696123025451,-0.5555702330196023,0.7818314824680298,0.6234898018587336
2026-08-25 08:30:00,235098,232437.0,229985.0,235330.0,231987.0,230456.75,1417.9841031078465,232698.94791666666,8,30,34,1,0,0,0.7933533402912352,-0.6087614290087207,0.7818314824680298,0.6234898018587336
2026-08-25 08:45:00,238523,235098.0,230315.0,238394.0,234568.0,231735.0,2634.0714999153997,232696.53125,8,45,35,1,0,0,0.7518398074789774,-0.6593458151000688,0.7818314824680298,0.6234898018587336
2026-08-25 09:00:00,239385,238523.0,229090.0,240484.0,235061.0,233787.0,4001.3633509925767,232697.875,9,0,36,1,0,0,0.7071067811865476,-0.7071067811865475,0.7818314824680298,0.6234898018587336
2026-08-25 09:15:00,243870,239385.0,232437.0,245971.0,239010.0,236360.75,3204.7758501960634,232686.42708333334,9,15,37,1,0,0,0.659345815100069,-0.7518398074789773,0.7818314824680298,0.6234898018587336
2026-08-25 09:30:00,245058,243870.0,235098.0,248109.0,239511.0,239219.0,3611.3900370909714,232664.54166666666,9,30,38,1,0,0,0.6087614290087209,-0.793353340291235,0.7818314824680298,0.6234898018587336
2026-08-25 09:45:00,247098,245058.0,238523.0,249312.0,239696.0,241709.0,3237.143493884686,232632.76041666666,9,45,39,1,0,0,0.5555702330196025,-0.831469612302545,0.7818314824680298,0.6234898018587336
2026-08-25 10:00:00,247143,247098.0,239385.0,249145.0,239415.0,243852.75,3263.196937054206,232609.69791666666,10,0,40,1,0,0,0.49999999999999994,-0.8660254037844387,0.7818314824680298,0.6234898018587336
2026-08-25 10:15:00,246727,247143.0,243870.0,249649.0,238944.0,245792.25,1608.692714597773,232588.84375,10,15,41,1,0,0,0.4422886902190017,-0.8968727415326881,0.7818314824680298,0.6234898018587336
2026-08-25 10:30:00,246805,246727.0,245058.0,249730.0,238883.0,246506.5,983.493263830491,232558.40625,10,30,42,1,0,0,0.3826834323650899,-0.9238795325112867,0.7818314824680298,0.6234898018587336
2026-08-25 10:45:00,246461,246805.0,247098.0,249367.0,239015.0,246943.25,207.94610680000875,232527.9375,10,45,43,1,0,0,0.32143946530316175,-0.9469301294951056,0.7818314824680298,0.6234898018587336
2026-08-25 11:00:00,246618,246461.0,247143.0,248609.0,239825.0,246784.0,281.0100828557802,232497.66666666666,11,0,44,1,0,0,0.258819045102521,-0.9659258262890682,0.7818314824680298,0.6234898018587336
2026-08-25 11:15:00,246352,246618.0,246727.0,248840.0,239995.0,246652.75,149.07352771908802,232476.92708333334,11,15,45,1,0,0,0.19509032201612816,-0.9807852804032304,0.7818314824680298,0.6234898018587336
2026-08-25 11:30:00,246115,246352.0,246805.0,248525.0,240233.0,246559.0,197.0194575837973,232451.01041666666,11,30,46,1,0,0,0.130526192220052,-0.9914448613738104,0.7818314824680298,0.6234898018587336
2026-08-25 11:45:00,246189,246115.0,246461.0,247856.0,239894.0,246386.5,211.38038382644146,232425.90625,11,45,47,1,0,0,0.06540312923014312,-0.9978589232386035,0.7818314824680298,0.6234898018587336
2026-08-25 12:00:00,246604,246189.0,246618.0,247058.0,238336.0,246318.5,222.8639345728234,232408.54166666666,12,0,48,1,0,0,1.2246467991473532e-16,-1.0,0.7818314824680298,0.6234898018587336
2026-08-25 12:15:00,244722,246604.0,246352.0,245598.0,238135.0,246315.0,216.61486560240124,232403.8125,12,15,49,1,0,0,-0.06540312923014287,-0.9978589232386035,0.7818314824680298,0.6234898018587336
2026-08-25 12:30:00,243908,244722.0,246115.0,244995.0,238709.0,245907.5,819.1094757926292,232394.6875,12,30,50,1,0,0,-0.13052619222005177,-0.9914448613738104,0.7818314824680298,0.6234898018587336
2026-08-25 12:45:00,244045,243908.0,246189.0,244426.0,238754.0,245355.75,1258.3127261005566,232383.36458333334,12,45,51,1,0,0,-0.19509032201612792,-0.9807852804032305,0.7818314824680298,0.6234898018587336
2026-08-25 13:00:00,241918,244045.0,246604.0,242910.0,238443.0,244819.75,1241.5888678087504,232379.39583333334,13,0,52,1,0,0,-0.2588190451025208,-0.9659258262890683,0.7818314824680298,0.6234898018587336
2026-08-25 13:15:00,239343,241918.0,244722.0,239947.0,237327.0,243648.25,1207.1432875456892,232369.0625,13,15,53,1,0,0,-0.32143946530316153,-0.9469301294951057,0.7818314824680298,0.6234898018587336
2026-08-25 13:30:00,239047,239343.0,243908.0,241462.0,237313.0,242303.5,2200.031287656298,232362.77083333334,13,30,54,1,0,0,-0.38268343236508967,-0.9238795325112868,0.7818314824680298,0.6234898018587336
2026-08-25 13:45:00,240764,239047.0,244045.0,242354.0,236745.0,241088.25,2355.3807017125596,232337.61458333334,13,45,55,1,0,0,-0.44228869021900147,-0.8968727415326883,0.7818314824680298,0.6234898018587336
2026-08-25 14:00:00,241897,240764.0,241918.0,242923.0,236607.0,240268.0,1331.0374399943105,232321.05208333334,14,0,56,1,0,0,-0.4999999999999997,-0.8660254037844388,0.7818314824680298,0.6234898018587336
2026-08-25 14:15:00,242217,241897.0,239343.0,243427.0,236284.0,240262.75,1322.3732138343576,232310.36458333334,14,15,57,1,0,0,-0.555570233019602,-0.8314696123025455,0.7818314824680298,0.6234898018587336
2026-08-25 14:30:00,243834,242217.0,239047.0,244889.0,236682.0,240981.25,1432.2705459048584,232297.76041666666,14,30,58,1,0,0,-0.6087614290087207,-0.7933533402912352,0.7818314824680298,0.6234898018587336
2026-08-25 14:45:00,245420,243834.0,240764.0,245995.0,236674.0,242178.0,1267.8346369564924,232286.77083333334,14,45,59,1,0,0,-0.6593458151000688,-0.7518398074789774,0.7818314824680298,0.6234898018587336
2026-08-25 15:00:00,245960,245420.0,241897.0,245598.0,236710.0,243342.0,1624.1713784778347,232280.78125,15,0,60,1,0,0,-0.7071067811865471,-0.7071067811865479,0.7818314824680298,0.6234898018587336
2026-08-25 15:15:00,246064,245960.0,242217.0,244371.0,235387.0,244357.75,1688.4613064365042,232284.55208333334,15,15,61,1,0,0,-0.7518398074789773,-0.6593458151000691,0.7818314824680298,0.6234898018587336
2026-08-25 15:30:00,246584,246064.0,243834.0,245016.0,236340.0,245319.5,1029.7784551380894,232302.1875,15,30,62,1,0,0,-0.7933533402912349,-0.6087614290087209,0.7818314824680298,0.6234898018587336
2026-08-25 15:45:00,247072,246584.0,245420.0,245264.0,233688.0,246007.0,477.1289133975535,232318.52083333334,15,45,63,1,0,0,-0.8314696123025452,-0.5555702330196022,0.7818314824680298,0.6234898018587336
2026-08-25 16:00:00,246880,247072.0,245960.0,245341.0,233410.0,246420.0,513.2692600704502,232337.35416666666,16,0,64,1,0,0,-0.8660254037844385,-0.5000000000000004,0.7818314824680298,0.6234898018587336
2026-08-25 16:15:00,244600,246880.0,246064.0,241328.0,231979.0,246650.0,439.21748599063295,232353.38541666666,16,15,65,1,0,0,-0.8968727415326883,-0.44228869021900136,0.7818314824680298,0.6234898018587336
2026-08-25 16:30:00,243584,244600.0,246584.0,241482.0,230798.0,246284.0,1140.4700785202283,232387.46875,16,30,66,1,0,0,-0.9238795325112868,-0.3826834323650895,0.7818314824680298,0.6234898018587336
2026-08-25 16:45:00,242395,243584.0,247072.0,239842.0,228628.0,245534.0,1717.7520193555108,232409.36458333334,16,45,67,1,0,0,-0.9469301294951056,-0.3214394653031618,0.7818314824680298,0.6234898018587336
2026-08-25 17:00:00,242246,242395.0,246880.0,239348.0,226543.0,244364.75,1903.620300900352,232435.95833333334,17,0,68,1,0,0,-0.9659258262890683,-0.25881904510252063,0.7818314824680298,0.6234898018587336
2026-08-25 17:15:00,237974,242246.0,244600.0,236271.0,222502.0,243206.25,1105.3567674435665,232466.14583333334,17,15,69,1,0,0,-0.9807852804032303,-0.19509032201612866,0.7818314824680298,0.6234898018587336
2026-08-25 17:30:00,234293,237974.0,243584.0,235988.0,220268.0,241549.75,2457.869860265173,232483.88541666666,17,30,70,1,0,0,-0.9914448613738104,-0.13052619222005163,0.7818314824680298,0.6234898018587336
2026-08-25 17:45:00,234582,234293.0,242395.0,235602.0,219710.0,239227.0,3875.7773413858436,232466.22916666666,17,45,71,1,0,0,-0.9978589232386035,-0.06540312923014273,0.7818314824680298,0.6234898018587336
2026-08-25 18:00:00,234204,234582.0,242246.0,235554.0,218707.0,237273.75,3712.32221796545,232455.60416666666,18,0,72,1,0,0,-1.0,-1.8369701987210297e-16,0.7818314824680298,0.6234898018587336
2026-08-25 18:15:00,233074,234204.0,237974.0,235379.0,218914.0,235263.25,1814.3559692996496,232441.54166666666,18,15,73,1,0,0,-0.9978589232386036,0.06540312923014237,0.7818314824680298,0.6234898018587336
2026-08-25 18:30:00,235416,233074.0,234293.0,236343.0,221491.0,234038.25,662.7751629825854,232417.53125,18,30,74,1,0,0,-0.9914448613738105,0.13052619222005127,0.7818314824680298,0.6234898018587336
2026-08-25 18:45:00,237340,235416.0,234582.0,237926.0,223882.0,234319.0,972.2530534793517,232407.875,18,45,75,1,0,0,-0.9807852804032304,0.1950903220161283,0.7818314824680298,0.6234898018587336
2026-08-25 19:00:00,238946,237340.0,234204.0,237721.0,226294.0,235008.5,1824.9620087369628,232401.77083333334,19,0,76,1,0,0,-0.9659258262890684,0.2588190451025203,0.7818314824680298,0.6234898018587336
2026-08-25 19:15:00,241086,238946.0,233074.0,239452.0,229708.0,236194.0,2531.567630277057,232414.53125,19,15,77,1,0,0,-0.9469301294951057,0.3214394653031615,0.7818314824680298,0.6234898018587336
2026-08-25 19:30:00,241245,241086.0,235416.0,239172.0,231395.0,238197.0,2406.638873339038,232431.55208333334,19,30,78,1,0,0,-0.923879532511287,0.38268343236508917,0.7818314824680298,0.6234898018587336
2026-08-25 19:45:00,240951,241245.0,237340.0,239103.0,232029.0,239654.25,1865.276096631969,232453.14583333334,19,45,79,1,0,0,-0.8968727415326884,0.442288690219001,0.7818314824680298,0.6234898018587336
2026-08-25 20:00:00,239640,240951.0,238946.0,237757.0,231598.0,240557.0,1080.700698621009,232472.39583333334,20,0,80,1,0,0,-0.8660254037844386,0.5000000000000001,0.7818314824680298,0.6234898018587336
2026-08-25 20:15:00,237507,239640.0,241086.0,236501.0,230336.0,240730.5,736.8629451939735,232492.01041666666,20,15,81,1,0,0,-0.8314696123025455,0.5555702330196018,0.7818314824680298,0.6234898018587336
2026-08-25 20:30:00,237313,237507.0,241245.0,236605.0,230916.0,239835.75,1702.0735148635433,232502.48958333334,20,30,82,1,0,0,-0.7933533402912357,0.6087614290087199,0.7818314824680298,0.6234898018587336
2026-08-25 20:45:00,237376,237313.0,240951.0,236322.0,231445.0,238852.75,1751.5981987887337,232509.86458333334,20,45,83,1,0,0,-0.7518398074789772,0.6593458151000691,0.7818314824680298,0.6234898018587336
2026-08-25 21:00:00,236879,237376.0,239640.0,235373.0,230209.0,237959.0,1123.5761359753415,232520.84375,21,0,84,1,0,0,-0.7071067811865477,0.7071067811865474,0.7818314824680298,0.6234898018587336
2026-08-25 21:15:00,236039,236879.0,237507.0,235151.0,230063.0,237268.75,272.1082811430138,232536.53125,21,15,85,1,0,0,-0.6593458151000687,0.7518398074789775,0.7818314824680298,0.6234898018587336
2026-08-25 21:30:00,236478,236039.0,237313.0,235364.0,230031.0,236901.75,616.1425024564331,232545.78125,21,30,86,1,0,0,-0.608761429008721,0.7933533402912349,0.7818314824680298,0.6234898018587336
2026-08-25 21:45:00,235489,236478.0,237376.0,235197.0,229515.0,236693.0,570.0953136683435,232557.38541666666,21,45,87,1,0,0,-0.555570233019603,0.8314696123025447,0.7818314824680298,0.6234898018587336
2026-08-25 22:00:00,233911,235489.0,236879.0,233774.0,228920.0,236221.25,596.6463916480276,232560.42708333334,22,0,88,1,0,0,-0.5000000000000004,0.8660254037844384,0.7818314824680298,0.6234898018587336
2026-08-25 22:15:00,236095,233911.0,236039.0,235117.0,230036.0,235479.25,1121.0597293037563,232561.85416666666,22,15,89,1,0,0,-0.4422886902190014,0.8968727415326883,0.7818314824680298,0.6234898018587336
2026-08-25 22:30:00,235929,236095.0,236478.0,234983.0,229639.0,235493.25,1130.6883965089344,232572.04166666666,22,30,90,1,0,0,-0.38268343236508956,0.9238795325112868,0.7818314824680298,0.6234898018587336
2026-08-25 22:45:00,234688,235929.0,235489.0,233507.0,229027.0,235356.0,996.6885170402762,232581.89583333334,22,45,91,1,0,0,-0.32143946530316186,0.9469301294951056,0.7818314824680298,0.6234898018587336
2026-08-25 23:00:00,233037,234688.0,233911.0,232013.0,228645.0,235155.75,1040.5605460519553,232594.19791666666,23,0,92,1,0,0,-0.25881904510252157,0.9659258262890681,0.7818314824680298,0.6234898018587336
2026-08-25 23:15:00,232720,233037.0,236095.0,231032.0,227109.0,234937.25,1413.8633538405593,232604.86458333334,23,15,93,1,0,0,-0.19509032201612872,0.9807852804032303,0.7818314824680298,0.6234898018587336
2026-08-25 23:30:00,231404,232720.0,235929.0,229630.0,226059.0,234093.5,1497.2402390175343,232622.44791666666,23,30,94,1,0,0,-0.13052619222005168,0.9914448613738104,0.7818314824680298,0.6234898018587336
2026-08-25 23:45:00,230230,231404.0,234688.0,228554.0,225658.0,232962.25,1350.3862101882578,232640.92708333334,23,45,95,1,0,0,-0.0654031292301428,0.9978589232386035,0.7818314824680298,0.6234898018587336
2026-08-26 00:00:00,228341,230230.0,233037.0,225977.0,223674.0,231847.75,1289.594865322674,232658.38541666666,0,0,0,2,0,0,0.0,1.0,0.9749279121818236,-0.22252093395631434
2026-08-26 00:15:00,227630,228341.0,232720.0,225158.0,223162.0,230673.75,1858.2286143887904,232683.01041666666,0,15,1,2,0,0,0.06540312923014306,0.9978589232386035,0.9749279121818236,-0.22252093395631434
2026-08-26 00:30:00,226512,227630.0,231404.0,223863.0,222052.0,229401.25,1728.1291184399208,232708.76041666666,0,30,2,2,0,0,0.13052619222005157,0.9914448613738104,0.9749279121818236,-0.22252093395631434
2026-08-26 00:45:00,224731,226512.0,230230.0,221759.0,219622.0,228178.25,1561.3170455313018,232736.35416666666,0,45,3,2,0,0,0.19509032201612825,0.9807852804032304,0.9749279121818236,-0.22252093395631434
2026-08-26 01:00:00,222913,224731.0,228341.0,219821.0,218006.0,226803.5,1573.4502428315316,232767.3125,1,0,4,2,0,0,0.25881904510252074,0.9659258262890683,0.9749279121818236,-0.22252093395631434
2026-08-26 01:15:00,221133,222913.0,227630.0,217965.0,216278.0,225446.5,2068.2943858809376,232799.52083333334,1,15,5,2,0,0,0.3214394653031616,0.9469301294951057,0.9749279121818236,-0.22252093395631434
2026-08-26 01:30:00,219972,221133.0,226512.0,216249.0,214851.0,223822.25,2318.000772936294,232832.52083333334,1,30,6,2,0,0,0.3826834323650898,0.9238795325112867,0.9749279121818236,-0.22252093395631434
2026-08-26 01:45:00,218692,219972.0,224731.0,215559.0,213443.0,222187.25,2082.9588530101214,232871.30208333334,1,45,7,2,0,0,0.44228869021900125,0.8968727415326884,0.9749279121818236,-0.22252093395631434
2026-08-26 02:00:00,216905,218692.0,222913.0,213762.0,211796.0,220677.5,1793.0310463941375,232903.9375,2,0,8,2,0,0,0.49999999999999994,0.8660254037844387,0.9749279121818236,-0.22252093395631434
2026-08-26 02:15:00,215905,216905.0,221133.0,212512.0,210213.0,219175.5,1812.471700928487,232936.67708333334,2,15,9,2,0,0,0.5555702330196022,0.8314696123025452,0.9749279121818236,-0.22252093395631434
2026-08-26 02:30:00,215086,215905.0,219972.0,211961.0,208970.0,217868.5,1815.3538681663701,232972.02083333334,2,30,10,2,0,0,0.6087614290087207,0.7933533402912352,0.9749279121818236,-0.22252093395631434
2026-08-26 02:45:00,214930,215086.0,218692.0,212668.0,209530.0,216647.0,1553.0479709268313,233004.57291666666,2,45,11,2,0,0,0.6593458151000688,0.7518398074789774,0.9749279121818236,-0.22252093395631434
2026-08-26 03:00:00,214263,214930.0,216905.0,212053.0,209041.0,215706.5,906.2334136412967,233028.13541666666,3,0,12,2,0,0,0.7071067811865476,0.7071067811865476,0.9749279121818236,-0.22252093395631434
2026-08-26 03:15:00,213704,214263.0,215905.0,211724.0,208968.0,215046.0,674.7903378086838,233051.15625,3,15,13,2,0,0,0.7518398074789774,0.6593458151000688,0.9749279121818236,-0.22252093395631434
2026-08-26 03:30:00,213269,213704.0,215086.0,210844.0,208144.0,214495.75,637.1835816047201,233071.78125,3,30,14,2,0,0,0.7933533402912352,0.6087614290087207,0.9749279121818236,-0.22252093395631434
2026-08-26 03:45:00,212685,213269.0,214930.0,210275.0,207864.0,214041.5,718.599795899372,233097.04166666666,3,45,15,2,0,0,0.8314696123025451,0.5555702330196024,0.9749279121818236,-0.22252093395631434
2026-08-26 04:00:00,212051,212685.0,214263.0,209879.0,207326.0,213480.25,668.2840588651588,233122.14583333334,4,0,16,2,0,0,0.8660254037844386,0.5000000000000001,0.9749279121818236,-0.22252093395631434
2026-08-26 04:15:00,212561,212051.0,213704.0,210882.0,208632.0,212927.25,718.0141015328064,233144.77083333334,4,15,17,2,0,0,0.8968727415326884,0.44228869021900125,0.9749279121818236,-0.22252093395631434
2026-08-26 04:30:00,213133,212561.0,213269.0,210469.0,208764.0,212641.5,500.27292551163106,233162.26041666666,4,30,18,2,0,0,0.9238795325112867,0.38268343236508984,0.9749279121818236,-0.22252093395631434
2026-08-26 04:45:00,213144,213133.0,212685.0,211312.0,209625.0,212607.5,444.9760293168981,233190.01041666666,4,45,19,2,0,0,0.9469301294951056,0.3214394653031617,0.9749279121818236,-0.22252093395631434
2026-08-26 05:00:00,213362,213144.0,212051.0,211241.0,209996.0,212722.25,523.8214549506674,233209.09375,5,0,20,2,0,0,0.9659258262890683,0.25881904510252074,0.9749279121818236,-0.22252093395631434
2026-08-26 05:15:00,215158,213362.0,212561.0,213375.0,212784.0,213050.0,342.63196970894893,233231.1875,5,15,21,2,0,0,0.9807852804032304,0.19509032201612833,0.9749279121818236,-0.22252093395631434
2026-08-26 05:30:00,216717,215158.0,213133.0,216157.0,215155.0,213699.25,978.2008570158963,233249.76041666666,5,30,22,2,0,0,0.9914448613738104,0.1305261922200517,0.9749279121818236,-0.22252093395631434
2026-08-26 05:45:00,217842,216717.0,213144.0,217239.0,215790.0,214595.25,1677.8500876617775,233255.59375,5,45,23,2,0,0,0.9978589232386035,0.06540312923014327,0.9749279121818236,-0.22252093395631434
2026-08-26 06:00:00,218322,217842.0,213362.0,218402.0,217790.0,215769.75,1946.1929289427178,233261.875,6,0,24,2,0,0,1.0,6.123233995736766e-17,0.9749279121818236,-0.22252093395631434
2026-08-26 06:15:00,220155,218322.0,215158.0,219922.0,219196.0,217009.75,1405.8592568247918,233261.04166666666,6,15,25,2,0,0,0.9978589232386035,-0.06540312923014314,0.9749279121818236,-0.22252093395631434
2026-08-26 06:30:00,221758,220155.0,216717.0,220994.0,221810.0,218259.0,1431.8330908314545,233263.46875,6,30,26,2,0,0,0.9914448613738104,-0.1305261922200516,0.9749279121818236,-0.22252093395631434
2026-08-26 06:45:00,222997,221758.0,217842.0,223196.0,223452.0,219519.25,1794.6916866135966,233271.42708333334,6,45,27,2,0,0,0.9807852804032304,-0.1950903220161282,0.9749279121818236,-0.22252093395631434
2026-08-26 07:00:00,223796,222997.0,218322.0,225713.0,225190.0,220808.0,2024.9136607108157,233269.35416666666,7,0,28,2,0,0,0.9659258262890683,-0.25881904510252063,0.9749279121818236,-0.22252093395631434
2026-08-26 07:15:00,226286,223796.0,220155.0,228055.0,226398.0,222176.5,1587.1993153560215,233249.38541666666,7,15,29,2,0,0,0.9469301294951057,-0.3214394653031616,0.9749279121818236,-0.22252093395631434
2026-08-26 07:30:00,227233,226286.0,221758.0,229985.0,228176.0,223709.25,1911.5301680416333,233230.95833333334,7,30,30,2,0,0,0.9238795325112868,-0.3826834323650895,0.9749279121818236,-0.22252093395631434
2026-08-26 07:45:00,227535,227233.0,222997.0,230315.0,229012.0,225078.0,2006.4374730684453,233202.29166666666,7,45,31,2,0,0,0.8968727415326884,-0.44228869021900113,0.9749279121818236,-0.22252093395631434
2026-08-26 08:00:00,227221,227535.0,223796.0,229090.0,228406.0,226212.5,1696.5947267001136,233173.33333333334,8,0,32,2,0,0,0.8660254037844387,-0.4999999999999998,0.9749279121818236,-0.22252093395631434
2026-08-26 08:15:00,230680,227221.0,226286.0,232437.0,232450.0,227068.75,541.6778716789464,233153.86458333334,8,15,33,2,0,0,0.8314696123025451,-0.5555702330196023,0.9749279121818236,-0.22252093395631434
2026-08-26 08:30:00,234566,230680.0,227233.0,235098.0,235330.0,228167.25,1681.4542069292215,233135.5625,8,30,34,2,0,0,0.7933533402912352,-0.6087614290087207,0.9749279121818236,-0.22252093395631434
2026-08-26 08:45:00,238281,234566.0,227535.0,238523.0,238394.0,230000.5,3421.004774429095,233130.02083333334,8,45,35,2,0,0,0.7518398074789774,-0.6593458151000688,0.9749279121818236,-0.22252093395631434
2026-08-26 09:00:00,240136,238281.0,227221.0,239385.0,240484.0,232687.0,4786.393283743683,233127.5,9,0,36,2,0,0,0.7071067811865476,-0.7071067811865475,0.9749279121818236,-0.22252093395631434
2026-08-26 09:15:00,243859,240136.0,230680.0,243870.0,245971.0,235915.75,4188.867020647306,233135.32291666666,9,15,37,2,0,0,0.659345815100069,-0.7518398074789773,0.9749279121818236,-0.22252093395631434
2026-08-26 09:30:00,244886,243859.0,234566.0,245058.0,248109.0,239210.5,3868.6971536509077,233135.20833333334,9,30,38,2,0,0,0.6087614290087209,-0.793353340291235,0.9749279121818236,-0.22252093395631434
2026-08-26 09:45:00,246643,244886.0,238281.0,247098.0,249312.0,241790.5,3104.5543426821605,233133.41666666666,9,45,39,2,0,0,0.5555702330196025,-0.831469612302545,0.9749279121818236,-0.22252093395631434
2026-08-26 10:00:00,245853,246643.0,240136.0,247143.0,249145.0,243881.0,2748.5861820215814,233128.67708333334,10,0,40,2,0,0,0.49999999999999994,-0.8660254037844387,0.9749279121818236,-0.22252093395631434
2026-08-26 10:15:00,245882,245853.0,243859.0,246727.0,249649.0,245310.25,1205.1161423973326,233115.23958333334,10,15,41,2,0,0,0.4422886902190017,-0.8968727415326881,0.9749279121818236,-0.22252093395631434
2026-08-26 10:30:00,245535,245882.0,244886.0,246805.0,249730.0,245816.0,719.850447431012,233106.4375,10,30,42,2,0,0,0.3826834323650899,-0.9238795325112867,0.9749279121818236,-0.22252093395631434
2026-08-26 10:45:00,245772,245535.0,246643.0,246461.0,249367.0,245978.25,470.2179459214931,233093.20833333334,10,45,43,2,0,0,0.32143946530316175,-0.9469301294951056,0.9749279121818236,-0.22252093395631434
2026-08-26 11:00:00,245775,245772.0,245853.0,246618.0,248609.0,245760.5,157.37534749750165,233086.03125,11,0,44,2,0,0,0.258819045102521,-0.9659258262890682,0.9749279121818236,-0.22252093395631434
2026-08-26 11:15:00,245122,245775.0,245882.0,246352.0,248840.0,245741.0,146.55374440784243,233077.25,11,15,45,2,0,0,0.19509032201612816,-0.9807852804032304,0.9749279121818236,-0.22252093395631434
2026-08-26 11:30:00,244876,245122.0,245535.0,246115.0,248525.0,245551.0,307.30766342536793,233064.4375,11,30,46,2,0,0,0.130526192220052,-0.9914448613738104,0.9749279121818236,-0.22252093395631434
2026-08-26 11:45:00,244809,244876.0,245772.0,246189.0,247856.0,245386.25,458.29857443951767,233051.53125,11,45,47,2,0,0,0.06540312923014312,-0.9978589232386035,0.9749279121818236,-0.22252093395631434
2026-08-26 12:00:00,245355,244809.0,245775.0,246604.0,247058.0,245145.5,440.7134367514698,233037.15625,12,0,48,2,0,0,1.2246467991473532e-16,-1.0,0.9749279121818236,-0.22252093395631434
2026-08-26 12:15:00,245355,245355.0,245122.0,244722.0,245598.0,245040.5,249.13517080751726,233024.14583333334,12,15,49,2,0,0,-0.06540312923014287,-0.9978589232386035,0.9749279121818236,-0.22252093395631434
2026-08-26 12:30:00,245444,245355.0,244876.0,243908.0,244995.0,245098.75,297.1535798201948,233030.73958333334,12,30,50,2,0,0,-0.13052619222005177,-0.9914448613738104,0.9749279121818236,-0.22252093395631434
2026-08-26 12:45:00,244313,245444.0,244809.0,244045.0,244426.0,245240.75,290.8749731413084,233046.73958333334,12,45,51,2,0,0,-0.19509032201612792,-0.9807852804032305,0.9749279121818236,-0.22252093395631434
2026-08-26 13:00:00,242429,244313.0,245355.0,241918.0,242910.0,245116.75,537.4733326717605,233049.53125,13,0,52,2,0,0,-0.2588190451025208,-0.9659258262890683,0.9749279121818236,-0.22252093395631434
2026-08-26 13:15:00,240539,242429.0,245355.0,239343.0,239947.0,244385.25,1401.6063106307572,233054.85416666666,13,15,53,2,0,0,-0.32143946530316153,-0.9469301294951057,0.9749279121818236,-0.22252093395631434
2026-08-26 13:30:00,241558,240539.0,245444.0,239047.0,241462.0,243181.25,2156.2514347821225,233067.3125,13,30,54,2,0,0,-0.38268343236508967,-0.9238795325112868,0.9749279121818236,-0.22252093395631434
2026-08-26 13:45:00,242731,241558.0,244313.0,240764.0,242354.0,242209.75,1600.8242408209474,233093.46875,13,45,55,2,0,0,-0.44228869021900147,-0.8968727415326883,0.9749279121818236,-0.22252093395631434
2026-08-26 14:00:00,244466,242731.0,242429.0,241897.0,242923.0,241814.25,984.9322734753351,233113.95833333334,14,0,56,2,0,0,-0.4999999999999997,-0.8660254037844388,0.9749279121818236,-0.22252093395631434
2026-08-26 14:15:00,244746,244466.0,240539.0,242217.0,243427.0,242323.5,1685.9016380955584,233140.71875,14,15,57,2,0,0,-0.555570233019602,-0.8314696123025455,0.9749279121818236,-0.22252093395631434
2026-08-26 14:30:00,246449,244746.0,241558.0,243834.0,244889.0,243375.25,1504.0109430009513,233167.0625,14,30,58,2,0,0,-0.6087614290087207,-0.7933533402912352,0.9749279121818236,-0.22252093395631434
2026-08-26 14:45:00,248571,246449.0,242731.0,245420.0,245995.0,244598.0,1522.193373611451,233194.30208333334,14,45,59,2,0,0,-0.6593458151000688,-0.7518398074789774,0.9749279121818236,-0.22252093395631434
2026-08-26 15:00:00,248621,248571.0,244466.0,245960.0,245598.0,246058.0,1890.6663728255346,233227.125,15,0,60,2,0,0,-0.7071067811865471,-0.7071067811865479,0.9749279121818236,-0.22252093395631434
2026-08-26 15:15:00,248379,248621.0,244746.0,246064.0,244371.0,247096.75,1865.686357170806,233254.84375,15,15,61,2,0,0,-0.7518398074789773,-0.6593458151000691,0.9749279121818236,-0.22252093395631434
2026-08-26 15:30:00,248841,248379.0,246449.0,246584.0,245016.0,248005.0,1042.5647861563637,233278.95833333334,15,30,62,2,0,0,-0.7933533402912349,-0.6087614290087209,0.9749279121818236,-0.22252093395631434
2026-08-26 15:45:00,248711,248841.0,248571.0,247072.0,245264.0,248603.0,189.88417522252024,233302.46875,15,45,63,2,0,0,-0.8314696123025452,-0.5555702330196022,0.9749279121818236,-0.22252093395631434
2026-08-26 16:00:00,248610,248711.0,248621.0,246880.0,245341.0,248638.0,194.85721267961944,233319.54166666666,16,0,64,2,0,0,-0.8660254037844385,-0.5000000000000004,0.9749279121818236,-0.22252093395631434
2026-08-26 16:15:00,244470,248610.0,248379.0,244600.0,241328.0,248635.25,195.2543213348608,233337.5625,16,15,65,2,0,0,-0.8968727415326883,-0.44228869021900136,0.9749279121818236,-0.22252093395631434
2026-08-26 16:30:00,243925,244470.0,248841.0,243584.0,241482.0,247658.0,2127.435545439609,233336.20833333334,16,30,66,2,0,0,-0.9238795325112868,-0.3826834323650895,0.9749279121818236,-0.22252093395631434
2026-08-26 16:45:00,240747,243925.0,248711.0,242395.0,239842.0,246429.0,2586.631142367729,233339.76041666666,16,45,67,2,0,0,-0.9469301294951056,-0.3214394653031618,0.9749279121818236,-0.22252093395631434
2026-08-26 17:00:00,241714,240747.0,248610.0,242246.0,239348.0,244438.0,3229.7191828392656,233322.59375,17,0,68,2,0,0,-0.9659258262890683,-0.25881904510252063,0.9749279121818236,-0.22252093395631434
2026-08-26 17:15:00,238559,241714.0,244470.0,237974.0,236271.0,242714.0,1771.924189499451,233317.05208333334,17,15,69,2,0,0,-0.9807852804032303,-0.19509032201612866,0.9749279121818236,-0.22252093395631434
2026-08-26 17:30:00,237522,238559.0,243925.0,234293.0,235988.0,241236.25,2225.957078801522,233323.14583333334,17,30,70,2,0,0,-0.9914448613738104,-0.13052619222005163,0.9749279121818236,-0.22252093395631434
2026-08-26 17:45:00,237455,237522.0,240747.0,234582.0,235602.0,239635.5,1930.572367632616,233356.78125,17,45,71,2,0,0,-0.9978589232386035,-0.06540312923014273,0.9749279121818236,-0.22252093395631434
2026-08-26 18:00:00,236334,237455.0,241714.0,234204.0,235554.0,238812.5,1999.2632809779218,233386.70833333334,18,0,72,2,0,0,-1.0,-1.8369701987210297e-16,0.9749279121818236,-0.22252093395631434
2026-08-26 18:15:00,234227,236334.0,238559.0,233074.0,235379.0,237467.5,909.0876378728756,233408.89583333334,18,15,73,2,0,0,-0.9978589232386036,0.06540312923014237,0.9749279121818236,-0.22252093395631434
2026-08-26 18:30:00,236166,234227.0,237522.0,235416.0,236343.0,236384.5,1538.097634525609,233420.90625,18,30,74,2,0,0,-0.9914448613738105,0.13052619222005127,0.9749279121818236,-0.22252093395631434
2026-08-26 18:45:00,238531,236166.0,237455.0,237340.0,237926.0,236045.5,1340.5701523356686,233428.71875,18,45,75,2,0,0,-0.9807852804032304,0.1950903220161283,0.9749279121818236,-0.22252093395631434
2026-08-26 19:00:00,240155,238531.0,236334.0,238946.0,237721.0,236314.5,1760.0152461460707,233441.125,19,0,76,2,0,0,-0.9659258262890684,0.2588190451025203,0.9749279121818236,-0.22252093395631434
2026-08-26 19:15:00,242328,240155.0,234227.0,241086.0,239452.0,237269.75,2607.170289157694,233453.71875,19,15,77,2,0,0,-0.9469301294951057,0.3214394653031615,0.9749279121818236,-0.22252093395631434
2026-08-26 19:30:00,243207,242328.0,236166.0,241245.0,239172.0,239295.0,2602.116190078109,233466.65625,19,30,78,2,0,0,-0.923879532511287,0.38268343236508917,0.9749279121818236,-0.22252093395631434
2026-08-26 19:45:00,242315,243207.0,238531.0,240951.0,239103.0,241055.25,2115.9874566420785,233487.09375,19,45,79,2,0,0,-0.8968727415326884,0.442288690219001,0.9749279121818236,-0.22252093395631434
2026-08-26 20:00:00,240332,242315.0,240155.0,239640.0,237757.0,242001.25,1299.702113306464,233501.30208333334,20,0,80,2,0,0,-0.8660254037844386,0.5000000000000001,0.9749279121818236,-0.22252093395631434
2026-08-26 20:15:00,239282,240332.0,242328.0,237507.0,236501.0,242045.5,1216.2238006770338,233508.51041666666,20,15,81,2,0,0,-0.8314696123025455,0.5555702330196018,0.9749279121818236,-0.22252093395631434
2026-08-26 20:30:00,239275,239282.0,243207.0,237313.0,236605.0,241284.0,1795.8468754323023,233527.0,20,30,82,2,0,0,-0.7933533402912357,0.6087614290087199,0.9749279121818236,-0.22252093395631434
2026-08-26 20:45:00,240395,239275.0,242315.0,237376.0,236322.0,240301.0,1431.571863372553,233547.4375,20,45,83,2,0,0,-0.7518398074789772,0.6593458151000691,0.9749279121818236,-0.22252093395631434
2026-08-26 21:00:00,240365,240395.0,240332.0,236879.0,235373.0,239821.0,626.9593288244133,233578.88541666666,21,0,84,2,0,0,-0.7071067811865477,0.7071067811865474,0.9749279121818236,-0.22252093395631434
2026-08-26 21:15:00,241205,240365.0,239282.0,236039.0,235151.0,239829.25,636.0756637381742,233615.19791666666,21,15,85,2,0,0,-0.6593458151000687,0.7518398074789775,0.9749279121818236,-0.22252093395631434
2026-08-26 21:30:00,240008,241205.0,239275.0,236478.0,235364.0,240310.0,792.14897588772,233669.01041666666,21,30,86,2,0,0,-0.608761429008721,0.7933533402912349,0.9749279121818236,-0.22252093395631434
2026-08-26 21:45:00,239243,240008.0,240395.0,235489.0,235197.0,240493.25,506.0160570574451,233705.78125,21,45,87,2,0,0,-0.555570233019603,0.8314696123025447,0.9749279121818236,-0.22252093395631434
2026-08-26 22:00:00,238623,239243.0,240365.0,233911.0,233774.0,240205.25,814.4226482606949,233744.88541666666,22,0,88,2,0,0,-0.5000000000000004,0.8660254037844384,0.9749279121818236,-0.22252093395631434
2026-08-26 22:15:00,240358,238623.0,241205.0,236095.0,235117.0,239769.75,1111.9362616624944,233793.96875,22,15,89,2,0,0,-0.4422886902190014,0.8968727415326883,0.9749279121818236,-0.22252093395631434
2026-08-26 22:30:00,240582,240358.0,240008.0,235929.0,234983.0,239558.0,778.0209937184421,233838.375,22,30,90,2,0,0,-0.38268343236508956,0.9238795325112868,0.9749279121818236,-0.22252093395631434
2026-08-26 22:45:00,240035,240582.0,239243.0,234688.0,233507.0,239701.5,927.3002030985608,233886.84375,22,45,91,2,0,0,-0.32143946530316186,0.9469301294951056,0.9749279121818236,-0.22252093395631434
2026-08-26 23:00:00,238468,240035.0,238623.0,233037.0,232013.0,239899.5,880.121393142236,233942.54166666666,23,0,92,2,0,0,-0.25881904510252157,0.9659258262890681,0.9749279121818236,-0.22252093395631434
2026-08-26 23:15:00,236939,238468.0,240358.0,232720.0,231032.0,239860.75,955.2617006174959,233999.11458333334,23,15,93,2,0,0,-0.19509032201612872,0.9807852804032303,0.9749279121818236,-0.22252093395631434
2026-08-26 23:30:00,235122,236939.0,240582.0,231404.0,229630.0,239006.0,1643.6291146930412,234043.0625,23,30,94,2,0,0,-0.13052619222005168,0.9914448613738104,0.9749279121818236,-0.22252093395631434
2026-08-26 23:45:00,233283,235122.0,240035.0,230230.0,228554.0,237641.0,2101.8507717406146,234081.79166666666,23,45,95,2,0,0,-0.0654031292301428,0.9978589232386035,0.9749279121818236,-0.22252093395631434
2026-08-27 00:00:00,231518,233283.0,238468.0,228341.0,225977.0,235953.0,2244.762942198266,234113.59375,0,0,0,3,0,0,0.0,1.0,0.43388373911755823,-0.900968867902419
2026-08-27 00:15:00,230544,231518.0,236939.0,227630.0,225158.0,234215.5,2337.039223747275,234146.6875,0,15,1,3,0,0,0.06540312923014306,0.9978589232386035,0.43388373911755823,-0.900968867902419
2026-08-27 00:30:00,229512,230544.0,235122.0,226512.0,223863.0,232616.75,2018.5564767922442,234177.04166666666,0,30,2,3,0,0,0.13052619222005157,0.9914448613738104,0.43388373911755823,-0.900968867902419
2026-08-27 00:45:00,228204,229512.0,233283.0,224731.0,221759.0,231214.25,1604.0449650804383,234208.29166666666,0,45,3,3,0,0,0.19509032201612825,0.9807852804032304,0.43388373911755823,-0.900968867902419
2026-08-27 01:00:00,226533,228204.0,231518.0,222913.0,219821.0,229944.5,1420.2932795728818,234244.46875,1,0,4,3,0,0,0.25881904510252074,0.9659258262890683,0.43388373911755823,-0.900968867902419
2026-08-27 01:15:00,224318,226533.0,230544.0,221133.0,217965.0,228698.25,1732.2021388971589,234282.17708333334,1,15,5,3,0,0,0.3214394653031616,0.9469301294951057,0.43388373911755823,-0.900968867902419
2026-08-27 01:30:00,222948,224318.0,229512.0,219972.0,216249.0,227141.75,2242.81079228719,234315.35416666666,1,30,6,3,0,0,0.3826834323650898,0.9238795325112867,0.43388373911755823,-0.900968867902419
2026-08-27 01:45:00,221353,222948.0,228204.0,218692.0,215559.0,225500.75,2330.1309512557177,234346.35416666666,1,45,7,3,0,0,0.44228869021900125,0.8968727415326884,0.43388373911755823,-0.900968867902419
2026-08-27 02:00:00,220262,221353.0,226533.0,216905.0,213762.0,223788.0,2194.747517749257,234374.07291666666,2,0,8,3,0,0,0.49999999999999994,0.8660254037844387,0.43388373911755823,-0.900968867902419
2026-08-27 02:15:00,219050,220262.0,224318.0,215905.0,212512.0,222220.25,1781.1083393961542,234409.04166666666,2,15,9,3,0,0,0.5555702330196022,0.8314696123025452,0.43388373911755823,-0.900968867902419
2026-08-27 02:30:00,218385,219050.0,222948.0,215086.0,211961.0,220903.25,1656.2019552779564,234441.80208333334,2,30,10,3,0,0,0.6087614290087207,0.7933533402912352,0.43388373911755823,-0.900968867902419
2026-08-27 02:45:00,219221,218385.0,221353.0,214930.0,212668.0,219762.5,1314.5788932835162,234476.16666666666,2,45,11,3,0,0,0.6593458151000688,0.7518398074789774,0.43388373911755823,-0.900968867902419
2026-08-27 03:00:00,218153,219221.0,220262.0,214263.0,212053.0,219229.5,777.0733556105581,234520.86458333334,3,0,12,3,0,0,0.7071067811865476,0.7071067811865476,0.43388373911755823,-0.900968867902419
2026-08-27 03:15:00,217729,218153.0,219050.0,213704.0,211724.0,218702.25,513.9243621388833,234561.38541666666,3,15,13,3,0,0,0.7518398074789774,0.6593458151000688,0.43388373911755823,-0.900968867902419
2026-08-27 03:30:00,217215,217729.0,218385.0,213269.0,210844.0,218372.0,627.795083340518,234603.3125,3,30,14,3,0,0,0.7933533402912352,0.6087614290087207,0.43388373911755823,-0.900968867902419
2026-08-27 03:45:00,215985,217215.0,219221.0,212685.0,210275.0,218079.5,852.1805364278893,234644.41666666666,3,45,15,3,0,0,0.8314696123025451,0.5555702330196024,0.43388373911755823,-0.900968867902419
2026-08-27 04:00:00,215265,215985.0,218153.0,212051.0,209879.0,217270.5,938.9034384144757,234678.79166666666,4,0,16,3,0,0,0.8660254037844386,0.5000000000000001,0.43388373911755823,-0.900968867902419
2026-08-27 04:15:00,216741,215265.0,217729.0,212561.0,210882.0,216548.5,1125.8636684785,234712.27083333334,4,15,17,3,0,0,0.8968727415326884,0.44228869021900125,0.43388373911755823,-0.900968867902419
2026-08-27 04:30:00,216979,216741.0,217215.0,213133.0,210469.0,216301.5,856.7665959874167,234755.8125,4,30,18,3,0,0,0.9238795325112867,0.38268343236508984,0.43388373911755823,-0.900968867902419
2026-08-27 04:45:00,216954,216979.0,215985.0,213144.0,211312.0,216242.5,777.3345483122858,234795.875,4,45,19,3,0,0,0.9469301294951056,0.3214394653031617,0.43388373911755823,-0.900968867902419
2026-08-27 05:00:00,217687,216954.0,215265.0,213362.0,211241.0,216484.75,820.1489194041916,234835.5625,5,0,20,3,0,0,0.9659258262890683,0.25881904510252074,0.43388373911755823,-0.900968867902419
2026-08-27 05:15:00,219778,217687.0,216741.0,215158.0,213375.0,217090.25,411.91696169639647,234880.61458333334,5,15,21,3,0,0,0.9807852804032304,0.19509032201612833,0.43388373911755823,-0.900968867902419
2026-08-27 05:30:00,221490,219778.0,216979.0,216717.0,216157.0,217849.5,1329.813144768792,234928.73958333334,5,30,22,3,0,0,0.9914448613738104,0.1305261922200517,0.43388373911755823,-0.900968867902419
2026-08-27 05:45:00,222771,221490.0,216954.0,217842.0,217239.0,218977.25,2058.5916504574698,234978.45833333334,5,45,23,3,0,0,0.9978589232386035,0.06540312923014327,0.43388373911755823,-0.900968867902419
2026-08-27 06:00:00,223373,222771.0,217687.0,218322.0,218402.0,220431.5,2202.5004729473326,235029.80208333334,6,0,24,3,0,0,1.0,6.123233995736766e-17,0.43388373911755823,-0.900968867902419
2026-08-27 06:15:00,225236,223373.0,219778.0,220155.0,219922.0,221853.0,1590.651648434233,235082.41666666666,6,15,25,3,0,0,0.9978589232386035,-0.06540312923014314,0.43388373911755823,-0.900968867902419
2026-08-27 06:30:00,228114,225236.0,221490.0,221758.0,220994.0,223217.5,1558.0052417540908,235135.34375,6,30,26,3,0,0,0.9914448613738104,-0.1305261922200516,0.43388373911755823,-0.900968867902419
2026-08-27 06:45:00,229725,228114.0,222771.0,222997.0,223196.0,224873.5,2401.683645556426,235201.55208333334,6,45,27,3,0,0,0.9807852804032304,-0.1950903220161282,0.43388373911755823,-0.900968867902419
2026-08-27 07:00:00,230102,229725.0,223373.0,223796.0,225713.0,226612.0,2847.880498429172,235271.63541666666,7,0,28,3,0,0,0.9659258262890683,-0.25881904510252063,0.43388373911755823,-0.900968867902419
2026-08-27 07:15:00,232434,230102.0,225236.0,226286.0,228055.0,228294.25,2213.623631815762,235337.32291666666,7,15,29,3,0,0,0.9469301294951057,-0.3214394653031616,0.43388373911755823,-0.900968867902419
2026-08-27 07:30:00,232331,232434.0,228114.0,227233.0,229985.0,230093.75,1782.5286112710476,235401.36458333334,7,30,30,3,0,0,0.9238795325112868,-0.3826834323650895,0.43388373911755823,-0.900968867902419
2026-08-27 07:45:00,231799,232331.0,229725.0,227535.0,230315.0,231148.0,1434.3790758837893,235454.46875,7,45,31,3,0,0,0.8968727415326884,-0.44228869021900113,0.43388373911755823,-0.900968867902419
2026-08-27 08:00:00,231736,231799.0,230102.0,227221.0,229090.0,231666.5,1079.4802761822755,235498.88541666666,8,0,32,3,0,0,0.8660254037844387,-0.4999999999999998,0.43388373911755823,-0.900968867902419
2026-08-27 08:15:00,234181,231736.0,232434.0,230680.0,232437.0,232075.0,358.4754756835695,235545.91666666666,8,15,33,3,0,0,0.8314696123025451,-0.5555702330196023,0.43388373911755823,-0.900968867902419
2026-08-27 08:30:00,236547,234181.0,232331.0,234566.0,235098.0,232511.75,1144.3872814741915,235582.38541666666,8,30,34,3,0,0,0.7933533402912352,-0.6087614290087207,0.43388373911755823,-0.900968867902419
2026-08-27 08:45:00,239061,236547.0,231799.0,238281.0,238523.0,233565.75,2290.2528790506717,235603.02083333334,8,45,35,3,0,0,0.7518398074789774,-0.6593458151000688,0.43388373911755823,-0.900968867902419
2026-08-27 09:00:00,241387,239061.0,231736.0,240136.0,239385.0,235381.25,3142.6093590093633,235611.14583333334,9,0,36,3,0,0,0.7071067811865476,-0.7071067811865475,0.43388373911755823,-0.900968867902419
2026-08-27 09:15:00,244326,241387.0,234181.0,243859.0,243870.0,237794.0,3115.751166786786,235624.17708333334,9,15,37,3,0,0,0.659345815100069,-0.7518398074789773,0.43388373911755823,-0.900968867902419
2026-08-27 09:30:00,245471,244326.0,236547.0,244886.0,245058.0,240330.25,3316.9622020758484,235629.04166666666,9,30,38,3,0,0,0.6087614290087209,-0.793353340291235,0.43388373911755823,-0.900968867902419
2026-08-27 09:45:00,246955,245471.0,239061.0,246643.0,247098.0,242561.25,2898.9423789834987,235635.13541666666,9,45,39,3,0,0,0.5555702330196025,-0.831469612302545,0.43388373911755823,-0.900968867902419
2026-08-27 10:00:00,247122,246955.0,241387.0,245853.0,247143.0,244534.75,2358.394987415489,235638.38541666666,10,0,40,3,0,0,0.49999999999999994,-0.8660254037844387,0.43388373911755823,-0.900968867902419
2026-08-27 10:15:00,246963,247122.0,244326.0,245882.0,246727.0,245968.5,1322.75684336408,235651.60416666666,10,15,41,3,0,0,0.4422886902190017,-0.8968727415326881,0.43388373911755823,-0.900968867902419
2026-08-27 10:30:00,245692,246963.0,245471.0,245535.0,246805.0,246627.75,774.9922042617624,235662.86458333334,10,30,42,3,0,0,0.3826834323650899,-0.9238795325112867,0.43388373911755823,-0.900968867902419
2026-08-27 10:45:00,245448,245692.0,246955.0,245772.0,246461.0,246683.0,665.1280578453832,235664.5,10,45,43,3,0,0,0.32143946530316175,-0.9469301294951056,0.43388373911755823,-0.900968867902419
2026-08-27 11:00:00,247448,245448.0,247122.0,245775.0,246618.0,246306.25,858.4219533538513,235661.125,11,0,44,3,0,0,0.258819045102521,-0.9659258262890682,0.43388373911755823,-0.900968867902419
2026-08-27 11:15:00,248354,247448.0,246963.0,245122.0,246352.0,246387.75,969.921087855351,235678.55208333334,11,15,45,3,0,0,0.19509032201612816,-0.9807852804032304,0.43388373911755823,-0.900968867902419
2026-08-27 11:30:00,248203,248354.0,245692.0,244876.0,246115.0,246735.5,1399.2553972261487,235712.21875,11,30,46,3,0,0,0.130526192220052,-0.9914448613738104,0.43388373911755823,-0.900968867902419
2026-08-27 11:45:00,249382,248203.0,245448.0,244809.0,246189.0,247363.25,1336.9281643628058,235746.875,11,45,47,3,0,0,0.06540312923014312,-0.9978589232386035,0.43388373911755823,-0.900968867902419
2026-08-27 12:00:00,248538,249382.0,247448.0,245355.0,246604.0,248346.75,795.8665612608547,235794.51041666666,12,0,48,3,0,0,1.2246467991473532e-16,-1.0,0.43388373911755823,-0.900968867902419
2026-08-27 12:15:00,246951,248538.0,248354.0,245355.0,244722.0,248619.25,526.6278730436783,235827.66666666666,12,15,49,3,0,0,-0.06540312923014287,-0.9978589232386035,0.43388373911755823,-0.900968867902419
2026-08-27 12:30:00,245641,246951.0,248203.0,245444.0,243908.0,248268.5,1008.7300596954428,235844.29166666666,12,30,50,3,0,0,-0.13052619222005177,-0.9914448613738104,0.43388373911755823,-0.900968867902419
2026-08-27 12:45:00,246344,245641.0,249382.0,244313.0,244045.0,247628.0,1664.4432502591303,235846.34375,12,45,51,3,0,0,-0.19509032201612792,-0.9807852804032305,0.43388373911755823,-0.900968867902419
2026-08-27 13:00:00,244852,246344.0,248538.0,242429.0,241918.0,246868.5,1235.0294193526397,235867.5,13,0,52,3,0,0,-0.2588190451025208,-0.9659258262890683,0.43388373911755823,-0.900968867902419
2026-08-27 13:15:00,242715,244852.0,246951.0,240539.0,239343.0,245947.0,905.2229927849372,235892.73958333334,13,15,53,3,0,0,-0.32143946530316153,-0.9469301294951057,0.43388373911755823,-0.900968867902419
2026-08-27 13:30:00,243286,242715.0,245641.0,241558.0,239047.0,244888.0,1571.6413925150127,235915.40625,13,30,54,3,0,0,-0.38268343236508967,-0.9238795325112868,0.43388373911755823,-0.900968867902419
2026-08-27 13:45:00,243873,243286.0,246344.0,242731.0,240764.0,244299.25,1635.3448922678447,235933.40625,13,45,55,3,0,0,-0.44228869021900147,-0.8968727415326883,0.43388373911755823,-0.900968867902419
2026-08-27 14:00:00,244895,243873.0,244852.0,244466.0,241897.0,243681.5,912.3751056079892,235945.30208333334,14,0,56,3,0,0,-0.4999999999999997,-0.8660254037844388,0.43388373911755823,-0.900968867902419
2026-08-27 14:15:00,245861,244895.0,242715.0,244746.0,242217.0,243692.25,930.8302297769034,235949.77083333334,14,15,57,3,0,0,-0.555570233019602,-0.8314696123025455,0.43388373911755823,-0.900968867902419
2026-08-27 14:30:00,246850,245861.0,243286.0,246449.0,243834.0,244478.75,1136.2899791279171,235961.38541666666,14,30,58,3,0,0,-0.6087614290087207,-0.7933533402912352,0.43388373911755823,-0.900968867902419
2026-08-27 14:45:00,248329,246850.0,243873.0,248571.0,245420.0,245369.75,1277.7734214900988,235965.5625,14,45,59,3,0,0,-0.6593458151000688,-0.7518398074789774,0.43388373911755823,-0.900968867902419
2026-08-27 15:00:00,248414,248329.0,244895.0,248621.0,245960.0,246483.75,1466.4049861253172,235963.04166666666,15,0,60,3,0,0,-0.7071067811865471,-0.7071067811865479,0.43388373911755823,-0.900968867902419
2026-08-27 15:15:00,247613,248414.0,245861.0,248379.0,246064.0,247363.5,1232.4675790190925,235960.88541666666,15,15,61,3,0,0,-0.7518398074789773,-0.6593458151000691,0.43388373911755823,-0.900968867902419
2026-08-27 15:30:00,249351,247613.0,246850.0,248841.0,246584.0,247801.5,728.9940557598387,235952.90625,15,30,62,3,0,0,-0.7933533402912349,-0.6087614290087209,0.43388373911755823,-0.900968867902419
2026-08-27 15:45:00,249372,249351.0,248329.0,248711.0,247072.0,248426.75,713.2425370563075,235958.21875,15,45,63,3,0,0,-0.8314696123025452,-0.5555702330196022,0.43388373911755823,-0.900968867902419
2026-08-27 16:00:00,249194,249372.0,248414.0,248610.0,246880.0,248687.5,844.2205478032281,235965.10416666666,16,0,64,3,0,0,-0.8660254037844385,-0.5000000000000004,0.43388373911755823,-0.900968867902419
2026-08-27 16:15:00,246593,249194.0,247613.0,244470.0,244600.0,248882.5,850.0519591961331,235971.1875,16,15,65,3,0,0,-0.8968727415326883,-0.44228869021900136,0.43388373911755823,-0.900968867902419
2026-08-27 16:30:00,245913,246593.0,249351.0,243925.0,243584.0,248627.5,1358.6568121984235,235993.30208333334,16,30,66,3,0,0,-0.9238795325112868,-0.3826834323650895,0.43388373911755823,-0.900968867902419
2026-08-27 16:45:00,245093,245913.0,249372.0,240747.0,242395.0,247768.0,1772.7513456018557,236014.01041666666,16,45,67,3,0,0,-0.9469301294951056,-0.3214394653031618,0.43388373911755823,-0.900968867902419
2026-08-27 17:00:00,244478,245093.0,249194.0,241714.0,242246.0,246698.25,1773.2541414021475,236059.28125,17,0,68,3,0,0,-0.9659258262890683,-0.25881904510252063,0.43388373911755823,-0.900968867902419
2026-08-27 17:15:00,240569,244478.0,246593.0,238559.0,237974.0,245519.25,926.2592779561667,236088.07291666666,17,15,69,3,0,0,-0.9807852804032303,-0.19509032201612866,0.43388373911755823,-0.900968867902419
2026-08-27 17:30:00,237828,240569.0,245913.0,237522.0,234293.0,244013.25,2370.2152328427674,236109.01041666666,17,30,70,3,0,0,-0.9914448613738104,-0.13052619222005163,0.43388373911755823,-0.900968867902419
2026-08-27 17:45:00,237854,237828.0,245093.0,237455.0,234582.0,241992.0,3423.459361523063,236112.19791666666,17,45,71,3,0,0,-0.9978589232386035,-0.06540312923014273,0.43388373911755823,-0.900968867902419
2026-08-27 18:00:00,237945,237854.0,244478.0,236334.0,234204.0,240182.25,3139.3356383158384,236116.35416666666,18,0,72,3,0,0,-1.0,-1.8369701987210297e-16,0.43388373911755823,-0.900968867902419
2026-08-27 18:15:00,235919,237945.0,240569.0,234227.0,233074.0,238549.0,1347.6005837536813,236133.13541666666,18,15,73,3,0,0,-0.9978589232386036,0.06540312923014237,0.43388373911755823,-0.900968867902419
2026-08-27 18:30:00,237956,235919.0,237828.0,236166.0,235416.0,237386.5,979.6184631443261,236150.76041666666,18,30,74,3,0,0,-0.9914448613738105,0.13052619222005127,0.43388373911755823,-0.900968867902419
2026-08-27 18:45:00,240649,237956.0,237854.0,238531.0,237340.0,237418.5,1000.711247063766,236169.40625,18,45,75,3,0,0,-0.9807852804032304,0.1950903220161283,0.43388373911755823,-0.900968867902419
2026-08-27 19:00:00,242123,240649.0,237945.0,240155.0,238946.0,238117.25,1940.5955056802995,236191.46875,19,0,76,3,0,0,-0.9659258262890684,0.2588190451025203,0.43388373911755823,-0.900968867902419
2026-08-27 19:15:00,243517,242123.0,235919.0,242328.0,241086.0,239161.75,2765.8738673337803,236211.96875,19,15,77,3,0,0,-0.9469301294951057,0.3214394653031615,0.43388373911755823,-0.900968867902419
2026-08-27 19:30:00,243302,243517.0,237956.0,243207.0,241245.0,241061.25,2378.413249066123,236224.35416666666,19,30,78,3,0,0,-0.923879532511287,0.38268343236508917,0.43388373911755823,-0.900968867902419
2026-08-27 19:45:00,243157,243302.0,240649.0,242315.0,240951.0,242397.75,1317.0677975462233,236225.34375,19,45,79,3,0,0,-0.8968727415326884,0.442288690219001,0.43388373911755823,-0.900968867902419
2026-08-27 20:00:00,241933,243157.0,242123.0,240332.0,239640.0,243024.75,619.0909330084439,236234.11458333334,20,0,80,3,0,0,-0.8660254037844386,0.5000000000000001,0.43388373911755823,-0.900968867902419
2026-08-27 20:15:00,240013,241933.0,243517.0,239282.0,237507.0,242977.25,711.7023605412115,236250.79166666666,20,15,81,3,0,0,-0.8314696123025455,0.5555702330196018,0.43388373911755823,-0.900968867902419
2026-08-27 20:30:00,240139,240013.0,243302.0,239275.0,237313.0,242101.25,1521.567694846319,236258.40625,20,30,82,3,0,0,-0.7933533402912357,0.6087614290087199,0.43388373911755823,-0.900968867902419
2026-08-27 20:45:00,238813,240139.0,243157.0,240395.0,237376.0,241310.5,1511.3996824136034,236267.40625,20,45,83,3,0,0,-0.7518398074789772,0.6593458151000691,0.43388373911755823,-0.900968867902419
2026-08-27 21:00:00,238343,238813.0,241933.0,240365.0,236879.0,240224.5,1286.2538629679373,236250.92708333334,21,0,84,3,0,0,-0.7071067811865477,0.7071067811865474,0.43388373911755823,-0.900968867902419
2026-08-27 21:15:00,238117,238343.0,240013.0,241205.0,236039.0,239327.0,887.3916835309766,236229.86458333334,21,15,85,3,0,0,-0.6593458151000687,0.7518398074789775,0.43388373911755823,-0.900968867902419
2026-08-27 21:30:00,238689,238117.0,240139.0,240008.0,236478.0,238853.0,905.0215467047984,236197.69791666666,21,30,86,3,0,0,-0.608761429008721,0.7933533402912349,0.43388373911755823,-0.900968867902419
2026-08-27 21:45:00,239863,238689.0,238813.0,239243.0,235489.0,238490.5,318.67799840374266,236183.95833333334,21,45,87,3,0,0,-0.555570233019603,0.8314696123025447,0.43388373911755823,-0.900968867902419
2026-08-27 22:00:00,239000,239863.0,238343.0,238623.0,233911.0,238753.0,776.4861020434403,236190.41666666666,22,0,88,3,0,0,-0.5000000000000004,0.8660254037844384,0.43388373911755823,-0.900968867902419
2026-08-27 22:15:00,240043,239000.0,238117.0,240358.0,236095.0,238917.25,728.8778475620023,236194.34375,22,15,89,3,0,0,-0.4422886902190014,0.8968727415326883,0.43388373911755823,-0.900968867902419
2026-08-27 22:30:00,239954,240043.0,238689.0,240582.0,235929.0,239398.75,656.5903720483703,236191.0625,22,30,90,3,0,0,-0.38268343236508956,0.9238795325112868,0.43388373911755823,-0.900968867902419
2026-08-27 22:45:00,239426,239954.0,239863.0,240035.0,234688.0,239715.0,482.2979715210101,236184.52083333334,22,45,91,3,0,0,-0.32143946530316186,0.9469301294951056,0.43388373911755823,-0.900968867902419
2026-08-27 23:00:00,238172,239426.0,239000.0,238468.0,233037.0,239605.75,487.06904028068413,236178.17708333334,23,0,92,3,0,0,-0.25881904510252157,0.9659258262890681,0.43388373911755823,-0.900968867902419
2026-08-27 23:15:00,236824,238172.0,240043.0,236939.0,232720.0,239398.75,861.9781029701072,236175.09375,23,15,93,3,0,0,-0.19509032201612872,0.9807852804032303,0.43388373911755823,-0.900968867902419
2026-08-27 23:30:00,235327,236824.0,239954.0,235122.0,231404.0,238594.0,1396.7591059305628,236173.89583333334,23,30,94,3,0,0,-0.13052619222005168,0.9914448613738104,0.43388373911755823,-0.900968867902419
2026-08-27 23:45:00,233985,235327.0,239426.0,233283.0,230230.0,237437.25,1762.9723716874485,236176.03125,23,45,95,3,0,0,-0.0654031292301428,0.9978589232386035,0.43388373911755823,-0.900968867902419
2026-08-28 00:00:00,232596,233985.0,238172.0,231518.0,228341.0,236077.0,1815.3051166860664,236183.34375,0,0,0,4,0,0,0.0,1.0,-0.433883739117558,-0.9009688679024191
2026-08-28 00:15:00,231143,232596.0,236824.0,230544.0,227630.0,234683.0,1811.2049396281102,236194.57291666666,0,15,1,4,0,0,0.06540312923014306,0.9978589232386035,-0.433883739117558,-0.9009688679024191
2026-08-28 00:30:00,229949,231143.0,235327.0,229512.0,226512.0,233262.75,1800.0619202312496,236200.8125,0,30,2,4,0,0,0.13052619222005157,0.9914448613738104,-0.433883739117558,-0.9009688679024191
2026-08-28 00:45:00,228195,229949.0,233985.0,228204.0,224731.0,231918.25,1752.1185985352895,236205.36458333334,0,45,3,4,0,0,0.19509032201612825,0.9807852804032304,-0.433883739117558,-0.9009688679024191
2026-08-28 01:00:00,226364,228195.0,232596.0,226533.0,222913.0,230470.75,1863.6763622832375,236205.27083333334,1,0,4,4,0,0,0.25881904510252074,0.9659258262890683,-0.433883739117558,-0.9009688679024191
2026-08-28 01:15:00,224385,226364.0,231143.0,224318.0,221133.0,228912.75,2086.3940783083053,236203.51041666666,1,15,5,4,0,0,0.3214394653031616,0.9469301294951057,-0.433883739117558,-0.9009688679024191
2026-08-28 01:30:00,223172,224385.0,229949.0,222948.0,219972.0,227223.25,2392.2085158558634,236204.20833333334,1,30,6,4,0,0,0.3826834323650898,0.9238795325112867,-0.433883739117558,-0.9009688679024191
2026-08-28 01:45:00,221794,223172.0,228195.0,221353.0,218692.0,225529.0,2211.2565055491177,236206.54166666666,1,45,7,4,0,0,0.44228869021900125,0.8968727415326884,-0.433883739117558,-0.9009688679024191
2026-08-28 02:00:00,220111,221794.0,226364.0,220262.0,216905.0,223928.75,1938.077634323931,236211.13541666666,2,0,8,4,0,0,0.49999999999999994,0.8660254037844387,-0.433883739117558,-0.9009688679024191
2026-08-28 02:15:00,219249,220111.0,224385.0,219050.0,215905.0,222365.5,1838.3148986685185,236209.5625,2,15,9,4,0,0,0.5555702330196022,0.8314696123025452,-0.433883739117558,-0.9009688679024191
2026-08-28 02:30:00,218619,219249.0,223172.0,218385.0,215086.0,221081.5,1749.0733737229714,236211.63541666666,2,30,10,4,0,0,0.6087614290087207,0.7933533402912352,-0.433883739117558,-0.9009688679024191
2026-08-28 02:45:00,219139,218619.0,221794.0,219221.0,214930.0,219943.25,1377.0786409400564,236214.07291666666,2,45,11,4,0,0,0.6593458151000688,0.7518398074789774,-0.433883739117558,-0.9009688679024191
2026-08-28 03:00:00,217947,219139.0,220111.0,218153.0,214263.0,219279.5,618.687589445044,236213.21875,3,0,12,4,0,0,0.7071067811865476,0.7071067811865476,-0.433883739117558,-0.9009688679024191
2026-08-28 03:15:00,217878,217947.0,219249.0,217729.0,213704.0,218738.5,594.912598622681,236211.07291666666,3,15,13,4,0,0,0.7518398074789774,0.6593458151000688,-0.433883739117558,-0.9009688679024191
2026-08-28 03:30:00,217234,217878.0,218619.0,217215.0,213269.0,218395.75,597.6907645262679,236212.625,3,30,14,4,0,0,0.7933533402912352,0.6087614290087207,-0.433883739117558,-0.9009688679024191
2026-08-28 03:45:00,216481,217234.0,219139.0,215985.0,212685.0,218049.5,794.1387368296117,236212.82291666666,3,45,15,4,0,0,0.8314696123025451,0.5555702330196024,-0.433883739117558,-0.9009688679024191
2026-08-28 04:00:00,215970,216481.0,217947.0,215265.0,212051.0,217385.0,682.8640665120239,236217.98958333334,4,0,16,4,0,0,0.8660254037844386,0.5000000000000001,-0.433883739117558,-0.9009688679024191
2026-08-28 04:15:00,217375,215970.0,217878.0,216741.0,212561.0,216890.75,838.2837129118834,236225.33333333334,4,15,17,4,0,0,0.8968727415326884,0.44228869021900125,-0.433883739117558,-0.9009688679024191
2026-08-28 04:30:00,217424,217375.0,217234.0,216979.0,213133.0,216765.0,659.4800982592261,236231.9375,4,30,18,4,0,0,0.9238795325112867,0.38268343236508984,-0.433883739117558,-0.9009688679024191
2026-08-28 04:45:00,217969,217424.0,216481.0,216954.0,213144.0,216812.5,709.4685804647487,236236.57291666666,4,45,19,4,0,0,0.9469301294951056,0.3214394653031617,-0.433883739117558,-0.9009688679024191
2026-08-28 05:00:00,218582,217969.0,215970.0,217687.0,213362.0,217184.5,853.2488890509414,236247.14583333334,5,0,20,4,0,0,0.9659258262890683,0.25881904510252074,-0.433883739117558,-0.9009688679024191
2026-08-28 05:15:00,221603,218582.0,217375.0,219778.0,215158.0,217837.5,564.6417743431016,236256.46875,5,15,21,4,0,0,0.9807852804032304,0.19509032201612833,-0.433883739117558,-0.9009688679024191
2026-08-28 05:30:00,223473,221603.0,217424.0,221490.0,216717.0,218894.5,1866.596635591097,236275.47916666666,5,30,22,4,0,0,0.9914448613738104,0.1305261922200517,-0.433883739117558,-0.9009688679024191
2026-08-28 05:45:00,224028,223473.0,217969.0,222771.0,217842.0,220406.75,2588.7732455096725,236296.13541666666,5,45,23,4,0,0,0.9978589232386035,0.06540312923014327,-0.433883739117558,-0.9009688679024191
2026-08-28 06:00:00,224325,224028.0,218582.0,223373.0,218322.0,221921.5,2456.1621146278876,236309.22916666666,6,0,24,4,0,0,1.0,6.123233995736766e-17,-0.433883739117558,-0.9009688679024191
2026-08-28 06:15:00,225647,224325.0,221603.0,225236.0,220155.0,223357.25,1221.6432580749656,236319.14583333334,6,15,25,4,0,0,0.9978589232386035,-0.06540312923014314,-0.433883739117558,-0.9009688679024191
2026-08-28 06:30:00,228721,225647.0,223473.0,228114.0,221758.0,224368.25,922.7341166338311,236323.42708333334,6,30,26,4,0,0,0.9914448613738104,-0.1305261922200516,-0.433883739117558,-0.9009688679024191
2026-08-28 06:45:00,230694,228721.0,224028.0,229725.0,222997.0,225680.25,2145.8408414108203,236329.75,6,45,27,4,0,0,0.9807852804032304,-0.1950903220161282,-0.433883739117558,-0.9009688679024191
2026-08-28 07:00:00,229968,230694.0,224325.0,230102.0,223796.0,227346.75,2893.254727234831,236339.84375,7,0,28,4,0,0,0.9659258262890683,-0.25881904510252063,-0.433883739117558,-0.9009688679024191
2026-08-28 07:15:00,230457,229968.0,225647.0,232434.0,226286.0,228757.5,2227.9949880254885,236338.44791666666,7,15,29,4,0,0,0.9469301294951057,-0.3214394653031616,-0.433883739117558,-0.9009688679024191
2026-08-28 07:30:00,231338,230457.0,228721.0,232331.0,227233.0,229960.0,879.5737604089938,236317.85416666666,7,30,30,4,0,0,0.9238795325112868,-0.3826834323650895,-0.433883739117558,-0.9009688679024191
2026-08-28 07:45:00,230390,231338.0,230694.0,231799.0,227535.0,230614.25,569.3682903007666,236307.51041666666,7,45,31,4,0,0,0.8968727415326884,-0.44228869021900113,-0.433883739117558,-0.9009688679024191
2026-08-28 08:00:00,229743,230390.0,229968.0,231736.0,227221.0,230538.25,575.4316495756474,236292.83333333334,8,0,32,4,0,0,0.8660254037844387,-0.4999999999999998,-0.433883739117558,-0.9009688679024191
2026-08-28 08:15:00,232494,229743.0,230457.0,234181.0,230680.0,230482.0,655.2215910158571,236272.07291666666,8,15,33,4,0,0,0.8314696123025451,-0.5555702330196023,-0.433883739117558,-0.9009688679024191
2026-08-28 08:30:00,233898,232494.0,231338.0,236547.0,234566.0,230991.25,1196.9576363987767,236254.5,8,30,34,4,0,0,0.7933533402912352,-0.6087614290087207,-0.433883739117558,-0.9009688679024191
2026-08-28 08:45:00,234964,233898.0,230390.0,239061.0,238281.0,231631.25,1913.8689218439226,236226.90625,8,45,35,4,0,0,0.7518398074789774,-0.6593458151000688,-0.433883739117558,-0.9009688679024191
2026-08-28 09:00:00,236305,234964.0,229743.0,241387.0,240136.0,232774.75,2260.150050328522,236184.22916666666,9,0,36,4,0,0,0.7071067811865476,-0.7071067811865475,-0.433883739117558,-0.9009688679024191
2026-08-28 09:15:00,239995,236305.0,232494.0,244326.0,243859.0,234415.25,1615.6557750131485,236131.29166666666,9,15,37,4,0,0,0.659345815100069,-0.7518398074789773,-0.433883739117558,-0.9009688679024191
2026-08-28 09:30:00,240769,239995.0,233898.0,245471.0,244886.0,236290.5,2658.7709566640037,236086.17708333334,9,30,38,4,0,0,0.6087614290087209,-0.793353340291235,-0.433883739117558,-0.9009688679024191
2026-08-28 09:45:00,240651,240769.0,234964.0,246955.0,246643.0,238008.25,2812.9127697104336,236037.19791666666,9,45,39,4,0,0,0.5555702330196025,-0.831469612302545,-0.433883739117558,-0.9009688679024191
2026-08-28 10:00:00,240651,240651.0,236305.0,247122.0,245853.0,239430.0,2110.972287833268,235971.53125,10,0,40,4,0,0,0.49999999999999994,-0.8660254037844387,-0.433883739117558,-0.9009688679024191
2026-08-28 10:15:00,240553,240651.0,239995.0,246963.0,245882.0,240516.5,352.0885305336805,235904.125,10,15,41,4,0,0,0.4422886902190017,-0.8968727415326881,-0.433883739117558,-0.9009688679024191
2026-08-28 10:30:00,241056,240553.0,240769.0,245692.0,245535.0,240656.0,88.3704324611186,235837.35416666666,10,30,42,4,0,0,0.3826834323650899,-0.9238795325112867,-0.433883739117558,-0.9009688679024191
2026-08-28 10:45:00,240690,241056.0,240651.0,245448.0,245772.0,240727.75,223.656544728812,235789.0625,10,45,43,4,0,0,0.32143946530316175,-0.9469301294951056,-0.433883739117558,-0.9009688679024191
2026-08-28 11:00:00,240527,240690.0,240651.0,247448.0,245775.0,240737.5,220.01590851579576,235739.5,11,0,44,4,0,0,0.258819045102521,-0.9659258262890682,-0.433883739117558,-0.9009688679024191
2026-08-28 11:15:00,240594,240527.0,240553.0,248354.0,245122.0,240706.5,243.72457132324178,235667.40625,11,15,45,4,0,0,0.19509032201612816,-0.9807852804032304,-0.433883739117558,-0.9009688679024191
2026-08-28 11:30:00,240269,240594.0,241056.0,248203.0,244876.0,240716.75,235.85217828129421,235586.57291666666,11,30,46,4,0,0,0.130526192220052,-0.9914448613738104,-0.433883739117558,-0.9009688679024191
2026-08-28 11:45:00,240845,240269.0,240690.0,249382.0,244809.0,240520.0,180.2091377632189,235503.92708333334,11,45,47,4,0,0,0.06540312923014312,-0.9978589232386035,-0.433883739117558,-0.9009688679024191
2026-08-28 12:00:00,239995,240845.0,240527.0,248538.0,245355.0,240558.75,236.74511610596977,235415.0,12,0,48,4,0,0,1.2246467991473532e-16,-1.0,-0.433883739117558,-0.9009688679024191
2026-08-28 12:15:00,238897,239995.0,240594.0,246951.0,245355.0,240425.75,371.5708770432595,235326.01041666666,12,15,49,4,0,0,-0.06540312923014287,-0.9978589232386035,-0.433883739117558,-0.9009688679024191
2026-08-28 12:30:00,239081,238897.0,240269.0,245641.0,245444.0,240001.5,817.1109675762281,235242.11458333334,12,30,50,4,0,0,-0.13052619222005177,-0.9914448613738104,-0.433883739117558,-0.9009688679024191
2026-08-28 12:45:00,238692,239081.0,240845.0,246344.0,244313.0,239704.5,899.2476485003241,235173.78125,12,45,51,4,0,0,-0.19509032201612792,-0.9807852804032305,-0.433883739117558,-0.9009688679024191
2026-08-28 13:00:00,237337,238692.0,239995.0,244852.0,242429.0,239166.25,574.8920913238424,235094.07291666666,13,0,52,4,0,0,-0.2588190451025208,-0.9659258262890683,-0.433883739117558,-0.9009688679024191
2026-08-28 13:15:00,235421,237337.0,238897.0,242715.0,240539.0,238501.75,792.5887437168793,235015.79166666666,13,15,53,4,0,0,-0.32143946530316153,-0.9469301294951057,-0.433883739117558,-0.9009688679024191
2026-08-28 13:30:00,235407,235421.0,239081.0,243286.0,241558.0,237632.75,1653.153022761868,234939.8125,13,30,54,4,0,0,-0.38268343236508967,-0.9238795325112868,-0.433883739117558,-0.9009688679024191
2026-08-28 13:45:00,235100,235407.0,238692.0,243873.0,242731.0,236714.25,1600.0740347454866,234857.73958333334,13,45,55,4,0,0,-0.44228869021900147,-0.8968727415326883,-0.433883739117558,-0.9009688679024191
2026-08-28 14:00:00,233688,235100.0,237337.0,244895.0,244466.0,235816.25,1024.5979292711368,234766.35416666666,14,0,56,4,0,0,-0.4999999999999997,-0.8660254037844388,-0.433883739117558,-0.9009688679024191
2026-08-28 14:15:00,235008,233688.0,235421.0,245861.0,244746.0,234904.0,824.0893964451774,234649.61458333334,14,15,57,4,0,0,-0.555570233019602,-0.8314696123025455,-0.433883739117558,-0.9009688679024191
2026-08-28 14:30:00,236407,235008.0,235407.0,246850.0,246449.0,234800.75,761.1952771792809,234536.5625,14,30,58,4,0,0,-0.6087614290087207,-0.7933533402912352,-0.433883739117558,-0.9009688679024191
2026-08-28 14:45:00,236622,236407.0,235100.0,248329.0,248571.0,235050.75,1110.6686799701843,234427.78125,14,45,59,4,0,0,-0.6593458151000688,-0.7518398074789774,-0.433883739117558,-0.9009688679024191
2026-08-28 15:00:00,237603,236622.0,233688.0,248414.0,248621.0,235431.25,1364.7997105802892,234305.83333333334,15,0,60,4,0,0,-0.7071067811865471,-0.7071067811865479,-0.433883739117558,-0.9009688679024191
2026-08-28 15:15:00,237859,237603.0,235008.0,247613.0,248379.0,236410.0,1069.860738601072,234193.21875,15,15,61,4,0,0,-0.7518398074789773,-0.6593458151000691,-0.433883739117558,-0.9009688679024191
2026-08-28 15:30:00,238295,237859.0,236407.0,249351.0,248841.0,237122.75,715.484160085573,234091.61458333334,15,30,62,4,0,0,-0.7933533402912349,-0.6087614290087209,-0.433883739117558,-0.9009688679024191
2026-08-28 15:45:00,238675,238295.0,236622.0,249372.0,248711.0,237594.75,708.634543800037,233976.44791666666,15,45,63,4,0,0,-0.8314696123025452,-0.5555702330196022,-0.433883739117558,-0.9009688679024191
2026-08-28 16:00:00,238194,238675.0,237603.0,249194.0,248610.0,238108.0,473.8086815020242,233865.02083333334,16,0,64,4,0,0,-0.8660254037844385,-0.5000000000000004,-0.433883739117558,-0.9009688679024191
2026-08-28 16:15:00,236117,238194.0,237859.0,246593.0,244470.0,238255.75,335.9239745339489,233750.4375,16,15,65,4,0,0,-0.8968727415326883,-0.44228869021900136,-0.433883739117558,-0.9009688679024191
2026-08-28 16:30:00,234940,236117.0,238295.0,245913.0,243925.0,237820.25,1154.229143916703,233641.3125,16,30,66,4,0,0,-0.9238795325112868,-0.3826834323650895,-0.433883739117558,-0.9009688679024191
2026-08-28 16:45:00,233590,234940.0,238675.0,245093.0,240747.0,236981.5,1756.2441933474643,233527.01041666666,16,45,67,4,0,0,-0.9469301294951056,-0.3214394653031618,-0.433883739117558,-0.9009688679024191
2026-08-28 17:00:00,231327,233590.0,238194.0,244478.0,241714.0,235710.25,1951.3418246598121,233407.1875,17,0,68,4,0,0,-0.9659258262890683,-0.25881904510252063,-0.433883739117558,-0.9009688679024191
2026-08-28 17:15:00,226066,231327.0,236117.0,240569.0,238559.0,233993.5,2055.735796902584,233270.19791666666,17,15,69,4,0,0,-0.9807852804032303,-0.19509032201612866,-0.433883739117558,-0.9009688679024191
2026-08-28 17:30:00,224603,226066.0,234940.0,237828.0,237522.0,231480.75,3905.487709620914,233119.125,17,30,70,4,0,0,-0.9914448613738104,-0.13052619222005163,-0.433883739117558,-0.9009688679024191
2026-08-28 17:45:00,223172,224603.0,233590.0,237854.0,237455.0,228896.5,4257.626294858046,232981.36458333334,17,45,71,4,0,0,-0.9978589232386035,-0.06540312923014273,-0.433883739117558,-0.9009688679024191
2026-08-28 18:00:00,222562,223172.0,231327.0,237945.0,236334.0,226292.0,3558.530689296729,232828.42708333334,18,0,72,4,0,0,-1.0,-1.8369701987210297e-16,-0.433883739117558,-0.9009688679024191
2026-08-28 18:15:00,220650,222562.0,226066.0,235919.0,234227.0,224100.75,1564.6928079764732,232668.1875,18,15,73,4,0,0,-0.9978589232386036,0.06540312923014237,-0.433883739117558,-0.9009688679024191
2026-08-28 18:30:00,223643,220650.0,224603.0,237956.0,236166.0,222746.75,1638.799840330301,232509.13541666666,18,30,74,4,0,0,-0.9914448613738105,0.13052619222005127,-0.433883739117558,-0.9009688679024191
2026-08-28 18:45:00,226504,223643.0,223172.0,240649.0,238531.0,222506.75,1314.5588296712401,232360.04166666666,18,45,75,4,0,0,-0.9807852804032304,0.1950903220161283,-0.433883739117558,-0.9009688679024191
2026-08-28 19:00:00,228366,226504.0,222562.0,242123.0,240155.0,223339.75,2445.6825052869435,232212.69791666666,19,0,76,4,0,0,-0.9659258262890684,0.2588190451025203,-0.433883739117558,-0.9009688679024191
2026-08-28 19:15:00,230961,228366.0,220650.0,243517.0,242328.0,224790.75,3375.439662720491,232069.39583333334,19,15,77,4,0,0,-0.9469301294951057,0.3214394653031615,-0.433883739117558,-0.9009688679024191
2026-08-28 19:30:00,232843,230961.0,223643.0,243302.0,243207.0,227368.5,3083.7084276349183,231938.60416666666,19,30,78,4,0,0,-0.923879532511287,0.38268343236508917,-0.433883739117558,-0.9009688679024191
2026-08-28 19:45:00,232612,232843.0,226504.0,243157.0,242315.0,229668.5,2796.341240502179,231829.65625,19,45,79,4,0,0,-0.8968727415326884,0.442288690219001,-0.433883739117558,-0.9009688679024191
2026-08-28 20:00:00,231914,232612.0,228366.0,241933.0,240332.0,231195.5,2064.1212012217816,231719.8125,20,0,80,4,0,0,-0.8660254037844386,0.5000000000000001,-0.433883739117558,-0.9009688679024191
2026-08-28 20:15:00,231038,231914.0,230961.0,240013.0,239282.0,232082.5,845.5540589853456,231615.44791666666,20,15,81,4,0,0,-0.8314696123025455,0.5555702330196018,-0.433883739117558,-0.9009688679024191
2026-08-28 20:30:00,230534,231038.0,232843.0,240139.0,239275.0,232101.75,811.7102828800802,231521.95833333334,20,30,82,4,0,0,-0.7933533402912357,0.6087614290087199,-0.433883739117558,-0.9009688679024191
2026-08-28 20:45:00,230736,230534.0,232612.0,238813.0,240395.0,231524.5,922.3410432155347,231421.90625,20,45,83,4,0,0,-0.7518398074789772,0.6593458151000691,-0.433883739117558,-0.9009688679024191
2026-08-28 21:00:00,230768,230736.0,231914.0,238343.0,240365.0,231055.5,608.6517887921802,231337.77083333334,21,0,84,4,0,0,-0.7071067811865477,0.7071067811865474,-0.433883739117558,-0.9009688679024191
2026-08-28 21:15:00,230722,230768.0,231038.0,238117.0,241205.0,230769.0,207.10383868949322,231258.86458333334,21,15,85,4,0,0,-0.6593458151000687,0.7518398074789775,-0.433883739117558,-0.9009688679024191
2026-08-28 21:30:00,230909,230722.0,230534.0,238689.0,240008.0,230690.0,105.76703960398558,231181.83333333334,21,30,86,4,0,0,-0.608761429008721,0.7933533402912349,-0.433883739117558,-0.9009688679024191
2026-08-28 21:45:00,231354,230909.0,230736.0,239863.0,239243.0,230783.75,85.69082020024697,231100.79166666666,21,45,87,4,0,0,-0.555570233019603,0.8314696123025447,-0.433883739117558,-0.9009688679024191
2026-08-28 22:00:00,229959,231354.0,230768.0,239000.0,238623.0,230938.25,288.35900656402697,231012.15625,22,0,88,4,0,0,-0.5000000000000004,0.8660254037844384,-0.433883739117558,-0.9009688679024191
2026-08-28 22:15:00,232947,229959.0,230722.0,240043.0,240358.0,230736.0,581.8871597368278,230917.97916666666,22,15,89,4,0,0,-0.4422886902190014,0.8968727415326883,-0.433883739117558,-0.9009688679024191
2026-08-28 22:30:00,233007,232947.0,230909.0,239954.0,240582.0,231292.25,1247.1897409776634,230844.0625,22,30,90,4,0,0,-0.38268343236508956,0.9238795325112868,-0.433883739117558,-0.9009688679024191
2026-08-28 22:45:00,232250,233007.0,231354.0,239426.0,240035.0,231816.75,1455.9684921041153,230771.69791666666,22,45,91,4,0,0,-0.32143946530316186,0.9469301294951056,-0.433883739117558,-0.9009688679024191
2026-08-28 23:00:00,231311,232250.0,229959.0,238172.0,238468.0,232040.75,1429.7315307427234,230696.94791666666,23,0,92,4,0,0,-0.25881904510252157,0.9659258262890681,-0.433883739117558,-0.9009688679024191
2026-08-28 23:15:00,229726,231311.0,232947.0,236824.0,236939.0,232378.75,790.4160824105666,230625.47916666666,23,15,93,4,0,0,-0.19509032201612872,0.9807852804032303,-0.433883739117558,-0.9009688679024191
2026-08-28 23:30:00,227921,229726.0,233007.0,235327.0,235122.0,231573.5,1413.5931757993915,230551.54166666666,23,30,94,4,0,0,-0.13052619222005168,0.9914448613738104,-0.433883739117558,-0.9009688679024191
2026-08-28 23:45:00,226238,227921.0,232250.0,233985.0,233283.0,230302.0,1898.5715683112737,230474.39583333334,23,45,95,4,0,0,-0.0654031292301428,0.9978589232386035,-0.433883739117558,-0.9009688679024191
2026-08-29 00:00:00,224413,226238.0,231311.0,232596.0,231518.0,228799.0,2198.4144286280316,230393.69791666666,0,0,0,5,1,0,0.0,1.0,-0.9749279121818236,-0.2225209339563146
2026-08-29 00:15:00,224151,224413.0,229726.0,231143.0,230544.0,227074.5,2275.2530262221894,230308.45833333334,0,15,1,5,1,0,0.06540312923014306,0.9978589232386035,-0.9749279121818236,-0.2225209339563146
2026-08-29 00:30:00,223182,224151.0,227921.0,229949.0,229512.0,225680.75,1758.4626571714714,230235.625,0,30,2,5,1,0,0.13052619222005157,0.9914448613738104,-0.9749279121818236,-0.2225209339563146
2026-08-29 00:45:00,221441,223182.0,226238.0,228195.0,228204.0,224496.0,1276.3325063111695,230165.13541666666,0,45,3,5,1,0,0.19509032201612825,0.9807852804032304,-0.9749279121818236,-0.2225209339563146
2026-08-29 01:00:00,219548,221441.0,224413.0,226364.0,226533.0,223296.75,1345.7009016369736,230094.78125,1,0,4,5,1,0,0.25881904510252074,0.9659258262890683,-0.9749279121818236,-0.2225209339563146
2026-08-29 01:15:00,217621,219548.0,224151.0,224385.0,224318.0,222080.5,2026.720585905521,230023.78125,1,15,5,5,1,0,0.3214394653031616,0.9469301294951057,-0.9749279121818236,-0.2225209339563146
2026-08-29 01:30:00,216754,217621.0,223182.0,223172.0,222948.0,220448.0,2398.8006725583864,229953.32291666666,1,30,6,5,1,0,0.3826834323650898,0.9238795325112867,-0.9749279121818236,-0.2225209339563146
2026-08-29 01:45:00,215113,216754.0,221441.0,221794.0,221353.0,218841.0,2089.9615626449254,229886.46875,1,45,7,5,1,0,0.44228869021900125,0.8968727415326884,-0.9749279121818236,-0.2225209339563146
2026-08-29 02:00:00,213532,215113.0,219548.0,220111.0,220262.0,217259.0,1846.70030053604,229816.875,2,0,8,5,1,0,0.49999999999999994,0.8660254037844387,-0.9749279121818236,-0.2225209339563146
2026-08-29 02:15:00,212979,213532.0,217621.0,219249.0,219050.0,215755.0,1810.5109775971812,229748.34375,2,15,9,5,1,0,0.5555702330196022,0.8314696123025452,-0.9749279121818236,-0.2225209339563146
2026-08-29 02:30:00,212644,212979.0,216754.0,218619.0,218385.0,214594.5,1700.100879359781,229683.03125,2,30,10,5,1,0,0.6087614290087207,0.7933533402912352,-0.9749279121818236,-0.2225209339563146
2026-08-29 02:45:00,212965,212644.0,215113.0,219139.0,219221.0,213567.0,1093.772371199735,229620.79166666666,2,45,11,5,1,0,0.6593458151000688,0.7518398074789774,-0.9749279121818236,-0.2225209339563146
2026-08-29 03:00:00,212095,212965.0,213532.0,217947.0,218153.0,213030.0,368.7031326146897,229556.47916666666,3,0,12,5,1,0,0.7071067811865476,0.7071067811865476,-0.9749279121818236,-0.2225209339563146
2026-08-29 03:15:00,211625,212095.0,212979.0,217878.0,217729.0,212670.75,413.8456837999908,229495.52083333334,3,15,13,5,1,0,0.7518398074789774,0.6593458151000688,-0.9749279121818236,-0.2225209339563146
2026-08-29 03:30:00,210948,211625.0,212644.0,217234.0,217215.0,212332.25,592.7480493429582,229430.38541666666,3,30,14,5,1,0,0.7933533402912352,0.6087614290087207,-0.9749279121818236,-0.2225209339563146
2026-08-29 03:45:00,210017,210948.0,212965.0,216481.0,215985.0,211908.25,847.3304648521454,229364.90625,3,45,15,5,1,0,0.8314696123025451,0.5555702330196024,-0.9749279121818236,-0.2225209339563146
2026-08-29 04:00:00,209474,210017.0,212095.0,215970.0,215265.0,211171.25,902.0969552473574,229297.57291666666,4,0,16,5,1,0,0.8660254037844386,0.5000000000000001,-0.9749279121818236,-0.2225209339563146
2026-08-29 04:15:00,210658,209474.0,211625.0,217375.0,216741.0,210516.0,957.6481608607058,229229.90625,4,15,17,5,1,0,0.8968727415326884,0.44228869021900125,-0.9749279121818236,-0.2225209339563146
2026-08-29 04:30:00,210386,210658.0,210948.0,217424.0,216979.0,210274.25,660.2476176909398,229159.9375,4,30,18,5,1,0,0.9238795325112867,0.38268343236508984,-0.9749279121818236,-0.2225209339563146
2026-08-29 04:45:00,210401,210386.0,210017.0,217969.0,216954.0,210133.75,512.3048408905516,229086.625,4,45,19,5,1,0,0.9469301294951056,0.3214394653031617,-0.9749279121818236,-0.2225209339563146
2026-08-29 05:00:00,210933,210401.0,209474.0,218582.0,217687.0,210229.75,519.0686370798128,229007.79166666666,5,0,20,5,1,0,0.9659258262890683,0.25881904510252074,-0.9749279121818236,-0.2225209339563146
2026-08-29 05:15:00,214075,210933.0,210658.0,221603.0,219778.0,210594.5,257.89468134601873,228928.11458333334,5,15,21,5,1,0,0.9807852804032304,0.19509032201612833,-0.9749279121818236,-0.2225209339563146
2026-08-29 05:30:00,215398,214075.0,210386.0,223473.0,221490.0,211448.75,1769.2187305888879,228849.69791666666,5,30,22,5,1,0,0.9914448613738104,0.1305261922200517,-0.9749279121818236,-0.2225209339563146
2026-08-29 05:45:00,215842,215398.0,210401.0,224028.0,222771.0,212701.75,2420.5720226150174,228765.58333333334,5,45,23,5,1,0,0.9978589232386035,0.06540312923014327,-0.9749279121818236,-0.2225209339563146
2026-08-29 06:00:00,215567,215842.0,210933.0,224325.0,223373.0,214062.0,2216.91271817361,228680.3125,6,0,24,5,1,0,1.0,6.123233995736766e-17,-0.9749279121818236,-0.2225209339563146
2026-08-29 06:15:00,217704,215567.0,214075.0,225647.0,225236.0,215220.5,785.281478197406,228589.08333333334,6,15,25,5,1,0,0.9978589232386035,-0.06540312923014314,-0.9749279121818236,-0.2225209339563146
2026-08-29 06:30:00,220399,217704.0,215398.0,228721.0,228114.0,216127.75,1066.6447002946018,228506.34375,6,30,26,5,1,0,0.9914448613738104,-0.1305261922200516,-0.9749279121818236,-0.2225209339563146
2026-08-29 06:45:00,222154,220399.0,215842.0,230694.0,229725.0,217378.0,2226.4870686052864,228419.65625,6,45,27,5,1,0,0.9807852804032304,-0.1950903220161282,-0.9749279121818236,-0.2225209339563146
2026-08-29 07:00:00,222440,222154.0,215567.0,229968.0,230102.0,218956.0,2907.59224559885,228330.69791666666,7,0,28,5,1,0,0.9659258262890683,-0.25881904510252063,-0.9749279121818236,-0.2225209339563146
2026-08-29 07:15:00,223688,222440.0,217704.0,230457.0,232434.0,220674.25,2176.057654720246,228252.28125,7,15,29,5,1,0,0.9469301294951057,-0.3214394653031616,-0.9749279121818236,-0.2225209339563146
2026-08-29 07:30:00,224782,223688.0,220399.0,231338.0,232331.0,222170.25,1355.7188437626846,228181.77083333334,7,30,30,5,1,0,0.9238795325112868,-0.3826834323650895,-0.9749279121818236,-0.2225209339563146
2026-08-29 07:45:00,225257,224782.0,222154.0,230390.0,231799.0,223266.0,1210.3938752873962,228113.47916666666,7,45,31,5,1,0,0.8968727415326884,-0.44228869021900113,-0.9749279121818236,-0.2225209339563146
2026-08-29 08:00:00,225552,225257.0,222440.0,229743.0,231736.0,224041.75,1253.7337237228307,228060.01041666666,8,0,32,5,1,0,0.8660254037844387,-0.4999999999999998,-0.9749279121818236,-0.2225209339563146
2026-08-29 08:15:00,230131,225552.0,223688.0,232494.0,234181.0,224819.75,818.4661976322475,228016.35416666666,8,15,33,5,1,0,0.8314696123025451,-0.5555702330196023,-0.9749279121818236,-0.2225209339563146
2026-08-29 08:30:00,232881,230131.0,224782.0,233898.0,236547.0,226430.5,2487.3089206342243,227991.73958333334,8,30,34,5,1,0,0.7933533402912352,-0.6087614290087207,-0.9749279121818236,-0.2225209339563146
2026-08-29 08:45:00,235678,232881.0,225257.0,234964.0,239061.0,228455.25,3699.237072244301,227981.14583333334,8,45,35,5,1,0,0.7518398074789774,-0.6593458151000688,-0.9749279121818236,-0.2225209339563146
2026-08-29 09:00:00,237454,235678.0,225552.0,236305.0,241387.0,231060.5,4314.435807070633,227988.58333333334,9,0,36,5,1,0,0.7071067811865476,-0.7071067811865475,-0.9749279121818236,-0.2225209339563146
2026-08-29 09:15:00,242437,237454.0,230131.0,239995.0,244326.0,234036.0,3212.5762247766083,228000.55208333334,9,15,37,5,1,0,0.659345815100069,-0.7518398074789773,-0.9749279121818236,-0.2225209339563146
2026-08-29 09:30:00,245052,242437.0,232881.0,240769.0,245471.0,237112.5,4017.889371299309,228025.98958333334,9,30,38,5,1,0,0.6087614290087209,-0.793353340291235,-0.9749279121818236,-0.2225209339563146
2026-08-29 09:45:00,247112,245052.0,235678.0,240651.0,246955.0,240155.25,4340.77806965525,228070.60416666666,9,45,39,5,1,0,0.5555702330196025,-0.831469612302545,-0.9749279121818236,-0.2225209339563146
2026-08-29 10:00:00,246823,247112.0,237454.0,240651.0,247122.0,243013.75,4171.074072306395,228137.90625,10,0,40,5,1,0,0.49999999999999994,-0.8660254037844387,-0.9749279121818236,-0.2225209339563146
2026-08-29 10:15:00,247297,246823.0,242437.0,240553.0,246963.0,245356.0,2148.5345393236407,228202.19791666666,10,15,41,5,1,0,0.4422886902190017,-0.8968727415326881,-0.9749279121818236,-0.2225209339563146
2026-08-29 10:30:00,247198,247297.0,245052.0,241056.0,245692.0,246571.0,1031.281080339715,228272.44791666666,10,30,42,5,1,0,0.3826834323650899,-0.9238795325112867,-0.9749279121818236,-0.2225209339563146
2026-08-29 10:45:00,247063,247198.0,247112.0,240690.0,245448.0,247107.5,204.17394544842753,228336.42708333334,10,45,43,5,1,0,0.32143946530316175,-0.9469301294951056,-0.9749279121818236,-0.2225209339563146
2026-08-29 11:00:00,247115,247063.0,246823.0,240527.0,247448.0,247095.25,205.28090510317188,228402.8125,11,0,44,5,1,0,0.258819045102521,-0.9659258262890682,-0.9749279121818236,-0.2225209339563146
2026-08-29 11:15:00,247092,247115.0,247297.0,240594.0,248354.0,247168.25,102.2655856091259,228471.4375,11,15,45,5,1,0,0.19509032201612816,-0.9807852804032304,-0.9749279121818236,-0.2225209339563146
2026-08-29 11:30:00,247645,247092.0,247198.0,240269.0,248203.0,247117.0,58.040215942436184,228539.125,11,30,46,5,1,0,0.130526192220052,-0.9914448613738104,-0.9749279121818236,-0.2225209339563146
2026-08-29 11:45:00,248841,247645.0,247063.0,240845.0,249382.0,247228.75,278.3144205150797,228615.95833333334,11,45,47,5,1,0,0.06540312923014312,-0.9978589232386035,-0.9749279121818236,-0.2225209339563146
2026-08-29 12:00:00,248880,248841.0,247115.0,239995.0,248538.0,247673.25,819.3356556788217,228699.25,12,0,48,5,1,0,1.2246467991473532e-16,-1.0,-0.9749279121818236,-0.2225209339563146
2026-08-29 12:15:00,246866,248880.0,247092.0,238897.0,246951.0,248114.5,890.6419033483512,228791.80208333334,12,15,49,5,1,0,-0.06540312923014287,-0.9978589232386035,-0.9749279121818236,-0.2225209339563146
2026-08-29 12:30:00,247097,246866.0,247645.0,239081.0,245641.0,248058.0,979.8309377982719,228874.8125,12,30,50,5,1,0,-0.13052619222005177,-0.9914448613738104,-0.9749279121818236,-0.2225209339563146
2026-08-29 12:45:00,246803,247097.0,248841.0,238692.0,246344.0,247921.0,1089.0488204544856,228958.3125,12,45,51,5,1,0,-0.19509032201612792,-0.9807852804032305,-0.9749279121818236,-0.2225209339563146
2026-08-29 13:00:00,244719,246803.0,248880.0,237337.0,244852.0,247411.5,987.1246121944168,229042.80208333334,13,0,52,5,1,0,-0.2588190451025208,-0.9659258262890683,-0.9749279121818236,-0.2225209339563146
2026-08-29 13:15:00,241942,244719.0,246866.0,235421.0,242715.0,246371.25,1108.727310929057,229119.69791666666,13,15,53,5,1,0,-0.32143946530316153,-0.9469301294951057,-0.9749279121818236,-0.2225209339563146
2026-08-29 13:30:00,242602,241942.0,247097.0,235407.0,243286.0,245140.25,2380.4665334061424,229187.625,13,30,54,5,1,0,-0.38268343236508967,-0.9238795325112868,-0.9749279121818236,-0.2225209339563146
2026-08-29 13:45:00,242777,242602.0,246803.0,235100.0,243873.0,244016.5,2203.213486402681,229262.57291666666,13,45,55,5,1,0,-0.44228869021900147,-0.8968727415326883,-0.9749279121818236,-0.2225209339563146
2026-08-29 14:00:00,243797,242777.0,244719.0,233688.0,244895.0,243010.0,1194.7186558628132,229342.54166666666,14,0,56,5,1,0,-0.4999999999999997,-0.8660254037844388,-0.9749279121818236,-0.2225209339563146
2026-08-29 14:15:00,243566,243797.0,241942.0,235008.0,245861.0,242779.5,767.7293359858772,229447.84375,14,15,57,5,1,0,-0.555570233019602,-0.8314696123025455,-0.9749279121818236,-0.2225209339563146
2026-08-29 14:30:00,245638,243566.0,242602.0,236407.0,246850.0,243185.5,584.8239051201538,229536.98958333334,14,30,58,5,1,0,-0.6087614290087207,-0.7933533402912352,-0.9749279121818236,-0.2225209339563146
2026-08-29 14:45:00,246790,245638.0,242777.0,236622.0,248329.0,243944.5,1210.5118751999034,229633.14583333334,14,45,59,5,1,0,-0.6593458151000688,-0.7518398074789774,-0.9749279121818236,-0.2225209339563146
2026-08-29 15:00:00,247469,246790.0,243797.0,237603.0,248414.0,244947.75,1538.807844837467,229739.0625,15,0,60,5,1,0,-0.7071067811865471,-0.7071067811865479,-0.9749279121818236,-0.2225209339563146
2026-08-29 15:15:00,247819,247469.0,243566.0,237859.0,247613.0,245865.75,1709.324306073403,229841.83333333334,15,15,61,5,1,0,-0.7518398074789773,-0.6593458151000691,-0.9749279121818236,-0.2225209339563146
2026-08-29 15:30:00,248300,247819.0,245638.0,238295.0,249351.0,246929.0,960.8506647757379,229945.58333333334,15,30,62,5,1,0,-0.7933533402912349,-0.6087614290087209,-0.9749279121818236,-0.2225209339563146
2026-08-29 15:45:00,248115,248300.0,246790.0,238675.0,249372.0,247594.5,635.3741679776604,230049.80208333334,15,45,63,5,1,0,-0.8314696123025452,-0.5555702330196022,-0.9749279121818236,-0.2225209339563146
2026-08-29 16:00:00,247685,248115.0,247469.0,238194.0,249194.0,247925.75,363.2697574346655,230148.13541666666,16,0,64,5,1,0,-0.8660254037844385,-0.5000000000000004,-0.9749279121818236,-0.2225209339563146
2026-08-29 16:15:00,244291,247685.0,247819.0,236117.0,246593.0,247979.75,279.02852303418854,230247.0,16,15,65,5,1,0,-0.8968727415326883,-0.44228869021900136,-0.9749279121818236,-0.2225209339563146
2026-08-29 16:30:00,244230,244291.0,248300.0,234940.0,245913.0,247097.75,1888.8189210897506,230332.14583333334,16,30,66,5,1,0,-0.9238795325112868,-0.3826834323650895,-0.9749279121818236,-0.2225209339563146
2026-08-29 16:45:00,243497,244230.0,248115.0,233590.0,245093.0,246080.25,2108.7334864004624,230428.91666666666,16,45,67,5,1,0,-0.9469301294951056,-0.3214394653031618,-0.9749279121818236,-0.2225209339563146
2026-08-29 17:00:00,241600,243497.0,247685.0,231327.0,244478.0,244925.75,1874.545522697875,230532.11458333334,17,0,68,5,1,0,-0.9659258262890683,-0.25881904510252063,-0.9749279121818236,-0.2225209339563146
2026-08-29 17:15:00,236999,241600.0,244291.0,226066.0,240569.0,243404.5,1255.9337827555437,230639.125,17,15,69,5,1,0,-0.9807852804032303,-0.19509032201612866,-0.9749279121818236,-0.2225209339563146
2026-08-29 17:30:00,235640,236999.0,244230.0,224603.0,237828.0,241581.5,3249.7867109499125,230753.01041666666,17,30,70,5,1,0,-0.9914448613738104,-0.13052619222005163,-0.9749279121818236,-0.2225209339563146
2026-08-29 17:45:00,234874,235640.0,243497.0,223172.0,237854.0,239434.0,3720.3577784938857,230867.97916666666,17,45,71,5,1,0,-0.9978589232386035,-0.06540312923014273,-0.9749279121818236,-0.2225209339563146
2026-08-29 18:00:00,233867,234874.0,241600.0,222562.0,237945.0,237278.25,3012.1855160884884,230989.875,18,0,72,5,1,0,-1.0,-1.8369701987210297e-16,-0.9749279121818236,-0.2225209339563146
2026-08-29 18:15:00,233305,233867.0,236999.0,220650.0,235919.0,235345.0,1320.235585037731,231107.63541666666,18,15,73,5,1,0,-0.9978589232386036,0.06540312923014237,-0.9749279121818236,-0.2225209339563146
2026-08-29 18:30:00,235394,233305.0,235640.0,223643.0,237956.0,234421.5,1039.7982176043795,231239.45833333334,18,30,74,5,1,0,-0.9914448613738105,0.13052619222005127,-0.9749279121818236,-0.2225209339563146
2026-08-29 18:45:00,238184,235394.0,234874.0,226504.0,240649.0,234360.0,946.823813247874,231361.86458333334,18,45,75,5,1,0,-0.9807852804032304,0.1950903220161283,-0.9749279121818236,-0.2225209339563146
2026-08-29 19:00:00,238818,238184.0,233867.0,228366.0,242123.0,235187.5,2183.970466833267,231483.53125,19,0,76,5,1,0,-0.9659258262890684,0.2588190451025203,-0.9749279121818236,-0.2225209339563146
2026-08-29 19:15:00,240549,238818.0,233305.0,230961.0,243517.0,236425.25,2557.2049031445636,231592.40625,19,15,77,5,1,0,-0.9469301294951057,0.3214394653031615,-0.9749279121818236,-0.2225209339563146
2026-08-29 19:30:00,242351,240549.0,235394.0,232843.0,243302.0,238236.25,2142.301002038053,231692.28125,19,30,78,5,1,0,-0.923879532511287,0.38268343236508917,-0.9749279121818236,-0.2225209339563146
2026-08-29 19:45:00,241999,242351.0,238184.0,232612.0,243157.0,239975.5,1872.7146961919382,231791.32291666666,19,45,79,5,1,0,-0.8968727415326884,0.442288690219001,-0.9749279121818236,-0.2225209339563146
2026-08-29 20:00:00,241007,241999.0,238818.0,231914.0,241933.0,240929.25,1609.1099765605227,231889.10416666666,20,0,80,5,1,0,-0.8660254037844386,0.5000000000000001,-0.9749279121818236,-0.2225209339563146
2026-08-29 20:15:00,239544,241007.0,240549.0,231038.0,240013.0,241476.5,840.3259288315492,231983.82291666666,20,15,81,5,1,0,-0.8314696123025455,0.5555702330196018,-0.9749279121818236,-0.2225209339563146
2026-08-29 20:30:00,239319,239544.0,242351.0,230534.0,240139.0,241225.25,1257.0118999701647,232072.42708333334,20,30,82,5,1,0,-0.7933533402912357,0.6087614290087199,-0.9749279121818236,-0.2225209339563146
2026-08-29 20:45:00,238377,239319.0,241999.0,230736.0,238813.0,240467.25,1266.0248483606485,232163.9375,20,45,83,5,1,0,-0.7518398074789772,0.6593458151000691,-0.9749279121818236,-0.2225209339563146
2026-08-29 21:00:00,238703,238377.0,241007.0,230768.0,238343.0,239561.75,1088.0598558902575,232243.53125,21,0,84,5,1,0,-0.7071067811865477,0.7071067811865474,-0.9749279121818236,-0.2225209339563146
2026-08-29 21:15:00,238208,238703.0,239544.0,230722.0,238117.0,238985.75,539.5129748207431,232326.1875,21,15,85,5,1,0,-0.6593458151000687,0.7518398074789775,-0.9749279121818236,-0.2225209339563146
2026-08-29 21:30:00,238293,238208.0,239319.0,230909.0,238689.0,238651.75,489.9832480128866,232404.16666666666,21,30,86,5,1,0,-0.608761429008721,0.7933533402912349,-0.9749279121818236,-0.2225209339563146
2026-08-29 21:45:00,237686,238293.0,238377.0,231354.0,239863.0,238395.25,216.45688562219587,232481.08333333334,21,45,87,5,1,0,-0.555570233019603,0.8314696123025447,-0.9749279121818236,-0.2225209339563146
2026-08-29 22:00:00,237598,237686.0,238703.0,229959.0,239000.0,238222.5,417.88874117392623,232547.04166666666,22,0,88,5,1,0,-0.5000000000000004,0.8660254037844384,-0.9749279121818236,-0.2225209339563146
2026-08-29 22:15:00,238992,237598.0,238208.0,232947.0,240043.0,237946.25,354.8505553984636,232626.61458333334,22,15,89,5,1,0,-0.4422886902190014,0.8968727415326883,-0.9749279121818236,-0.2225209339563146
2026-08-29 22:30:00,239052,238992.0,238293.0,233007.0,239954.0,238142.25,645.2835939853097,232689.58333333334,22,30,90,5,1,0,-0.38268343236508956,0.9238795325112868,-0.9749279121818236,-0.2225209339563146
2026-08-29 22:45:00,238851,239052.0,237686.0,232250.0,239426.0,238332.0,797.9289859797036,232752.55208333334,22,45,91,5,1,0,-0.32143946530316186,0.9469301294951056,-0.9749279121818236,-0.2225209339563146
2026-08-29 23:00:00,237204,238851.0,237598.0,231311.0,238172.0,238623.25,688.6728178169432,232821.3125,23,0,92,5,1,0,-0.25881904510252157,0.9659258262890681,-0.9749279121818236,-0.2225209339563146
2026-08-29 23:15:00,236166,237204.0,238992.0,229726.0,236824.0,238524.75,884.5214808018676,232882.69791666666,23,15,93,5,1,0,-0.19509032201612872,0.9807852804032303,-0.9749279121818236,-0.2225209339563146
2026-08-29 23:30:00,235234,236166.0,239052.0,227921.0,235327.0,237818.25,1377.914456706195,232949.78125,23,30,94,5,1,0,-0.13052619222005168,0.9914448613738104,-0.9749279121818236,-0.2225209339563146
2026-08-29 23:45:00,233125,235234.0,238851.0,226238.0,233985.0,236863.75,1550.0400801269393,233025.95833333334,23,45,95,5,1,0,-0.0654031292301428,0.9978589232386035,-0.9749279121818236,-0.2225209339563146
2026-08-30 00:00:00,231402,233125.0,237204.0,224413.0,232596.0,235432.25,1735.9140483714266,233097.69791666666,0,0,0,6,1,0,0.0,1.0,-0.7818314824680299,0.6234898018587334
2026-08-30 00:15:00,230576,231402.0,236166.0,224151.0,231143.0,233981.75,2139.1749772595185,233170.5,0,15,1,6,1,0,0.06540312923014306,0.9978589232386035,-0.7818314824680299,0.6234898018587334
2026-08-30 00:30:00,229187,230576.0,235234.0,223182.0,229949.0,232584.25,2061.097502949965,233237.42708333334,0,30,2,6,1,0,0.13052619222005157,0.9914448613738104,-0.7818314824680299,0.6234898018587334
2026-08-30 00:45:00,228404,229187.0,233125.0,221441.0,228195.0,231072.5,1645.4937455568104,233299.97916666666,0,45,3,6,1,0,0.19509032201612825,0.9807852804032304,-0.7818314824680299,0.6234898018587334
2026-08-30 01:00:00,226025,228404.0,231402.0,219548.0,226364.0,229892.25,1348.9656222454025,233372.51041666666,1,0,4,6,1,0,0.25881904510252074,0.9659258262890683,-0.7818314824680299,0.6234898018587334
2026-08-30 01:15:00,224245,226025.0,230576.0,217621.0,224385.0,228548.0,1906.7747638354997,233439.97916666666,1,15,5,6,1,0,0.3214394653031616,0.9469301294951057,-0.7818314824680299,0.6234898018587334
2026-08-30 01:30:00,223522,224245.0,229187.0,216754.0,223172.0,226965.25,2257.580175763405,233508.97916666666,1,30,6,6,1,0,0.3826834323650898,0.9238795325112867,-0.7818314824680299,0.6234898018587334
2026-08-30 01:45:00,222104,223522.0,228404.0,215113.0,221794.0,225549.0,2174.6069376632745,233579.47916666666,1,45,7,6,1,0,0.44228869021900125,0.8968727415326884,-0.7818314824680299,0.6234898018587334
2026-08-30 02:00:00,220200,222104.0,226025.0,213532.0,220111.0,223974.0,1631.0779666629246,233652.30208333334,2,0,8,6,1,0,0.49999999999999994,0.8660254037844387,-0.7818314824680299,0.6234898018587334
2026-08-30 02:15:00,219336,220200.0,224245.0,212979.0,219249.0,222517.75,1782.794131880237,233721.76041666666,2,15,9,6,1,0,0.5555702330196022,0.8314696123025452,-0.7818314824680299,0.6234898018587334
2026-08-30 02:30:00,218404,219336.0,223522.0,212644.0,218619.0,221290.5,1884.2005378055192,233787.97916666666,2,30,10,6,1,0,0.6087614290087207,0.7933533402912352,-0.7818314824680299,0.6234898018587334
2026-08-30 02:45:00,217924,218404.0,222104.0,212965.0,219139.0,220011.0,1576.3294917835533,233847.97916666666,2,45,11,6,1,0,0.6593458151000688,0.7518398074789774,-0.7818314824680299,0.6234898018587334
2026-08-30 03:00:00,217669,217924.0,220200.0,212095.0,217947.0,218966.0,1010.1590633822339,233899.63541666666,3,0,12,6,1,0,0.7071067811865476,0.7071067811865476,-0.7818314824680299,0.6234898018587334
2026-08-30 03:15:00,217230,217669.0,219336.0,211625.0,217878.0,218333.25,734.6715252409966,233957.69791666666,3,15,13,6,1,0,0.7518398074789774,0.6593458151000688,-0.7818314824680299,0.6234898018587334
2026-08-30 03:30:00,216661,217230.0,218404.0,210948.0,217234.0,217806.75,490.6019262089503,234016.08333333334,3,30,14,6,1,0,0.7933533402912352,0.6087614290087207,-0.7818314824680299,0.6234898018587334
2026-08-30 03:45:00,216123,216661.0,217924.0,210017.0,216481.0,217371.0,553.3516061239256,234075.59375,3,45,15,6,1,0,0.8314696123025451,0.5555702330196024,-0.7818314824680299,0.6234898018587334
2026-08-30 04:00:00,215205,216123.0,217669.0,209474.0,215970.0,216920.75,673.1490052976808,234139.19791666666,4,0,16,6,1,0,0.8660254037844386,0.5000000000000001,-0.7818314824680299,0.6234898018587334
2026-08-30 04:15:00,215800,215205.0,217230.0,210658.0,217375.0,216304.75,861.2945198942867,234198.89583333334,4,15,17,6,1,0,0.8968727415326884,0.44228869021900125,-0.7818314824680299,0.6234898018587334
2026-08-30 04:30:00,216300,215800.0,216661.0,210386.0,217424.0,215947.25,609.0825751351508,234252.45833333334,4,30,18,6,1,0,0.9238795325112867,0.38268343236508984,-0.7818314824680299,0.6234898018587334
2026-08-30 04:45:00,216938,216300.0,216123.0,210401.0,217969.0,215857.0,481.44158524158894,234314.0625,4,45,19,6,1,0,0.9469301294951056,0.3214394653031617,-0.7818314824680299,0.6234898018587334
2026-08-30 05:00:00,217787,216938.0,215205.0,210933.0,218582.0,216060.75,736.4570025918681,234382.15625,5,0,20,6,1,0,0.9659258262890683,0.25881904510252074,-0.7818314824680299,0.6234898018587334
2026-08-30 05:15:00,219065,217787.0,215800.0,214075.0,221603.0,216706.25,857.9154484368485,234453.55208333334,5,15,21,6,1,0,0.9807852804032304,0.19509032201612833,-0.7818314824680299,0.6234898018587334
2026-08-30 05:30:00,220605,219065.0,216300.0,215398.0,223473.0,217522.5,1195.1865963103521,234505.53125,5,30,22,6,1,0,0.9914448613738104,0.1305261922200517,-0.7818314824680299,0.6234898018587334
2026-08-30 05:45:00,220402,220605.0,216938.0,215842.0,224028.0,218598.75,1597.8586451873407,234559.77083333334,5,45,23,6,1,0,0.9978589232386035,0.06540312923014327,-0.7818314824680299,0.6234898018587334
2026-08-30 06:00:00,219407,220402.0,217787.0,215567.0,224325.0,219464.75,1310.629969391278,234607.27083333334,6,0,24,6,1,0,1.0,6.123233995736766e-17,-0.7818314824680299,0.6234898018587334
2026-08-30 06:15:00,219361,219407.0,219065.0,217704.0,225647.0,219869.75,749.587164155432,234647.27083333334,6,15,25,6,1,0,0.9978589232386035,-0.06540312923014314,-0.7818314824680299,0.6234898018587334
2026-08-30 06:30:00,221093,219361.0,220605.0,220399.0,228721.0,219943.75,651.9056041073604,234664.53125,6,30,26,6,1,0,0.9914448613738104,-0.1305261922200516,-0.7818314824680299,0.6234898018587334
2026-08-30 06:45:00,220914,221093.0,220402.0,222154.0,230694.0,220065.75,836.4469997156114,234671.76041666666,6,45,27,6,1,0,0.9807852804032304,-0.1950903220161282,-0.7818314824680299,0.6234898018587334
2026-08-30 07:00:00,221078,220914.0,219407.0,222440.0,229968.0,220193.75,938.0580561279684,234658.84375,7,0,28,6,1,0,0.9659258262890683,-0.25881904510252063,-0.7818314824680299,0.6234898018587334
2026-08-30 07:15:00,222082,221078.0,219361.0,223688.0,230457.0,220611.5,837.5999442852075,234644.65625,7,15,29,6,1,0,0.9469301294951057,-0.3214394653031616,-0.7818314824680299,0.6234898018587334
2026-08-30 07:30:00,222194,222082.0,221093.0,224782.0,231338.0,221291.75,533.0355679188548,234627.92708333334,7,30,30,6,1,0,0.9238795325112868,-0.3826834323650895,-0.7818314824680299,0.6234898018587334
2026-08-30 07:45:00,222868,222194.0,220914.0,225257.0,230390.0,221567.0,664.3001329719692,234600.96875,7,45,31,6,1,0,0.8968727415326884,-0.44228869021900113,-0.7818314824680299,0.6234898018587334
2026-08-30 08:00:00,223369,222868.0,221078.0,225552.0,229743.0,222055.5,738.3646344004076,234576.08333333334,8,0,32,6,1,0,0.8660254037844387,-0.4999999999999998,-0.7818314824680299,0.6234898018587334
2026-08-30 08:15:00,227151,223369.0,222082.0,230131.0,232494.0,222628.25,603.6424852509211,234553.34375,8,15,33,6,1,0,0.8314696123025451,-0.5555702330196023,-0.7818314824680299,0.6234898018587334
2026-08-30 08:30:00,229926,227151.0,222194.0,232881.0,233898.0,223895.5,2223.0865180344563,234522.30208333334,8,30,34,6,1,0,0.7933533402912352,-0.6087614290087207,-0.7818314824680299,0.6234898018587334
2026-08-30 08:45:00,232142,229926.0,222868.0,235678.0,234964.0,225828.5,3334.2771830388137,234491.52083333334,8,45,35,6,1,0,0.7518398074789774,-0.6593458151000688,-0.7818314824680299,0.6234898018587334
2026-08-30 09:00:00,233796,232142.0,223369.0,237454.0,236305.0,228147.0,3783.568245276747,234454.6875,9,0,36,6,1,0,0.7071067811865476,-0.7071067811865475,-0.7818314824680299,0.6234898018587334
2026-08-30 09:15:00,237436,233796.0,227151.0,242437.0,239995.0,230753.75,2877.9333296655636,234416.58333333334,9,15,37,6,1,0,0.659345815100069,-0.7518398074789773,-0.7818314824680299,0.6234898018587334
2026-08-30 09:30:00,238511,237436.0,229926.0,245052.0,240769.0,233325.0,3166.2202492351366,234364.48958333334,9,30,38,6,1,0,0.6087614290087209,-0.793353340291235,-0.7818314824680299,0.6234898018587334
2026-08-30 09:45:00,240055,238511.0,232142.0,247112.0,240651.0,235471.25,2999.4827748574603,234296.35416666666,9,45,39,6,1,0,0.5555702330196025,-0.831469612302545,-0.7818314824680299,0.6234898018587334
2026-08-30 10:00:00,239799,240055.0,233796.0,246823.0,240651.0,237449.5,2662.308334259315,234222.84375,10,0,40,6,1,0,0.49999999999999994,-0.8660254037844387,-0.7818314824680299,0.6234898018587334
2026-08-30 10:15:00,239588,239799.0,237436.0,247297.0,240553.0,238950.25,1214.7349162128314,234149.67708333334,10,15,41,6,1,0,0.4422886902190017,-0.8968727415326881,-0.7818314824680299,0.6234898018587334
2026-08-30 10:30:00,239821,239588.0,238511.0,247198.0,241056.0,239488.25,678.9056758244069,234069.375,10,30,42,6,1,0,0.3826834323650899,-0.9238795325112867,-0.7818314824680299,0.6234898018587334
2026-08-30 10:45:00,240567,239821.0,240055.0,247063.0,240690.0,239815.75,190.97883826904658,233992.53125,10,45,43,6,1,0,0.32143946530316175,-0.9469301294951056,-0.7818314824680299,0.6234898018587334
2026-08-30 11:00:00,240755,240567.0,239799.0,247115.0,240527.0,239943.75,428.5707837295896,233924.86458333334,11,0,44,6,1,0,0.258819045102521,-0.9659258262890682,-0.7818314824680299,0.6234898018587334
2026-08-30 11:15:00,240794,240755.0,239588.0,247092.0,240594.0,240182.75,565.5996080856091,233858.61458333334,11,15,45,6,1,0,0.19509032201612816,-0.9807852804032304,-0.7818314824680299,0.6234898018587334
2026-08-30 11:30:00,241438,240794.0,239821.0,247645.0,240269.0,240484.25,453.1367527210684,233793.01041666666,11,30,46,6,1,0,0.130526192220052,-0.9914448613738104,-0.7818314824680299,0.6234898018587334
2026-08-30 11:45:00,241504,241438.0,240567.0,248841.0,240845.0,240888.5,379.50186648630694,233728.35416666666,11,45,47,6,1,0,0.06540312923014312,-0.9978589232386035,-0.7818314824680299,0.6234898018587334
2026-08-30 12:00:00,241269,241504.0,240755.0,248880.0,239995.0,241122.75,403.34053023872974,233651.92708333334,12,0,48,6,1,0,1.2246467991473532e-16,-1.0,-0.7818314824680299,0.6234898018587334
2026-08-30 12:15:00,239147,241269.0,240794.0,246866.0,238897.0,241251.25,320.49479974968665,233572.64583333334,12,15,49,6,1,0,-0.06540312923014287,-0.9978589232386035,-0.7818314824680299,0.6234898018587334
2026-08-30 12:30:00,239131,239147.0,241438.0,247097.0,239081.0,240839.5,1132.6648518721624,233492.23958333334,12,30,50,6,1,0,-0.13052619222005177,-0.9914448613738104,-0.7818314824680299,0.6234898018587334
2026-08-30 12:45:00,238991,239131.0,241504.0,246803.0,238692.0,240262.75,1301.1529182485,233409.26041666666,12,45,51,6,1,0,-0.19509032201612792,-0.9807852804032305,-0.7818314824680299,0.6234898018587334
2026-08-30 13:00:00,237919,238991.0,241269.0,244719.0,237337.0,239634.5,1091.9174266704363,233327.88541666666,13,0,52,6,1,0,-0.2588190451025208,-0.9659258262890683,-0.7818314824680299,0.6234898018587334
2026-08-30 13:15:00,236059,237919.0,239147.0,241942.0,235421.0,238797.0,589.5127931887877,233257.05208333334,13,15,53,6,1,0,-0.32143946530316153,-0.9469301294951057,-0.7818314824680299,0.6234898018587334
2026-08-30 13:30:00,236484,236059.0,239131.0,242602.0,235407.0,238025.0,1418.0719304745865,233195.77083333334,13,30,54,6,1,0,-0.38268343236508967,-0.9238795325112868,-0.7818314824680299,0.6234898018587334
2026-08-30 13:45:00,237329,236484.0,238991.0,242777.0,235100.0,237363.25,1345.6815807116457,233132.04166666666,13,45,55,6,1,0,-0.44228869021900147,-0.8968727415326883,-0.7818314824680299,0.6234898018587334
2026-08-30 14:00:00,236479,237329.0,237919.0,243797.0,233688.0,236947.75,835.3878839596546,233075.29166666666,14,0,56,6,1,0,-0.4999999999999997,-0.8660254037844388,-0.7818314824680299,0.6234898018587334
2026-08-30 14:15:00,236868,236479.0,236059.0,243566.0,235008.0,236587.75,532.7972566244962,232999.0625,14,15,57,6,1,0,-0.555570233019602,-0.8314696123025455,-0.7818314824680299,0.6234898018587334
2026-08-30 14:30:00,237890,236868.0,236484.0,245638.0,236407.0,236790.0,402.89039038749644,232929.29166666666,14,30,58,6,1,0,-0.6087614290087207,-0.7933533402912352,-0.7818314824680299,0.6234898018587334
2026-08-30 14:45:00,239079,237890.0,237329.0,246790.0,236622.0,237141.5,608.0342643853135,232848.58333333334,14,45,59,6,1,0,-0.6593458151000688,-0.7518398074789774,-0.7818314824680299,0.6234898018587334
2026-08-30 15:00:00,238878,239079.0,236479.0,247469.0,237603.0,237579.0,1163.6497181998495,232768.26041666666,15,0,60,6,1,0,-0.7071067811865471,-0.7071067811865479,-0.7818314824680299,0.6234898018587334
2026-08-30 15:15:00,238837,238878.0,236868.0,247819.0,237859.0,238178.75,1016.6682103813065,232678.77083333334,15,15,61,6,1,0,-0.7518398074789773,-0.6593458151000691,-0.7818314824680299,0.6234898018587334
2026-08-30 15:30:00,240167,238837.0,237890.0,248300.0,238295.0,238671.0,531.2971547699083,232585.20833333334,15,30,62,6,1,0,-0.7933533402912349,-0.6087614290087209,-0.7818314824680299,0.6234898018587334
2026-08-30 15:45:00,239731,240167.0,239079.0,248115.0,238675.0,239240.25,626.818088975258,232500.48958333334,15,45,63,6,1,0,-0.8314696123025452,-0.5555702330196022,-0.7818314824680299,0.6234898018587334
2026-08-30 16:00:00,238494,239731.0,238878.0,247685.0,238194.0,239403.25,655.0472629258094,232413.15625,16,0,64,6,1,0,-0.8660254037844385,-0.5000000000000004,-0.7818314824680299,0.6234898018587334
2026-08-30 16:15:00,234779,238494.0,238837.0,244291.0,236117.0,239307.25,774.8644505115687,232317.41666666666,16,15,65,6,1,0,-0.8968727415326883,-0.44228869021900136,-0.7818314824680299,0.6234898018587334
2026-08-30 16:30:00,234892,234779.0,240167.0,244230.0,234940.0,238292.75,2447.333021202181,232218.33333333334,16,30,66,6,1,0,-0.9238795325112868,-0.3826834323650895,-0.7818314824680299,0.6234898018587334
2026-08-30 16:45:00,234017,234892.0,239731.0,243497.0,233590.0,236974.0,2520.8595095059536,232121.0625,16,45,67,6,1,0,-0.9469301294951056,-0.3214394653031618,-0.7818314824680299,0.6234898018587334
2026-08-30 17:00:00,232236,234017.0,238494.0,241600.0,231327.0,235545.5,2003.7089775380546,232022.3125,17,0,68,6,1,0,-0.9659258262890683,-0.25881904510252063,-0.7818314824680299,0.6234898018587334
2026-08-30 17:15:00,227002,232236.0,234779.0,236999.0,226066.0,233981.0,1226.5189222619358,231924.77083333334,17,15,69,6,1,0,-0.9807852804032303,-0.19509032201612866,-0.7818314824680299,0.6234898018587334
2026-08-30 17:30:00,225503,227002.0,234892.0,235640.0,224603.0,232036.75,3533.753941160389,231820.63541666666,17,30,70,6,1,0,-0.9914448613738104,-0.13052619222005163,-0.7818314824680299,0.6234898018587334
2026-08-30 17:45:00,224361,225503.0,234017.0,234874.0,223172.0,229689.5,4080.905005837134,231715.04166666666,17,45,71,6,1,0,-0.9978589232386035,-0.06540312923014273,-0.7818314824680299,0.6234898018587334
2026-08-30 18:00:00,223413,224361.0,232236.0,233867.0,222562.0,227275.5,3479.3404068395753,231605.53125,18,0,72,6,1,0,-1.0,-1.8369701987210297e-16,-0.7818314824680299,0.6234898018587334
2026-08-30 18:15:00,222538,223413.0,227002.0,233305.0,220650.0,225069.75,1545.7945907094447,231496.63541666666,18,15,73,6,1,0,-0.9978589232386036,0.06540312923014237,-0.7818314824680299,0.6234898018587334
2026-08-30 18:30:00,225358,222538.0,225503.0,235394.0,223643.0,223953.75,1273.1570667700703,231384.47916666666,18,30,74,6,1,0,-0.9914448613738105,0.13052619222005127,-0.7818314824680299,0.6234898018587334
2026-08-30 18:45:00,228169,225358.0,224361.0,238184.0,226504.0,223917.5,1215.0820274093583,231279.9375,18,45,75,6,1,0,-0.9807852804032304,0.1950903220161283,-0.7818314824680299,0.6234898018587334
2026-08-30 19:00:00,229734,228169.0,223413.0,238818.0,228366.0,224869.5,2495.5037567593267,231175.61458333334,19,0,76,6,1,0,-0.9659258262890684,0.2588190451025203,-0.7818314824680299,0.6234898018587334
2026-08-30 19:15:00,232396,229734.0,222538.0,240549.0,230961.0,226449.75,3174.682385688356,231080.98958333334,19,15,77,6,1,0,-0.9469301294951057,0.3214394653031615,-0.7818314824680299,0.6234898018587334
2026-08-30 19:30:00,233966,232396.0,225358.0,242351.0,232843.0,228914.25,2943.7439171911574,230996.0625,19,30,78,6,1,0,-0.923879532511287,0.38268343236508917,-0.7818314824680299,0.6234898018587334
2026-08-30 19:45:00,233646,233966.0,228169.0,241999.0,232612.0,231066.25,2604.210228968972,230908.71875,19,45,79,6,1,0,-0.8968727415326884,0.442288690219001,-0.7818314824680299,0.6234898018587334
2026-08-30 20:00:00,232372,233646.0,229734.0,241007.0,231914.0,232435.5,1924.17973865921,230821.70833333334,20,0,80,6,1,0,-0.8660254037844386,0.5000000000000001,-0.7818314824680299,0.6234898018587334
2026-08-30 20:15:00,231058,232372.0,232396.0,239544.0,231038.0,233095.0,831.3787744864705,230731.76041666666,20,15,81,6,1,0,-0.8314696123025455,0.5555702330196018,-0.7818314824680299,0.6234898018587334
2026-08-30 20:30:00,231067,231058.0,233966.0,239319.0,230534.0,232760.5,1327.5012868794613,230643.36458333334,20,30,82,6,1,0,-0.7933533402912357,0.6087614290087199,-0.7818314824680299,0.6234898018587334
2026-08-30 20:45:00,231720,231067.0,233646.0,238377.0,230736.0,232035.75,1238.3376962686518,230557.40625,20,45,83,6,1,0,-0.7518398074789772,0.6593458151000691,-0.7818314824680299,0.6234898018587334
2026-08-30 21:00:00,231550,231720.0,232372.0,238703.0,230768.0,231554.25,627.1269807622311,230488.0625,21,0,84,6,1,0,-0.7071067811865477,0.7071067811865474,-0.7818314824680299,0.6234898018587334
2026-08-30 21:15:00,231806,231550.0,231058.0,238208.0,230722.0,231348.75,337.7606400987982,230413.55208333334,21,15,85,6,1,0,-0.6593458151000687,0.7518398074789775,-0.7818314824680299,0.6234898018587334
2026-08-30 21:30:00,232667,231806.0,231067.0,238293.0,230909.0,231535.75,330.10743200754865,230346.86458333334,21,30,86,6,1,0,-0.608761429008721,0.7933533402912349,-0.7818314824680299,0.6234898018587334
2026-08-30 21:45:00,232586,232667.0,231720.0,237686.0,231354.0,231935.75,498.96985546886333,230288.26041666666,21,45,87,6,1,0,-0.555570233019603,0.8314696123025447,-0.7818314824680299,0.6234898018587334
2026-08-30 22:00:00,231882,232586.0,231550.0,237598.0,229959.0,232152.25,558.4803040394117,230235.13541666666,22,0,88,6,1,0,-0.5000000000000004,0.8660254037844384,-0.7818314824680299,0.6234898018587334
2026-08-30 22:15:00,232765,231882.0,231806.0,238992.0,232947.0,232235.25,454.0465284527058,230175.59375,22,15,89,6,1,0,-0.4422886902190014,0.8968727415326883,-0.7818314824680299,0.6234898018587334
2026-08-30 22:30:00,232580,232765.0,232667.0,239052.0,233007.0,232475.0,402.05057724945266,230110.72916666666,22,30,90,6,1,0,-0.38268343236508956,0.9238795325112868,-0.7818314824680299,0.6234898018587334
2026-08-30 22:45:00,231943,232580.0,232586.0,238851.0,232250.0,232453.25,390.3855999734341,230043.3125,22,45,91,6,1,0,-0.32143946530316186,0.9469301294951056,-0.7818314824680299,0.6234898018587334
2026-08-30 23:00:00,230591,231943.0,231882.0,237204.0,231311.0,232292.5,445.93459909118747,229971.35416666666,23,0,92,6,1,0,-0.25881904510252157,0.9659258262890681,-0.7818314824680299,0.6234898018587334
2026-08-30 23:15:00,229439,230591.0,232765.0,236166.0,229726.0,231969.75,984.2924277537077,229902.46875,23,15,93,6,1,0,-0.19509032201612872,0.9807852804032303,-0.7818314824680299,0.6234898018587334
2026-08-30 23:30:00,227673,229439.0,232580.0,235234.0,227921.0,231138.25,1403.9466692150193,229832.39583333334,23,30,94,6,1,0,-0.13052619222005168,0.9914448613738104,-0.7818314824680299,0.6234898018587334
2026-08-30 23:45:00,225778,227673.0,231943.0,233125.0,226238.0,229911.5,1809.4981808961845,229753.63541666666,23,45,95,6,1,0,-0.0654031292301428,0.9978589232386035,-0.7818314824680299,0.6234898018587334
2026-08-31 00:00:00,223749,225778.0,230591.0,231402.0,224413.0,228370.25,2103.954589972563,229677.10416666666,0,0,0,0,0,0,0.0,1.0,0.0,1.0
2026-08-31 00:15:00,223386,223749.0,229439.0,230576.0,224151.0,226659.75,2449.5479004638014,229597.38541666666,0,15,1,0,0,0,0.06540312923014306,0.9978589232386035,0.0,1.0
2026-08-31 00:30:00,222518,223386.0,227673.0,229187.0,223182.0,225146.5,1986.1487859674473,229522.48958333334,0,30,2,0,0,0,0.13052619222005157,0.9914448613738104,0.0,1.0
2026-08-31 00:45:00,220854,222518.0,225778.0,228404.0,221441.0,223857.75,1380.4183846452656,229453.02083333334,0,45,3,0,0,0,0.19509032201612825,0.9807852804032304,0.0,1.0
2026-08-31 01:00:00,219653,220854.0,223749.0,226025.0,219548.0,222626.75,1289.7512357039886,229374.375,1,0,4,0,0,0,0.25881904510252074,0.9659258262890683,0.0,1.0
2026-08-31 01:15:00,217869,219653.0,223386.0,224245.0,217621.0,221602.75,1671.3083447806061,229308.0,1,15,5,0,0,0,0.3214394653031616,0.9469301294951057,0.0,1.0
2026-08-31 01:30:00,216473,217869.0,222518.0,223522.0,216754.0,220223.5,1960.561229172224,229241.58333333334,1,30,6,0,0,0,0.3826834323650898,0.9238795325112867,0.0,1.0
2026-08-31 01:45:00,215302,216473.0,220854.0,222104.0,215113.0,218712.25,1931.9605542901975,229168.15625,1,45,7,0,0,0,0.44228869021900125,0.8968727415326884,0.0,1.0
2026-08-31 02:00:00,214069,215302.0,219653.0,220200.0,213532.0,217324.25,1873.8508256172993,229097.30208333334,2,0,8,0,0,0,0.49999999999999994,0.8660254037844387,0.0,1.0
2026-08-31 02:15:00,213439,214069.0,217869.0,219336.0,212979.0,215928.25,1624.0138289640993,229033.4375,2,15,9,0,0,0,0.5555702330196022,0.8314696123025452,0.0,1.0
2026-08-31 02:30:00,212908,213439.0,216473.0,218404.0,212644.0,214820.75,1346.092214523202,228972.01041666666,2,30,10,0,0,0,0.6087614290087207,0.7933533402912352,0.0,1.0
2026-08-31 02:45:00,213010,212908.0,215302.0,217924.0,212965.0,213929.5,1030.7390552414215,228914.76041666666,2,45,11,0,0,0,0.6593458151000688,0.7518398074789774,0.0,1.0
2026-08-31 03:00:00,212472,213010.0,214069.0,217669.0,212095.0,213356.5,527.7868888102264,228863.57291666666,3,0,12,0,0,0,0.7071067811865476,0.7071067811865476,0.0,1.0
2026-08-31 03:15:00,212690,212472.0,213439.0,217230.0,211625.0,212957.25,396.9713465729967,228809.4375,3,15,13,0,0,0,0.7518398074789774,0.6593458151000688,0.0,1.0
2026-08-31 03:30:00,211613,212690.0,212908.0,216661.0,210948.0,212770.0,239.33797581379164,228762.14583333334,3,30,14,0,0,0,0.7933533402912352,0.6087614290087207,0.0,1.0
2026-08-31 03:45:00,210551,211613.0,213010.0,216123.0,210017.0,212446.25,597.8285010491245,228709.5625,3,45,15,0,0,0,0.8314696123025451,0.5555702330196024,0.0,1.0
2026-08-31 04:00:00,210195,210551.0,212472.0,215205.0,209474.0,211831.5,972.0570970884283,228651.52083333334,4,0,16,0,0,0,0.8660254037844386,0.5000000000000001,0.0,1.0
2026-08-31 04:15:00,211517,210195.0,212690.0,215800.0,210658.0,211262.25,1126.4094504219956,228599.33333333334,4,15,17,0,0,0,0.8968727415326884,0.44228869021900125,0.0,1.0
2026-08-31 04:30:00,212592,211517.0,211613.0,216300.0,210386.0,210969.0,704.4714330616857,228554.71875,4,30,18,0,0,0,0.9238795325112867,0.38268343236508984,0.0,1.0
2026-08-31 04:45:00,212942,212592.0,210551.0,216938.0,210401.0,211213.75,1075.2709348500573,228516.09375,4,45,19,0,0,0,0.9469301294951056,0.3214394653031617,0.0,1.0
2026-08-31 05:00:00,214113,212942.0,210195.0,217787.0,210933.0,211811.5,1236.5291477896192,228474.46875,5,0,20,0,0,0,0.9659258262890683,0.25881904510252074,0.0,1.0
2026-08-31 05:15:00,216368,214113.0,211517.0,219065.0,214075.0,212791.0,1069.7604093129041,228436.19791666666,5,15,21,0,0,0,0.9807852804032304,0.19509032201612833,0.0,1.0
2026-08-31 05:30:00,218326,216368.0,212592.0,220605.0,215398.0,214003.75,1705.0869723663143,228408.10416666666,5,30,22,0,0,0,0.9914448613738104,0.1305261922200517,0.0,1.0
2026-08-31 05:45:00,220162,218326.0,212942.0,220402.0,215842.0,215437.25,2393.8172270803475,228384.36458333334,5,45,23,0,0,0,0.9978589232386035,0.06540312923014327,0.0,1.0
2026-08-31 06:00:00,220692,220162.0,214113.0,219407.0,215567.0,217242.25,2598.4593351958856,228381.86458333334,6,0,24,0,0,0,1.0,6.123233995736766e-17,0.0,1.0
2026-08-31 06:15:00,222610,220692.0,216368.0,219361.0,217704.0,218887.0,1961.6092033497978,228395.25,6,15,25,0,0,0,0.9978589232386035,-0.06540312923014314,0.0,1.0
2026-08-31 06:30:00,224725,222610.0,218326.0,221093.0,220399.0,220447.5,1762.428154564031,228429.09375,6,30,26,0,0,0,0.9914448613738104,-0.1305261922200516,0.0,1.0
2026-08-31 06:45:00,226667,224725.0,220162.0,220914.0,222154.0,222047.25,2071.8673340732976,228466.92708333334,6,45,27,0,0,0,0.9807852804032304,-0.1950903220161282,0.0,1.0
2026-08-31 07:00:00,228190,226667.0,220692.0,221078.0,222440.0,223673.5,2587.603073631401,228526.85416666666,7,0,28,0,0,0,0.9659258262890683,-0.25881904510252063,0.0,1.0
2026-08-31 07:15:00,230216,228190.0,222610.0,222082.0,223688.0,225548.0,2418.0913961221545,228600.9375,7,15,29,0,0,0,0.9469301294951057,-0.3214394653031616,0.0,1.0
2026-08-31 07:30:00,230990,230216.0,224725.0,222194.0,224782.0,227449.5,2326.447148192562,228685.66666666666,7,30,30,0,0,0,0.9238795325112868,-0.3826834323650895,0.0,1.0
2026-08-31 07:45:00,231340,230990.0,226667.0,222868.0,225257.0,229015.75,1961.0161269097168,228777.29166666666,7,45,31,0,0,0,0.8968727415326884,-0.44228869021900113,0.0,1.0
2026-08-31 08:00:00,231193,231340.0,228190.0,223369.0,225552.0,230184.0,1409.8501102363086,228865.54166666666,8,0,32,0,0,0,0.8660254037844387,-0.4999999999999998,0.0,1.0
2026-08-31 08:15:00,235289,231193.0,230216.0,227151.0,230131.0,230934.75,500.19154664322207,228947.04166666666,8,15,33,0,0,0,0.8314696123025451,-0.5555702330196023,0.0,1.0
2026-08-31 08:30:00,237837,235289.0,230990.0,229926.0,232881.0,232203.0,2062.33152847289,229031.8125,8,30,34,0,0,0,0.7933533402912352,-0.6087614290087207,0.0,1.0
2026-08-31 08:45:00,241031,237837.0,231340.0,232142.0,235678.0,233914.75,3230.5762514862026,229114.21875,8,45,35,0,0,0,0.7518398074789774,-0.6593458151000688,0.0,1.0
2026-08-31 09:00:00,242588,241031.0,231193.0,233796.0,237454.0,236337.5,4157.0291876130295,229206.8125,9,0,36,0,0,0,0.7071067811865476,-0.7071067811865475,0.0,1.0
2026-08-31 09:15:00,248504,242588.0,235289.0,237436.0,242437.0,239186.25,3265.1717029889787,229298.39583333334,9,15,37,0,0,0,0.659345815100069,-0.7518398074789773,0.0,1.0
2026-08-31 09:30:00,249541,248504.0,237837.0,238511.0,245052.0,242490.0,4470.529051465824,229413.6875,9,30,38,0,0,0,0.6087614290087209,-0.793353340291235,0.0,1.0
2026-08-31 09:45:00,251261,249541.0,241031.0,240055.0,247112.0,245416.0,4233.878363864497,229528.58333333334,9,45,39,0,0,0,0.5555702330196025,-0.831469612302545,0.0,1.0
2026-08-31 10:00:00,251076,251261.0,242588.0,239799.0,246823.0,247973.5,3766.065719022962,229645.3125,10,0,40,0,0,0,0.49999999999999994,-0.8660254037844387,0.0,1.0
2026-08-31 10:15:00,250889,251076.0,248504.0,239588.0,247297.0,250095.5,1311.5020650638057,229762.78125,10,15,41,0,0,0,0.4422886902190017,-0.8968727415326881,0.0,1.0
2026-08-31 10:30:00,251099,250889.0,249541.0,239821.0,247198.0,250691.75,782.0542926591651,229880.5,10,30,42,0,0,0,0.3826834323650899,-0.9238795325112867,0.0,1.0
2026-08-31 10:45:00,250849,251099.0,251261.0,240567.0,247063.0,251081.25,152.32941278675142,229997.97916666666,10,45,43,0,0,0,0.32143946530316175,-0.9469301294951056,0.0,1.0
2026-08-31 11:00:00,251256,250849.0,251076.0,240755.0,247115.0,250978.25,127.54966353003121,230105.08333333334,11,0,44,0,0,0,0.258819045102521,-0.9659258262890682,0.0,1.0
2026-08-31 11:15:00,249563,251256.0,250889.0,240794.0,247092.0,251023.25,189.99714910130785,230214.46875,11,15,45,0,0,0,0.19509032201612816,-0.9807852804032304,0.0,1.0
2026-08-31 11:30:00,250878,249563.0,251099.0,241438.0,247645.0,250691.75,770.9376866301352,230305.8125,11,30,46,0,0,0,0.130526192220052,-0.9914448613738104,0.0,1.0
2026-08-31 11:45:00,250612,250878.0,250849.0,241504.0,248841.0,250636.5,739.2926799763572,230404.14583333334,11,45,47,0,0,0,0.06540312923014312,-0.9978589232386035,0.0,1.0
2026-08-31 12:00:00,249904,250612.0,251256.0,241269.0,248880.0,250577.25,725.9620628287845,230499.02083333334,12,0,48,0,0,0,1.2246467991473532e-16,-1.0,0.0,1.0
2026-08-31 12:15:00,248468,249904.0,249563.0,239147.0,246866.0,250239.25,610.0958258065892,230588.96875,12,15,49,0,0,0,-0.06540312923014287,-0.9978589232386035,0.0,1.0
2026-08-31 12:30:00,247391,248468.0,250878.0,239131.0,247097.0,249965.5,1079.6460839861466,230686.0625,12,30,50,0,0,0,-0.13052619222005177,-0.9914448613738104,0.0,1.0
2026-08-31 12:45:00,247714,247391.0,250612.0,238991.0,246803.0,249093.75,1443.6653294075106,230772.10416666666,12,45,51,0,0,0,-0.19509032201612792,-0.9807852804032305,0.0,1.0
2026-08-31 13:00:00,245380,247714.0,249904.0,237919.0,244719.0,248369.25,1118.2627523678366,230862.96875,13,0,52,0,0,0,-0.2588190451025208,-0.9659258262890683,0.0,1.0
2026-08-31 13:15:00,242453,245380.0,248468.0,236059.0,241942.0,247238.25,1318.464858588684,230940.6875,13,15,53,0,0,0,-0.32143946530316153,-0.9469301294951057,0.0,1.0
2026-08-31 13:30:00,243021,242453.0,247391.0,236484.0,242602.0,245734.5,2419.113129502896,231007.29166666666,13,30,54,0,0,0,-0.38268343236508967,-0.9238795325112868,0.0,1.0
2026-08-31 13:45:00,243716,243021.0,247714.0,237329.0,242777.0,244642.0,2408.401267784635,231075.38541666666,13,45,55,0,0,0,-0.44228869021900147,-0.8968727415326883,0.0,1.0
2026-08-31 14:00:00,244339,243716.0,245380.0,236479.0,243797.0,243642.5,1268.2640366527141,231141.91666666666,14,0,56,0,0,0,-0.4999999999999997,-0.8660254037844388,0.0,1.0
2026-08-31 14:15:00,244080,244339.0,242453.0,236868.0,243566.0,243382.25,820.7246290118503,231223.79166666666,14,15,57,0,0,0,-0.555570233019602,-0.8314696123025455,0.0,1.0
2026-08-31 14:30:00,246389,244080.0,243021.0,237890.0,245638.0,243789.0,572.22781011293,231298.91666666666,14,30,58,0,0,0,-0.6087614290087207,-0.7933533402912352,0.0,1.0
2026-08-31 14:45:00,247392,246389.0,243716.0,239079.0,246790.0,244631.0,1199.5351877567575,231387.44791666666,14,45,59,0,0,0,-0.6593458151000688,-0.7518398074789774,0.0,1.0
2026-08-31 15:00:00,247771,247392.0,244339.0,238878.0,247469.0,245550.0,1604.6085711682583,231474.04166666666,15,0,60,0,0,0,-0.7071067811865471,-0.7071067811865479,0.0,1.0
2026-08-31 15:15:00,248441,247771.0,244080.0,238837.0,247819.0,246408.0,1657.9073154632763,231566.67708333334,15,15,61,0,0,0,-0.7518398074789773,-0.6593458151000691,0.0,1.0
2026-08-31 15:30:00,250201,248441.0,246389.0,240167.0,248300.0,247498.25,857.3009487144217,231666.71875,15,30,62,0,0,0,-0.7933533402912349,-0.6087614290087209,0.0,1.0
2026-08-31 15:45:00,250924,250201.0,247392.0,239731.0,248115.0,248451.25,1244.5187490217443,231771.23958333334,15,45,63,0,0,0,-0.8314696123025452,-0.5555702330196022,0.0,1.0
2026-08-31 16:00:00,250423,250924.0,247771.0,238494.0,247685.0,249334.25,1474.2463328765557,231887.83333333334,16,0,64,0,0,0,-0.8660254037844385,-0.5000000000000004,0.0,1.0
2026-08-31 16:15:00,249283,250423.0,248441.0,234779.0,244291.0,249997.25,1080.6721288161207,232012.09375,16,15,65,0,0,0,-0.8968727415326883,-0.44228869021900136,0.0,1.0
2026-08-31 16:30:00,250243,249283.0,250201.0,234892.0,244230.0,250207.75,686.671864867031,232163.17708333334,16,30,66,0,0,0,-0.9238795325112868,-0.3826834323650895,0.0,1.0
2026-08-31 16:45:00,249823,250243.0,250924.0,234017.0,243497.0,250218.25,686.8553341133531,232323.08333333334,16,45,67,0,0,0,-0.9469301294951056,-0.3214394653031618,0.0,1.0
2026-08-31 17:00:00,248145,249823.0,250423.0,232236.0,241600.0,249943.0,506.75437837276354,232487.72916666666,17,0,68,0,0,0,-0.9659258262890683,-0.25881904510252063,0.0,1.0
2026-08-31 17:15:00,243374,248145.0,249283.0,227002.0,236999.0,249373.5,908.3837294887916,232653.44791666666,17,15,69,0,0,0,-0.9807852804032303,-0.19509032201612866,0.0,1.0
2026-08-31 17:30:00,241570,243374.0,250243.0,225503.0,235640.0,247896.25,3148.132925507851,232823.98958333334,17,30,70,0,0,0,-0.9914448613738104,-0.13052619222005163,0.0,1.0
2026-08-31 17:45:00,240801,241570.0,249823.0,224361.0,234874.0,245728.0,3891.923003691956,232991.35416666666,17,45,71,0,0,0,-0.9978589232386035,-0.06540312923014273,0.0,1.0
2026-08-31 18:00:00,240503,240801.0,248145.0,223413.0,233867.0,243472.5,3296.380692011561,233162.60416666666,18,0,72,0,0,0,-1.0,-1.8369701987210297e-16,0.0,1.0
2026-08-31 18:15:00,238056,240503.0,243374.0,222538.0,233305.0,241562.0,1288.9284955600212,233340.625,18,15,73,0,0,0,-0.9978589232386036,0.06540312923014237,0.0,1.0
2026-08-31 18:30:00,239003,238056.0,241570.0,225358.0,235394.0,240232.5,1519.0370853493405,233502.27083333334,18,30,74,0,0,0,-0.9914448613738105,0.13052619222005127,0.0,1.0
2026-08-31 18:45:00,239371,239003.0,240801.0,228169.0,238184.0,239590.75,1290.7120450872378,233644.40625,18,45,75,0,0,0,-0.9807852804032304,0.1950903220161283,0.0,1.0
2026-08-31 19:00:00,240587,239371.0,240503.0,229734.0,238818.0,239233.25,1011.627854829342,233761.09375,19,0,76,0,0,0,-0.9659258262890684,0.2588190451025203,0.0,1.0
2026-08-31 19:15:00,241867,240587.0,238056.0,232396.0,240549.0,239254.25,1047.024792765967,233874.14583333334,19,15,77,0,0,0,-0.9469301294951057,0.3214394653031615,0.0,1.0
2026-08-31 19:30:00,242232,241867.0,239003.0,233966.0,242351.0,240207.0,1297.2422030343032,233972.80208333334,19,30,78,0,0,0,-0.923879532511287,0.38268343236508917,0.0,1.0
2026-08-31 19:45:00,241609,242232.0,239371.0,233646.0,241999.0,241014.25,1302.933964814264,234058.90625,19,45,79,0,0,0,-0.8968727415326884,0.442288690219001,0.0,1.0
2026-08-31 20:00:00,239827,241609.0,240587.0,232372.0,241007.0,241573.75,705.7399780844344,234141.85416666666,20,0,80,0,0,0,-0.8660254037844386,0.5000000000000001,0.0,1.0
2026-08-31 20:15:00,237850,239827.0,241867.0,231058.0,239544.0,241383.75,1068.8415457868157,234219.51041666666,20,15,81,0,0,0,-0.8314696123025455,0.5555702330196018,0.0,1.0
2026-08-31 20:30:00,237857,237850.0,242232.0,231067.0,239319.0,240379.5,1970.3682396952959,234290.26041666666,20,30,82,0,0,0,-0.7933533402912357,0.6087614290087199,0.0,1.0
2026-08-31 20:45:00,237601,237857.0,241609.0,231720.0,238377.0,239285.75,1806.760152870308,234360.98958333334,20,45,83,0,0,0,-0.7518398074789772,0.6593458151000691,0.0,1.0
2026-08-31 21:00:00,236484,237601.0,239827.0,231550.0,238703.0,238283.75,1035.6998841363018,234422.25,21,0,84,0,0,0,-0.7071067811865477,0.7071067811865474,0.0,1.0
2026-08-31 21:15:00,237532,236484.0,237850.0,231806.0,238208.0,237448.0,653.6028355711315,234473.64583333334,21,15,85,0,0,0,-0.6593458151000687,0.7518398074789775,0.0,1.0
2026-08-31 21:30:00,236675,237532.0,237857.0,232667.0,238293.0,237368.5,606.0145762823066,234533.29166666666,21,30,86,0,0,0,-0.608761429008721,0.7933533402912349,0.0,1.0
2026-08-31 21:45:00,236802,236675.0,237601.0,232586.0,237686.0,237073.0,575.8443076619068,234575.04166666666,21,45,87,0,0,0,-0.555570233019603,0.8314696123025447,0.0,1.0
2026-08-31 22:00:00,237492,236802.0,236484.0,231882.0,237598.0,236873.25,458.20182961946017,234618.95833333334,22,0,88,0,0,0,-0.5000000000000004,0.8660254037844384,0.0,1.0
2026-08-31 22:15:00,238025,237492.0,237532.0,232765.0,238992.0,237125.25,449.8765571427575,234677.39583333334,22,15,89,0,0,0,-0.4422886902190014,0.8968727415326883,0.0,1.0
2026-08-31 22:30:00,237868,238025.0,236675.0,232580.0,239052.0,237248.5,629.9494688729316,234732.1875,22,30,90,0,0,0,-0.38268343236508956,0.9238795325112868,0.0,1.0
2026-08-31 22:45:00,237525,237868.0,236802.0,231943.0,238851.0,237546.75,544.5410146780725,234787.27083333334,22,45,91,0,0,0,-0.32143946530316186,0.9469301294951056,0.0,1.0
2026-08-31 23:00:00,235035,237525.0,237492.0,230591.0,237204.0,237727.5,261.22340374978813,234845.41666666666,23,0,92,0,0,0,-0.25881904510252157,0.9659258262890681,0.0,1.0
2026-08-31 23:15:00,233059,235035.0,238025.0,229439.0,236166.0,237113.25,1401.1420044615838,234891.70833333334,23,15,93,0,0,0,-0.19509032201612872,0.9807852804032303,0.0,1.0
2026-08-31 23:30:00,231738,233059.0,237868.0,227673.0,235234.0,235871.75,2260.528164684816,234929.41666666666,23,30,94,0,0,0,-0.13052619222005168,0.9914448613738104,0.0,1.0
2026-08-31 23:45:00,230657,231738.0,237525.0,225778.0,233125.0,234339.25,2519.167372367304,234971.76041666666,23,45,95,0,0,0,-0.0654031292301428,0.9978589232386035,0.0,1.0
