datetime,FREQUENCY_Hz,DEMAND_MET_MW,STORAGE_DEMAND_MW,NUCLEAR_MW,WIND_MW,SOLAR_MW,HYDRO_MW,GAS_MW,THERMAL_MW,STORAGE_MW,OTHERS_MW,NET_DEMAND_MET_MW,TOTAL_GENERATION_MW,NET_TRANSNATIONAL_EXCHANGE_MW
2026-08-01 00:00:00,50.03,227840,108,6707,22451,0,28154,2583,163043,2970,1993,205389,227901,1970
2026-08-01 00:15:00,50.06,228092,110,6711,22828,0,28329,2502,162980,3094,1985,205264,228429,1979
2026-08-01 00:30:00,50.04,227155,109,6720,22544,0,28449,2319,162602,2950,2019,204611,227603,1989
2026-08-01 00:45:00,50.06,226108,106,6709,22581,0,27860,2034,162407,2703,2011,203527,226305,2014
2026-08-01 01:00:00,50.07,223851,117,6718,22157,0,27527,1989,160992,2656,2007,201694,224046,2022
2026-08-01 01:15:00,50.03,221770,212,6741,21385,0,27440,2000,160662,1769,2050,200385,222047,2003
2026-08-01 01:30:00,49.97,220425,318,6722,21298,0,27409,1971,159780,1371,1974,199127,220525,1994
2026-08-01 01:45:00,50.01,218830,319,6725,21545,0,27146,1911,158355,1185,1981,197285,218848,2022
2026-08-01 02:00:00,50.01,218092,428,6714,21558,0,27017,1925,157732,1080,2005,196534,218031,2034
2026-08-01 02:15:00,50.04,216705,608,6721,21617,0,26659,1926,156975,870,1994,195088,216762,2045
2026-08-01 02:30:00,50.03,216286,612,6732,21753,0,26868,1904,156255,551,1989,194533,216052,2092
2026-08-01 02:45:00,50.0,216202,615,6719,22485,0,25962,1899,156275,562,1985,193717,215887,2127
2026-08-01 03:00:00,50.04,215225,616,6722,23176,0,25827,1922,154948,570,1991,192049,215156,2107
2026-08-01 03:15:00,50.02,215160,612,6739,23695,0,25557,1903,154746,413,2024,191465,215077,2062
2026-08-01 03:30:00,50.06,214653,430,6743,24014,0,25696,1901,153742,382,2004,190639,214482,2067
2026-08-01 03:45:00,50.06,213539,652,6740,23787,0,25698,1911,152834,391,1965,189752,213326,2093
2026-08-01 04:00:00,50.04,212379,651,6735,23550,0,25687,1907,152027,403,1940,188829,212249,2053
2026-08-01 04:15:00,49.99,213152,473,6719,23338,0,25822,1910,152899,414,1950,189814,213052,2049
2026-08-01 04:30:00,50.0,213132,472,6725,23141,0,25655,1911,153216,387,1944,189991,212979,2066
2026-08-01 04:45:00,49.96,213775,466,6726,23003,0,25817,1921,153909,417,1951,190772,213744,2033
2026-08-01 05:00:00,50.04,214010,147,6741,23235,143,25643,1924,154062,363,1973,190632,214084,2053
2026-08-01 05:15:00,49.96,214952,114,6744,23071,179,25709,1957,155054,324,1940,191702,214978,2124
2026-08-01 05:30:00,49.98,216653,113,6741,23180,307,25958,2015,156214,652,1953,193166,217020,2113
2026-08-01 05:45:00,50.03,218532,115,6745,23450,319,26262,1992,157483,851,1949,194763,219051,2116
2026-08-01 06:00:00,50.05,218814,114,6736,23393,353,26676,1980,157607,1021,1971,195068,219737,2076
2026-08-01 06:15:00,50.02,220689,124,6726,22997,3015,26990,1991,158919,1060,1973,194677,223671,2092
2026-08-01 06:30:00,50.02,223397,119,6729,22866,4048,27367,1969,160208,1058,1945,196483,226190,2139
2026-08-01 06:45:00,50.04,224676,123,6748,22703,6140,27721,1960,158813,908,1920,195833,226913,2107
2026-08-01 07:00:00,50.06,224755,107,6723,22780,8431,27278,1944,156718,335,1956,193544,226165,2103
2026-08-01 07:15:00,50.04,225873,381,6740,23296,11815,26947,1967,153804,359,1924,190762,226852,2095
2026-08-01 07:30:00,50.08,226496,379,6740,23839,15453,26825,1953,150269,2,1994,187204,227075,2104
2026-08-01 07:45:00,50.08,225149,462,6743,24126,19327,26684,1933,144740,4,1993,181696,225550,2093
2026-08-01 08:00:00,50.07,223635,714,6743,24352,23213,26441,1911,138879,4,2057,176070,223600,2069
2026-08-01 08:15:00,49.97,226622,1612,6737,24340,28049,26489,1907,136386,3,1955,174233,225866,2189
2026-08-01 08:30:00,49.99,227667,2132,6754,24614,32184,25924,1898,133341,3,1942,170869,226660,2106
2026-08-01 08:45:00,50.05,229872,2659,6758,25877,37089,25393,1882,129603,2,1996,166906,228600,2089
2026-08-01 09:00:00,50.05,230940,2679,6759,26475,40897,24868,1900,126821,2,1939,163568,229661,2091
2026-08-01 09:15:00,49.98,235085,3196,6750,26970,44226,24367,1886,127681,31,1960,163889,233871,2052
2026-08-01 09:30:00,50.0,236124,3502,6755,27307,47449,24097,1882,124692,66,1996,161368,234244,2083
2026-08-01 09:45:00,50.0,236996,3631,6728,27418,50288,24683,1873,122011,19,1917,159290,234937,2099
2026-08-01 10:00:00,50.06,237565,3668,6730,27831,53169,24867,1873,118616,15,1969,156565,235070,2002
2026-08-01 10:15:00,49.89,238248,4146,6728,27706,52983,24441,1882,120327,3,1996,157559,236066,2014
2026-08-01 10:30:00,49.88,237800,4430,6732,27875,55090,23668,1883,119191,1,1917,154835,236357,1983
2026-08-01 10:45:00,49.91,237462,4346,6733,28604,56188,23253,1887,117465,2,1891,152670,236023,1964
2026-08-01 11:00:00,49.98,237630,4647,6726,28513,57329,22821,1875,117176,2,1928,151788,236370,1937
2026-08-01 11:15:00,49.98,237571,4899,6737,28591,57868,22866,1878,116789,2,1952,151112,236683,1950
2026-08-01 11:30:00,50.03,236839,4144,6723,29036,59040,22875,1877,115161,2,1946,148763,236660,2004
2026-08-01 11:45:00,49.96,237641,5372,6718,29319,60097,22901,1882,114949,2,1934,148225,237802,1972
2026-08-01 12:00:00,49.95,237542,5390,6691,29272,59349,22869,1869,115575,2,1923,148921,237550,1957
2026-08-01 12:15:00,49.8,235624,5306,6708,29074,56371,22929,1871,116145,3,1925,150179,235026,1975
2026-08-01 12:30:00,50.01,236519,5466,6702,29780,59072,22968,1886,114539,2,1915,147667,236864,1964
2026-08-01 12:45:00,50.03,237131,5313,6721,29956,59839,23082,1882,113290,2,1917,147336,236689,1976
2026-08-01 13:00:00,50.09,235324,5221,6704,29961,58480,23042,1879,111927,2,1868,146883,233863,1956
2026-08-01 13:15:00,49.97,231986,4983,6699,16945,55964,23147,1871,111887,4,1882,159077,218399,1964
2026-08-01 13:30:00,49.97,232206,4804,6688,29830,53762,23156,1864,113885,3,1895,148614,231083,2000
2026-08-01 13:45:00,49.98,233891,4445,6691,17622,54210,23371,1874,114395,4,1954,162059,220121,2008
2026-08-01 14:00:00,50.07,233238,4087,6707,29758,54414,23568,1863,114697,2,1879,149066,232888,1973
2026-08-01 14:15:00,50.0,234597,3976,6684,30036,53801,23149,1860,117032,4,1833,150760,234399,1955
2026-08-01 14:30:00,49.93,236308,3639,6691,29976,51656,23342,1869,120356,3,1871,154676,235764,1992
2026-08-01 14:45:00,50.05,238039,2609,6705,30120,52075,23421,1864,121455,2,1928,155844,237570,2016
2026-08-01 15:00:00,50.01,238122,2509,6694,30191,50369,23859,1857,123104,3,1889,157562,237966,2066
2026-08-01 15:15:00,49.97,237407,2382,6686,30175,46738,24281,1866,125528,5,1870,160494,237149,2102
2026-08-01 15:30:00,49.9,237473,2227,6695,30465,43401,24335,1866,128415,2,1911,163607,237090,2090
2026-08-01 15:45:00,49.89,237851,2103,6688,30650,40923,24818,1856,130350,3,1912,166278,237200,2089
2026-08-01 16:00:00,49.95,236985,1882,6662,30811,37907,24921,1855,132494,4,1882,168267,236536,2065
2026-08-01 16:15:00,50.0,235690,1880,6690,30868,35766,24403,1845,134119,2,1930,169056,235623,2090
2026-08-01 16:30:00,50.0,234969,1482,6694,31116,32126,24497,1859,136495,2,2015,171727,234804,2107
2026-08-01 16:45:00,49.95,234955,1213,6698,31297,28392,23970,1853,140533,2,1991,175266,234736,2137
2026-08-01 17:00:00,50.03,233749,969,6677,31244,24546,24069,1750,143143,2,2053,177959,233484,2106
2026-08-01 17:15:00,50.01,230796,715,6681,31516,20783,24449,1737,143659,2,2043,178497,230870,2110
2026-08-01 17:30:00,50.05,229463,473,6681,30932,17409,24528,1739,146520,2,2074,181122,229885,2091
2026-08-01 17:45:00,49.94,229000,216,6682,29904,13761,25092,1744,150542,2,2001,185335,229728,2102
2026-08-01 18:00:00,50.02,229322,224,6677,29249,10627,25767,1781,153303,725,1992,189446,230121,2111
2026-08-01 18:15:00,49.97,226825,112,6702,28967,7677,26052,1971,154109,941,1976,190181,228395,2075
2026-08-01 18:30:00,49.88,228783,10,6690,28544,5333,26616,2027,158237,988,1989,194906,230424,2008
2026-08-01 18:45:00,49.93,231264,4,6695,28314,4001,27611,2172,161694,1349,1998,198949,233834,2008
2026-08-01 19:00:00,50.05,231955,5,6688,28304,3057,28316,2339,162324,1883,2023,200594,234934,2060
2026-08-01 19:15:00,50.05,236482,1,6700,28198,2371,29879,2591,164979,2776,2010,205913,239504,2019
2026-08-01 19:30:00,50.03,237506,1,6709,28748,0,30333,2655,165246,3049,2028,208758,238768,2059
2026-08-01 19:45:00,50.03,238211,1,6713,28652,0,30612,2649,165604,3259,2059,209559,239548,2076
2026-08-01 20:00:00,50.07,237624,1,6718,28184,0,31054,2675,164922,3758,2001,209440,239312,2010
2026-08-01 20:15:00,50.05,236546,1,6702,28125,0,30099,2693,164554,3534,2080,208421,237787,1976
2026-08-01 20:30:00,50.01,236290,1,6708,27692,0,30167,2683,164828,3514,2085,208598,237677,1969
2026-08-01 20:45:00,49.99,236133,0,6705,27015,0,29847,2707,165593,2983,2033,209118,236883,1981
2026-08-01 21:00:00,49.9,236183,1,6688,26400,0,29699,2719,166266,3670,2134,209783,237576,2002
2026-08-01 21:15:00,49.87,235933,1,6686,26126,0,29559,2722,166211,4204,2044,209807,237552,2011
2026-08-01 21:30:00,49.99,235957,1,6701,26432,0,29292,2723,166167,4265,2052,209525,237632,1990
2026-08-01 21:45:00,49.96,236183,8,6696,26377,0,29428,2730,166261,4231,2138,209806,237861,2018
2026-08-01 22:00:00,50.04,235193,3,6714,26477,0,29071,2721,165753,4251,2050,208716,237037,2009
2026-08-01 22:15:00,49.98,236149,14,6706,26326,0,28963,2721,166438,4582,2060,209823,237796,1974
2026-08-01 22:30:00,49.97,236373,2,6709,26203,0,29116,2722,166545,3523,2090,210170,236908,1994
2026-08-01 22:45:00,50.0,235133,0,6707,25838,0,28962,2731,165908,3516,2160,209295,235822,1991
2026-08-01 23:00:00,50.02,233890,22,6719,25200,0,28802,2721,165598,4533,2063,208690,235636,1964
2026-08-01 23:15:00,50.03,233676,31,6719,25145,0,28466,2738,165789,4392,2103,208531,235352,1946
2026-08-01 23:30:00,50.07,231931,30,6715,25075,0,28050,2682,164574,4263,2102,206856,233461,1926
2026-08-01 23:45:00,50.05,231849,64,6712,25503,0,28044,2653,164476,3859,2039,206346,233286,1951
2026-08-02 00:00:00,50.05,230442,75,6722,25654,0,27746,2627,163725,3100,2055,204788,231629,2002
2026-08-02 00:15:00,50.03,230144,7,6725,25546,0,28084,2536,164171,2411,2085,204598,231558,2032
2026-08-02 00:30:00,49.98,228138,6,6709,25284,0,28484,2360,162271,2384,2040,202854,229532,2019
2026-08-02 00:45:00,49.97,226183,4,6719,24873,0,28184,2095,161405,2321,2065,201310,227662,2029
2026-08-02 01:00:00,49.9,224334,3,6732,24285,0,28196,1981,160235,1626,2093,200049,225148,2038
2026-08-02 01:15:00,49.82,222334,17,6707,23983,0,27830,1954,159829,1293,2031,198351,223627,2043
2026-08-02 01:30:00,49.93,221329,17,6702,23087,0,27984,1953,159578,1200,2072,198242,222576,2024
2026-08-02 01:45:00,49.93,220053,17,6718,22191,0,27464,1973,159854,1199,2057,197862,221456,2019
2026-08-02 02:00:00,50.02,218697,17,6710,21604,0,27583,1907,159138,1175,1995,197093,220112,2030
2026-08-02 02:15:00,49.99,218576,197,6716,21559,0,26948,1906,159749,1062,2014,197017,219954,2032
2026-08-02 02:30:00,50.04,217368,17,6721,21826,0,26745,1948,158555,868,1992,195542,218655,2047
2026-08-02 02:45:00,50.06,217246,17,6718,22369,0,26667,1957,157769,876,2035,194877,218391,2072
2026-08-02 03:00:00,50.1,216344,17,6729,22935,0,26403,1899,156373,812,2074,193409,217225,2087
2026-08-02 03:15:00,50.04,216267,16,6724,22978,0,26346,1901,156510,843,1974,193289,217276,2093
2026-08-02 03:30:00,50.01,215197,14,6738,22654,0,26590,1899,155735,864,2001,192543,216481,2042
2026-08-02 03:45:00,50.05,214524,54,6717,22608,0,26658,1890,154872,839,2043,191916,215627,2038
2026-08-02 04:00:00,50.03,214183,54,6745,22624,0,26570,1887,154730,750,2046,191559,215352,2037
2026-08-02 04:15:00,50.05,215088,54,6746,22894,0,26702,1895,155236,585,2059,192194,216117,2042
2026-08-02 04:30:00,50.05,215305,54,6741,23116,0,26609,1899,155234,528,2031,192189,216158,2047
2026-08-02 04:45:00,50.04,215722,55,6732,23011,0,26798,1878,155464,380,1998,192711,216261,2103
2026-08-02 05:00:00,50.04,216241,53,6735,22809,111,26622,1893,156697,337,1994,193321,217198,1872
2026-08-02 05:15:00,50.04,218133,5,6725,22681,141,26890,1888,158540,329,2005,195311,219199,1858
2026-08-02 05:30:00,50.04,218695,9,6741,22407,207,26938,1887,159206,320,1978,196081,219684,1817
2026-08-02 05:45:00,50.03,219576,16,6739,22459,215,27114,1887,159635,361,2039,196902,220449,1965
2026-08-02 06:00:00,50.08,218706,12,6733,22870,245,27200,1931,158179,530,2013,195591,219701,2080
2026-08-02 06:15:00,50.09,218764,10,6744,23078,2279,27135,1957,157511,526,1990,193407,221220,2146
2026-08-02 06:30:00,50.07,220688,11,6727,22737,3675,27265,1955,158223,529,1946,194276,223057,2094
2026-08-02 06:45:00,50.06,220980,11,6737,22298,5334,27946,1873,156642,530,1938,193348,223298,2103
2026-08-02 07:00:00,50.04,220686,121,6735,22025,7643,28039,1874,153867,545,1981,191018,222709,2080
2026-08-02 07:15:00,49.95,220239,232,6738,21847,10758,27697,1885,150670,131,1992,187634,221718,2085
2026-08-02 07:30:00,49.98,219988,498,6720,21508,14251,27372,1881,147853,1,1951,184229,221537,2006
2026-08-02 07:45:00,50.0,218786,647,6724,21477,17719,26862,1882,143499,2,1947,179590,220112,1995
2026-08-02 08:00:00,50.08,218332,916,6730,21803,22535,26195,1893,137771,2,1995,173994,218924,2024
2026-08-02 08:15:00,49.9,220398,1397,6731,21740,26855,25501,1891,135388,2,1933,171803,220041,1989
2026-08-02 08:30:00,49.94,221101,2049,6722,21543,29942,25035,1883,133471,2,1951,169616,220549,2095
2026-08-02 08:45:00,50.03,223207,2212,6709,21785,33796,25082,1886,131909,60,1973,167626,223200,2040
2026-08-02 09:00:00,50.04,223217,2647,6730,22353,35623,24636,1881,130482,61,1940,165241,223706,2101
2026-08-02 09:15:00,49.98,225925,3198,6747,22635,38154,24532,1868,130026,25,1939,165136,225926,2022
2026-08-02 09:30:00,49.96,226522,3496,6726,23222,40690,24572,1868,127116,3,1919,162610,226116,1976
2026-08-02 09:45:00,49.98,227360,3935,6722,23895,42666,24200,1865,125097,2,1979,160799,226426,1996
2026-08-02 10:00:00,50.09,227164,3977,6727,24197,45396,23925,1878,122537,2,1953,157571,226615,1967
2026-08-02 10:15:00,50.05,226580,4211,6742,24620,46840,23194,1869,120914,2,1913,155120,226094,1994
2026-08-02 10:30:00,50.02,228297,4214,6747,24607,49170,23132,1860,120851,2,1941,154520,228310,1963
2026-08-02 10:45:00,50.03,228627,4311,6740,24558,50341,23098,1882,119834,2,1946,153728,228401,1929
2026-08-02 11:00:00,50.08,228900,4078,6727,24396,51957,22988,1876,118773,2,1982,152547,228701,1951
2026-08-02 11:15:00,50.13,228274,4070,6709,24211,52913,23225,1869,116765,2,1966,151150,227660,1973
2026-08-02 11:30:00,50.15,228384,4921,6726,24074,54641,23203,1871,116126,2,1957,149669,228600,1986
2026-08-02 11:45:00,50.18,228978,5224,6733,23724,56402,23194,1863,115148,2,1919,148852,228985,1962
2026-08-02 12:00:00,50.14,229111,5316,6715,24034,57259,23428,1879,114175,11,1928,147818,229429,1939
2026-08-02 12:15:00,50.17,228853,5418,6740,23799,56592,23059,1877,113995,4,1928,148462,227994,1934
2026-08-02 12:30:00,49.96,227189,5154,6716,23767,53336,23387,1875,115536,3,1941,150086,226561,1931
2026-08-02 12:45:00,49.92,227552,5009,6723,24047,51824,23469,1882,116812,3,1977,151681,226737,1963
2026-08-02 13:00:00,50.08,227174,5269,6703,24419,54833,23582,1877,113764,3,2016,147922,227197,1885
2026-08-02 13:15:00,49.99,225535,4046,6704,24508,53341,23373,1883,113518,3,1949,147686,225279,1902
2026-08-02 13:30:00,49.97,225044,4864,6690,24326,50201,23707,1885,116544,3,1950,150517,225306,1883
2026-08-02 13:45:00,49.91,226106,4608,6699,24363,49986,23774,1862,117645,2,2036,151757,226367,1870
2026-08-02 14:00:00,49.9,226720,4443,6683,24203,47560,24138,1873,120283,2,1988,154957,226730,1917
2026-08-02 14:15:00,49.91,226714,4199,6694,24143,45238,24422,1865,122013,2,1963,157333,226340,1950
2026-08-02 14:30:00,50.01,227763,3490,6701,24233,44689,24687,1853,123208,2,2005,158841,227378,1919
2026-08-02 14:45:00,50.05,228653,3141,6699,25054,42726,24755,1869,125578,2,1966,160873,228649,1918
2026-08-02 15:00:00,50.06,227824,2783,6703,25400,40188,24791,1866,127083,2,2031,162236,228064,1885
2026-08-02 15:15:00,50.05,226903,2669,6704,25657,38705,24958,1874,127727,2,1998,162541,227625,1905
2026-08-02 15:30:00,50.19,227693,2626,6687,25958,37789,24735,1860,128987,2,2010,163946,228028,1923
2026-08-02 15:45:00,49.96,226192,2050,6696,25957,33832,25303,1853,131162,2,1923,166403,226728,1953
2026-08-02 16:00:00,50.01,225456,1944,6685,25712,31076,25786,1878,132364,2,1955,168668,225458,1925
2026-08-02 16:15:00,50.06,223119,1548,6693,25616,28813,25418,1881,132677,2,2010,168690,223110,1946
2026-08-02 16:30:00,50.03,222395,1382,6696,25441,26232,25340,1884,135279,2,1943,170722,222817,1993
2026-08-02 16:45:00,49.95,222424,1263,6695,25125,23722,25836,1890,137465,2,1920,173577,222655,2035
2026-08-02 17:00:00,49.99,220909,1017,6682,25179,20110,25929,1932,139613,2,1956,175620,221403,2037
2026-08-02 17:15:00,50.02,218142,618,6692,25574,17446,25450,1914,139896,2,1919,175122,218893,1940
2026-08-02 17:30:00,49.98,218290,367,6704,25773,14177,25691,1904,141964,2,1865,178340,218080,2053
2026-08-02 17:45:00,49.93,217271,116,6685,25609,11015,25934,1800,144280,16,1918,180647,217257,2045
2026-08-02 18:00:00,50.05,217161,119,6685,25389,8475,26211,1813,145892,719,1879,183297,217063,2010
2026-08-02 18:15:00,50.02,214779,116,6683,25373,6328,26755,1905,146107,769,1901,183078,215821,1940
2026-08-02 18:30:00,49.97,216489,114,6702,24931,4575,27190,1953,149254,1074,1958,186983,217637,1922
2026-08-02 18:45:00,49.92,219229,5,6701,24444,3204,27652,1989,152972,1463,1872,191581,220297,1892
2026-08-02 19:00:00,50.0,222211,4,6692,24159,2446,28890,2147,156190,1871,1905,195606,224300,1906
2026-08-02 19:15:00,49.93,225132,59,6709,23616,1879,29836,2315,158503,3305,1913,199637,228076,1957
2026-08-02 19:30:00,50.0,226696,60,6712,23442,0,30927,2316,160500,3750,1966,203254,229613,1921
2026-08-02 19:45:00,49.97,233650,58,6674,23376,0,32107,2317,164684,3749,1971,210274,234878,1928
2026-08-02 20:00:00,49.98,234553,41,6675,23354,0,32217,2310,165453,3767,2038,211199,235814,1985
2026-08-02 20:15:00,50.02,233984,1,6686,23286,0,32383,2324,165008,3773,2065,210698,235525,1960
2026-08-02 20:30:00,49.97,235136,3,6685,23410,0,32462,2315,165523,3885,2011,211726,236291,1978
2026-08-02 20:45:00,49.95,235398,16,6673,22987,0,32820,2320,165754,4128,1998,212411,236680,1942
2026-08-02 21:00:00,49.99,235425,2,6691,22593,0,32635,2354,166445,4096,1993,212832,236807,1997
2026-08-02 21:15:00,49.94,236189,14,6693,22374,0,32771,2369,166755,4592,2071,213815,237625,1965
2026-08-02 21:30:00,49.92,236760,23,6690,22443,0,32711,2380,167087,4597,2068,214317,237976,1960
2026-08-02 21:45:00,49.96,236140,25,6688,22098,0,32625,2392,167067,4433,2033,214042,237336,2006
2026-08-02 22:00:00,50.03,235257,10,6680,21753,0,32512,2402,166752,4359,2069,213504,236527,1994
2026-08-02 22:15:00,49.93,235636,10,6698,21498,0,32383,2451,166989,4761,2137,214138,236917,2008
2026-08-02 22:30:00,50.02,234971,0,6689,21308,0,32326,2469,166677,4705,2073,213663,236247,1984
2026-08-02 22:45:00,50.0,233820,0,6700,21498,0,31498,2470,166195,4556,2094,212322,235011,2014
2026-08-02 23:00:00,49.97,233048,0,6710,21412,0,30892,2486,166138,4290,2106,211636,234034,1978
2026-08-02 23:15:00,49.98,232624,1,6699,21346,0,30451,2488,166265,4093,2124,211278,233466,1985
2026-08-02 23:30:00,50.04,231584,33,6712,21311,0,30256,2481,165599,4010,2145,210273,232514,1965
2026-08-02 23:45:00,50.02,230564,0,6703,21343,0,29937,2482,165111,2684,2141,209221,230401,1979
2026-08-03 00:00:00,50.05,228355,14,6727,20726,0,29496,2486,164132,3420,2062,207629,229049,1972
2026-08-03 00:15:00,50.03,227426,8,6705,20809,0,28860,2339,164772,2631,2046,206617,228162,1971
2026-08-03 00:30:00,50.04,225843,7,6712,21038,0,28473,2292,163003,2550,2072,204805,226140,1961
2026-08-03 00:45:00,50.04,224224,6,6723,21097,0,27985,2121,161843,2574,2083,203127,224426,2000
2026-08-03 01:00:00,50.03,222307,114,6720,20967,0,27677,2095,161010,2586,2035,201340,223090,2051
2026-08-03 01:15:00,50.04,219964,113,6723,20963,0,27609,2009,159378,1970,2050,199001,220702,2011
2026-08-03 01:30:00,49.99,218717,220,6738,21122,0,27806,1964,157793,1606,2026,197595,219055,2007
2026-08-03 01:45:00,49.98,217358,326,6714,21184,0,27779,1971,157262,1164,2013,196174,218087,2016
2026-08-03 02:00:00,49.93,216144,325,6719,21520,0,27455,1952,156105,1203,2053,194624,217007,2029
2026-08-03 02:15:00,49.98,215487,505,6712,21767,0,26284,1931,156454,1127,2036,193720,216311,2035
2026-08-03 02:30:00,49.98,214688,504,6708,22034,0,26016,1912,155827,992,2005,192654,215494,2011
2026-08-03 02:45:00,50.03,214169,511,6716,21938,0,26220,1908,155125,980,2070,192231,214957,2024
2026-08-03 03:00:00,50.04,213531,327,6706,21770,0,26233,1903,154510,841,1977,191761,213940,2054
2026-08-03 03:15:00,49.99,213145,324,6717,21623,0,26344,1903,154327,682,2001,191522,213597,2088
2026-08-03 03:30:00,50.04,212131,338,6708,21345,0,26156,1896,153908,600,2021,190786,212634,2039
2026-08-03 03:45:00,49.97,211163,550,6726,20991,0,26050,1895,153502,537,2009,190172,211710,2050
2026-08-03 04:00:00,49.98,210755,553,6721,20672,0,25894,1892,153595,383,1968,190083,211125,2082
2026-08-03 04:15:00,49.94,211466,374,6707,20409,0,26165,1911,154441,395,1958,191057,211986,2073
2026-08-03 04:30:00,49.99,211940,373,6701,20291,0,26336,1923,154814,383,1965,191649,212413,2061
2026-08-03 04:45:00,49.95,212337,367,6708,20070,0,26709,1911,155182,383,1950,192267,212913,2046
2026-08-03 05:00:00,49.98,213242,27,6706,20027,132,26847,1921,156010,372,1952,193083,213967,2074
2026-08-03 05:15:00,49.89,215582,11,6695,19952,153,27204,1979,158034,343,1898,195477,216258,2120
2026-08-03 05:30:00,49.97,217981,11,6701,19833,265,27576,2036,159874,801,1912,197883,218998,2131
2026-08-03 05:45:00,49.97,219790,16,6702,19643,274,28085,2040,161725,1021,2010,199873,221500,2061
2026-08-03 06:00:00,50.02,220857,21,6722,19413,295,28883,2030,162337,1032,1952,201149,222664,2005
2026-08-03 06:15:00,49.89,222739,15,6743,19045,1897,29607,2073,163314,1188,1903,201797,225770,1933
2026-08-03 06:30:00,49.9,224376,5,6714,18758,2673,29827,2050,164035,898,1958,202945,226913,2028
2026-08-03 06:45:00,49.97,226205,9,6722,18557,4510,29778,2052,164118,1195,1883,203138,228815,2063
2026-08-03 07:00:00,50.02,226994,28,6741,18029,6706,29490,2043,163328,1194,1942,202259,229473,2041
2026-08-03 07:15:00,49.87,228470,265,6743,17440,9361,28910,2012,163211,694,1948,201669,230319,2071
2026-08-03 07:30:00,49.99,230031,298,6724,17469,12411,28220,2002,162575,431,1951,200151,231783,2119
2026-08-03 07:45:00,50.01,230070,526,6742,17491,15870,27337,1984,159991,2,1946,196709,231363,2100
2026-08-03 08:00:00,50.05,229014,545,6743,17657,19224,26914,1903,155774,2,2007,192133,230224,2064
2026-08-03 08:15:00,49.91,231363,919,6737,18126,22401,26552,1884,154843,2,1950,190836,232495,2083
2026-08-03 08:30:00,50.06,234026,1542,6726,18929,26514,26136,1924,152981,2,1897,188583,235109,2074
2026-08-03 08:45:00,50.14,236221,2241,6728,19834,30989,25612,1960,149701,2,1896,185398,236722,2083
2026-08-03 09:00:00,50.27,238061,2431,6733,20295,35433,24629,1891,147165,2,1947,182333,238095,2092
2026-08-03 09:15:00,50.16,241516,3114,6726,20751,40187,24241,1858,145599,2,1933,180578,241297,2143
2026-08-03 09:30:00,50.16,243617,3397,6716,21280,44983,24177,1873,142369,2,1988,177354,243388,2082
2026-08-03 09:45:00,50.06,244885,3962,6692,22442,47506,24144,1864,140106,2,1959,174937,244715,2157
2026-08-03 10:00:00,50.13,244731,3681,6706,22711,51169,23723,1882,136502,2,1975,170851,244670,2094
2026-08-03 10:15:00,50.05,245048,4031,6676,23040,53308,24017,1862,133501,2,2048,168700,244454,2039
2026-08-03 10:30:00,50.04,244824,4321,6683,23444,56578,24030,1878,130632,2,1998,164802,245245,1266
2026-08-03 10:45:00,50.08,244337,4286,6683,23201,58229,24319,1882,127809,2,1964,162907,244089,1345
2026-08-03 11:00:00,49.97,243805,4524,6699,23080,60512,24419,1892,125095,2,1983,160213,243682,1320
2026-08-03 11:15:00,49.91,242190,5315,6678,22383,59893,24339,1880,124996,30,1982,159914,242181,1521
2026-08-03 11:30:00,49.99,243056,5370,6676,22729,64371,24596,1877,120273,2,2028,155956,242552,1891
2026-08-03 11:45:00,50.0,242571,4260,6693,22821,65102,24703,1870,119664,2,2022,154648,242877,1898
2026-08-03 12:00:00,50.03,242800,5887,6680,22784,65129,24949,1882,119019,2,2022,154887,242467,1912
2026-08-03 12:15:00,50.0,241233,5810,6628,22649,65047,24999,1860,117763,2,2087,153537,241035,1999
2026-08-03 12:30:00,49.99,240234,4266,6624,22954,64395,24620,1878,117812,2,2030,152885,240315,2066
2026-08-03 12:45:00,49.96,240996,5676,6633,22876,63986,24782,1852,118980,2,2023,154134,241134,2151
2026-08-03 13:00:00,50.06,238865,5591,6638,22958,63654,24754,1881,117379,2,2034,152253,239300,2007
2026-08-03 13:15:00,49.99,237020,5474,6659,22664,61937,24749,1877,117215,2,1997,152419,237100,2058
2026-08-03 13:30:00,50.07,236796,5531,6647,22819,62401,24542,1862,116187,2,2023,151576,236483,2094
2026-08-03 13:45:00,49.99,238257,5083,6621,23045,60518,24515,1868,119322,2,2046,154694,237937,2077
2026-08-03 14:00:00,50.03,238696,4475,6609,23205,58627,24419,1870,121833,2,1978,156864,238543,2081
2026-08-03 14:15:00,50.03,239252,3715,6610,23233,57713,23899,1872,123680,127,2004,158306,239138,2128
2026-08-03 14:30:00,50.03,240775,3213,6620,23206,57252,24315,1860,125130,2,1842,160317,240227,2128
2026-08-03 14:45:00,50.09,242033,2924,6610,23613,55734,24424,1842,127257,2,2030,162686,241512,2090
2026-08-03 15:00:00,50.06,242288,2897,6645,24120,54935,24574,1866,127948,2,2039,163233,242129,2093
2026-08-03 15:15:00,50.05,241553,2757,6663,24562,52417,24799,1860,128781,2,1971,164574,241055,2125
2026-08-03 15:30:00,49.98,241685,2653,6636,25220,47905,25645,1849,132515,2,1949,168560,241721,2098
2026-08-03 15:45:00,50.04,241985,2481,6651,25366,45049,25949,1854,135495,9,2024,171570,242397,2026
2026-08-03 16:00:00,50.01,240066,1925,6651,26078,40800,26150,1841,136848,16,2060,173188,240444,2146
2026-08-03 16:15:00,49.99,236877,1386,6669,26863,37823,26033,1853,136884,2,1995,172191,238122,2104
2026-08-03 16:30:00,50.05,237387,1568,6662,27433,34422,26218,1842,139418,2,2009,175532,238006,2093
2026-08-03 16:45:00,49.93,236289,975,6655,27536,30826,25605,1844,142858,2,2059,177927,237385,2166
2026-08-03 17:00:00,49.95,235915,980,6668,27732,27303,25671,1851,145601,2,2039,180880,236867,2176
2026-08-03 17:15:00,49.95,232799,727,6643,27581,24441,25795,1925,145576,2,2059,180777,234022,2145
2026-08-03 17:30:00,49.92,232327,227,6637,27412,20607,25994,1924,148720,144,2049,184308,233487,2094
2026-08-03 17:45:00,49.89,232871,227,6636,27244,16919,26590,1959,152243,165,2032,188708,233788,2137
2026-08-03 18:00:00,50.03,232583,226,6624,27106,13137,27697,2056,154360,861,2105,192340,233946,2129
2026-08-03 18:15:00,49.98,230282,150,6635,26750,9569,27282,2480,155687,1204,2062,193963,231669,2113
2026-08-03 18:30:00,50.03,231775,28,6615,26762,6773,27968,2892,159005,1382,2039,198240,233436,2046
2026-08-03 18:45:00,50.06,233913,31,6631,26582,4478,29182,3392,161019,1984,2011,202853,235279,2063
2026-08-03 19:00:00,50.04,234813,53,6632,26676,3050,30125,3722,162153,2603,1986,205087,236947,2027
2026-08-03 19:15:00,50.05,238209,50,6630,26411,2107,32125,4054,163583,3512,2062,209691,240484,2045
2026-08-03 19:30:00,50.01,239517,76,6644,26310,0,32722,4001,165025,3357,1987,213207,240046,2055
2026-08-03 19:45:00,50.03,239680,26,6636,26121,0,33030,3969,164835,3542,2044,213559,240177,2076
2026-08-03 20:00:00,50.04,239634,22,6632,25907,0,33269,4215,164987,3251,1994,213727,240255,2049
2026-08-03 20:15:00,50.03,238628,28,6637,25454,0,33096,3914,164982,3423,2041,213174,239547,2097
2026-08-03 20:30:00,49.97,238831,5,6633,24870,0,33067,3934,165910,3639,2023,213961,240076,2130
2026-08-03 20:45:00,49.97,239322,29,6635,24398,0,33226,4008,166648,3598,2051,214924,240564,2124
2026-08-03 21:00:00,50.04,238800,41,6638,24061,0,32858,4159,166685,3436,2018,214739,239855,2097
2026-08-03 21:15:00,49.97,239177,28,6655,23973,0,32487,4122,167194,3080,2021,215204,239532,2163
2026-08-03 21:30:00,50.01,239446,57,6648,23541,0,32419,4049,168050,4009,2035,215905,240751,2139
2026-08-03 21:45:00,50.01,239114,67,6646,22909,0,32535,3999,168293,3970,1988,216205,240340,2140
2026-08-03 22:00:00,50.06,238242,1,6658,22272,0,32567,4578,167637,3864,1977,215970,239553,2155
2026-08-03 22:15:00,50.02,239519,0,6656,21907,0,32770,4663,168860,3159,1990,217612,240005,2192
2026-08-03 22:30:00,50.03,238399,0,6656,21503,0,32405,4775,168188,4294,2006,216896,239827,2205
2026-08-03 22:45:00,50.05,237511,0,6665,20866,0,31913,4772,168318,4042,1993,216645,238569,2192
2026-08-03 23:00:00,50.05,235222,0,6686,20317,0,31466,4577,167556,3998,1993,214905,236593,2172
2026-08-03 23:15:00,50.04,233986,0,6682,19981,0,31185,3888,168062,2797,2006,214005,234601,2175
2026-08-03 23:30:00,50.03,232737,0,6685,19731,0,30506,3033,168037,4012,2023,213006,234027,2180
2026-08-03 23:45:00,50.04,230797,1,6684,19553,0,30335,2942,167015,3861,2063,211244,232453,2210
2026-08-04 00:00:00,50.08,229074,1,6678,19418,0,29810,2799,166415,3231,2097,209656,230448,2213
2026-08-04 00:15:00,50.03,228636,6,6687,19668,0,29141,2669,167184,1567,2088,208968,229004,2215
2026-08-04 00:30:00,50.06,227161,7,6694,19921,0,29023,2515,165706,2503,2033,207240,228395,2214
2026-08-04 00:45:00,50.08,225598,6,6698,20020,0,29107,2356,164192,2355,2080,205578,226808,2273
2026-08-04 01:00:00,50.07,223352,6,6687,20042,0,28902,2277,162305,2365,2122,203310,224700,2239
2026-08-04 01:15:00,49.99,220836,8,6701,19931,0,27308,2262,161499,1836,2078,200905,221615,2209
2026-08-04 01:30:00,49.99,219544,7,6692,19637,0,27239,2223,161074,1366,2083,199907,220314,2163
2026-08-04 01:45:00,49.93,217809,6,6699,19310,0,27019,2176,160063,1264,2098,198499,218629,2209
2026-08-04 02:00:00,49.88,216178,4,6702,18957,0,26837,2039,159136,1274,2083,197221,217028,2234
2026-08-04 02:15:00,49.88,215394,497,6686,18796,0,26917,1954,158904,878,2055,196598,216190,2213
2026-08-04 02:30:00,50.02,214643,498,6706,18363,0,26801,1990,158771,846,2054,196280,215531,2226
2026-08-04 02:45:00,50.04,215253,936,6726,18206,0,26681,2013,159509,916,2128,197047,216179,2251
2026-08-04 03:00:00,50.04,213846,940,6719,18110,0,26420,1925,159076,764,2091,195736,215105,2256
2026-08-04 03:15:00,50.0,212815,9,6719,17997,0,26225,1905,158426,550,2083,194818,213905,2244
2026-08-04 03:30:00,50.03,211828,1005,6711,17825,0,26127,1880,158255,414,1938,194003,213150,2234
2026-08-04 03:45:00,50.04,210890,992,6719,17749,0,26043,1850,157447,416,2018,193141,212242,2240
2026-08-04 04:00:00,50.05,210141,1041,6719,17327,0,25940,1865,157226,420,2078,192814,211575,2202
2026-08-04 04:15:00,50.0,210254,790,6725,16774,0,26138,1908,157950,424,2067,193480,211986,2162
2026-08-04 04:30:00,50.03,209812,791,6706,16610,0,25941,1910,157648,440,2029,193202,211284,2187
2026-08-04 04:45:00,50.0,210016,761,6703,16427,0,25954,1940,158228,427,2097,193589,211776,2180
2026-08-04 05:00:00,50.03,210660,751,6719,16304,118,26012,1960,158931,391,2052,194238,212487,2145
2026-08-04 05:15:00,50.05,212480,14,6698,16370,114,26560,2005,159851,569,2025,195996,214192,2158
2026-08-04 05:30:00,50.06,213289,25,6708,16294,111,26992,2030,160333,655,1971,196884,215094,2140
2026-08-04 05:45:00,50.03,214639,31,6722,16514,119,27153,1969,160476,1442,1991,198006,216386,2150
2026-08-04 06:00:00,50.02,216061,34,6705,16748,170,27633,1970,161078,1479,2037,199143,217820,2091
2026-08-04 06:15:00,49.92,217960,31,6729,16863,1439,28174,1943,161735,1685,1989,199658,220557,2150
2026-08-04 06:30:00,49.89,220720,18,6731,16819,2378,28963,1930,162469,1642,2016,201523,222948,2137
2026-08-04 06:45:00,49.99,221891,5,6742,17048,4280,29620,1976,160647,1772,2002,200563,224087,2141
2026-08-04 07:00:00,50.04,222146,6,6742,16922,6453,29607,1996,158759,1981,1988,198771,224448,2109
2026-08-04 07:15:00,50.0,222768,255,6735,16900,9504,28603,1936,157976,1280,1975,196364,224909,2154
2026-08-04 07:30:00,50.03,222871,271,6740,16630,12914,27815,1925,155729,317,1973,193327,224043,2152
2026-08-04 07:45:00,49.97,221792,511,6752,16365,16661,27130,1913,152050,53,1994,188766,222918,2144
2026-08-04 08:00:00,50.12,220233,657,6734,16238,21352,26592,1872,146226,22,2003,182643,221039,2161
2026-08-04 08:15:00,49.99,222538,944,6730,16471,26545,26559,1874,143575,17,1959,179522,223730,2138
2026-08-04 08:30:00,50.01,224397,1563,6738,17066,30773,26448,1874,139945,2,1994,176558,224840,2139
2026-08-04 08:45:00,50.0,226351,2073,6726,17656,34945,26456,1897,136958,14,2018,173750,226670,2095
2026-08-04 09:00:00,50.01,228035,2879,6733,17839,39007,25822,1894,134630,2,2002,171189,227929,2141
2026-08-04 09:15:00,50.03,231497,3121,6710,18180,42213,25330,1848,134325,2,1978,171104,230586,2125
2026-08-04 09:30:00,49.96,232145,3505,6716,18091,44246,25432,1843,132881,2,1954,169808,231165,2158
2026-08-04 09:45:00,49.93,233854,3765,6700,18543,47794,25369,1829,130383,2,1993,167517,232613,2175
2026-08-04 10:00:00,50.02,233996,3868,6703,18930,51022,25052,1848,126182,2,1998,164044,231737,2160
2026-08-04 10:15:00,49.97,233670,4110,6697,19523,52096,24859,1831,124679,2,1953,162051,231640,2166
2026-08-04 10:30:00,50.04,234085,4091,6696,19982,54022,24930,1845,122375,2,1970,160081,231822,2147
2026-08-04 10:45:00,50.1,233767,4295,6701,19677,55553,24518,1845,120621,2,2064,158537,230981,2123
2026-08-04 11:00:00,50.09,233519,4917,6684,19892,57243,24400,1858,118940,2,2017,156384,231036,2093
2026-08-04 11:15:00,50.1,233658,5445,6684,20059,58722,23941,1854,118043,2,1989,154877,231294,2053
2026-08-04 11:30:00,49.99,233782,5441,6669,20004,58298,23884,1839,118598,2,2034,155480,231328,2073
2026-08-04 11:45:00,49.98,233609,5840,6664,19994,59563,23988,1830,117378,2,1949,154052,231368,2072
2026-08-04 12:00:00,50.08,232871,4299,6665,19774,61277,24094,1837,115519,2,1878,151820,231046,2100
2026-08-04 12:15:00,49.96,231897,4169,6668,19257,59665,24153,1823,116871,2,2015,152975,230454,2118
2026-08-04 12:30:00,49.96,231248,4201,6660,19073,59173,23849,1826,116261,1,1993,153002,228836,2086
2026-08-04 12:45:00,49.96,230392,5590,6673,18800,59109,24270,1832,115545,2,1976,152483,228207,2082
2026-08-04 13:00:00,49.97,227434,5653,6676,18741,58471,24167,1825,113388,2,1968,150222,225238,2082
2026-08-04 13:15:00,49.97,224867,5577,6693,18558,56451,23766,1820,113542,2,1857,149858,222689,1937
2026-08-04 13:30:00,50.03,225636,5366,6694,18635,56720,23728,1868,113705,2,1999,150281,223351,2003
2026-08-04 13:45:00,49.96,225958,4879,6687,18654,55651,24000,1859,114020,10,1940,151653,222821,2077
2026-08-04 14:00:00,49.97,226896,4785,6679,18988,54886,24052,1865,115416,2,1936,153022,223824,2098
2026-08-04 14:15:00,49.92,228708,4525,6677,19279,53677,24409,1861,117492,2,2018,155752,225415,2096
2026-08-04 14:30:00,49.79,230833,4233,6660,19056,52848,24405,1847,120829,2,2009,158929,227656,2108
2026-08-04 14:45:00,49.96,231591,2706,6678,18734,51671,24713,1889,123077,2,2033,161186,228797,2130
2026-08-04 15:00:00,49.94,231153,2427,6674,18563,49875,24948,1873,125637,2,1989,162715,229561,2106
2026-08-04 15:15:00,50.01,230711,2278,6682,18293,49114,25507,1858,125582,2,1997,163304,229035,2076
2026-08-04 15:30:00,50.04,231035,2313,6681,18195,47884,25821,1874,127174,2,1959,164956,229590,2011
2026-08-04 15:45:00,49.99,230164,1745,6706,18354,44134,26002,1923,130137,2,1931,167676,229189,2032
2026-08-04 16:00:00,50.04,229375,1424,6701,18864,41919,26075,1988,130961,2,1922,168592,228432,2058
2026-08-04 16:15:00,50.05,228463,1171,6714,19364,39793,25981,2025,131814,2,1930,169306,227623,2058
2026-08-04 16:30:00,50.05,228832,917,6701,19804,36947,26155,2027,134836,172,2021,172081,228663,2093
2026-08-04 16:45:00,50.02,229440,640,6709,20483,33644,26306,2041,137547,319,2007,175313,229056,2098
2026-08-04 17:00:00,49.95,227745,137,6697,20504,28987,26615,2037,141087,320,1955,178254,228202,2082
2026-08-04 17:15:00,49.95,225667,130,6681,20418,26117,26391,2139,142920,151,1968,179132,226785,2040
2026-08-04 17:30:00,49.95,226155,127,6672,20135,22058,26744,2200,147283,164,1892,183962,227148,2075
2026-08-04 17:45:00,49.98,225996,125,6674,19963,18170,26890,2461,151148,221,1918,187863,227445,2080
2026-08-04 18:00:00,50.09,225465,18,6675,20137,14527,27070,2515,153557,872,1905,190801,227258,2045
2026-08-04 18:15:00,50.04,224100,13,6673,20249,11303,27119,2828,155067,947,1874,192548,226060,2060
2026-08-04 18:30:00,50.03,227011,12,6679,20432,8482,28356,3042,159458,900,1865,198097,229214,1982
2026-08-04 18:45:00,50.04,230317,10,6673,20501,6328,30519,3119,162219,1515,1878,203488,232752,1979
2026-08-04 19:00:00,50.06,232474,7,6672,20614,4525,31704,3364,164142,2106,1905,207335,235032,1920
2026-08-04 19:15:00,50.0,235166,6,6678,20581,3444,33395,3699,164632,3650,1921,211141,238000,1933
2026-08-04 19:30:00,49.98,236832,8,6673,20848,0,34280,3762,166171,4006,1920,215984,237660,1916
2026-08-04 19:45:00,49.98,237830,10,6678,20923,0,34685,3806,167011,3868,1918,216907,238889,1908
2026-08-04 20:00:00,50.07,236630,44,6679,21055,0,34533,3790,165638,3814,1984,215575,237493,1935
2026-08-04 20:15:00,50.04,236306,62,6689,21456,0,34664,3806,164684,4074,1940,214850,237313,1947
2026-08-04 20:30:00,50.03,235801,53,6689,21202,0,34344,3748,165006,4135,2005,214599,237129,1914
2026-08-04 20:45:00,50.01,235292,8,6701,21009,0,33721,3730,165341,3798,1950,214283,236250,1919
2026-08-04 21:00:00,50.05,234608,16,6687,20918,0,33326,3985,165441,4119,1950,213690,236426,1935
2026-08-04 21:15:00,49.99,234733,63,6678,20593,0,33166,3888,165449,4518,1960,214140,236252,1932
2026-08-04 21:30:00,50.02,234926,65,6708,20410,0,33471,3941,165583,4395,1942,214516,236450,1895
2026-08-04 21:45:00,50.0,234594,86,6704,20746,0,32925,4037,165143,4158,2017,213848,235730,1794
2026-08-04 22:00:00,50.05,233678,61,6699,20679,0,32543,4167,164651,4181,1965,212999,234885,1828
2026-08-04 22:15:00,50.04,234158,2,6691,20913,0,32239,4300,164953,3970,1978,213245,235044,1820
2026-08-04 22:30:00,50.06,234234,2,6698,20900,0,32370,4424,164656,4002,1991,213334,235041,1875
2026-08-04 22:45:00,50.06,232863,2,6696,20801,0,31681,4265,164076,3606,1950,212062,233075,1880
2026-08-04 23:00:00,50.08,231034,2,6700,20806,0,30616,4378,163238,3686,1927,210228,231351,1908
2026-08-04 23:15:00,50.14,229637,2,6701,21008,0,30080,4364,162434,3553,1947,208629,230087,1905
2026-08-04 23:30:00,50.08,227528,2,6710,21151,0,28266,4180,161748,3606,1950,206377,227611,2012
2026-08-04 23:45:00,50.08,225480,0,6703,20948,0,27512,4105,160973,3386,1975,204532,225602,1955
2026-08-05 00:00:00,50.08,223275,2,6725,20651,0,27430,3734,159802,2680,2034,202624,223056,1944
2026-08-05 00:15:00,50.03,221801,10,6708,20500,0,27044,2987,160461,2365,1984,201301,222049,1927
2026-08-05 00:30:00,49.97,220100,7,6713,20232,0,26712,2793,159670,2281,1994,199868,220395,1924
2026-08-05 00:45:00,50.03,218680,7,6711,20047,0,27434,2675,157810,2318,2031,198633,219026,1946
2026-08-05 01:00:00,50.04,216742,7,6710,20042,0,27382,2598,156083,2149,1969,196700,216933,1929
2026-08-05 01:15:00,49.98,214911,7,6724,19789,0,27018,2558,155317,1969,2026,195122,215401,1931
2026-08-05 01:30:00,50.01,213524,7,6729,19630,0,27224,2468,154115,1448,1995,193894,213609,1952
2026-08-05 01:45:00,49.95,212158,7,6728,19536,0,27034,2410,153032,1236,2033,192622,212009,1977
2026-08-05 02:00:00,49.98,211288,5,6717,19789,0,27035,2391,151981,1246,2033,191499,211192,1988
2026-08-05 02:15:00,50.02,209143,184,6721,19746,0,26747,2328,150562,1150,2079,189397,209333,1966
2026-08-05 02:30:00,50.03,208090,184,6724,19654,0,26709,2215,149810,1087,1997,188436,208196,1991
2026-08-05 02:45:00,50.04,207590,186,6718,19679,0,26171,2139,149876,1176,2006,187911,207765,1994
2026-08-05 03:00:00,50.06,206703,189,6728,19818,0,25978,2142,149218,1184,1981,186885,207049,2014
2026-08-05 03:15:00,50.0,206257,189,6727,19790,0,25500,2140,149506,879,1977,186467,206519,2020
2026-08-05 03:30:00,50.03,205878,190,6726,20073,0,25454,2124,149012,915,2056,185805,206360,2068
2026-08-05 03:45:00,50.03,205068,190,6736,20041,0,25698,2121,147958,927,2044,185027,205525,2062
2026-08-05 04:00:00,50.03,204266,190,6721,19833,0,25884,2133,147107,850,1989,184433,204517,2083
2026-08-05 04:15:00,50.0,205247,63,6712,19735,0,26192,2170,148090,700,1961,185512,205560,2095
2026-08-05 04:30:00,49.96,205218,13,6723,19342,0,26323,2168,148389,668,2051,185876,205664,2104
2026-08-05 04:45:00,49.95,205825,13,6708,18970,0,26395,2177,149385,676,2090,186855,206401,2076
2026-08-05 05:00:00,49.87,206818,12,6714,18712,1868,26453,2179,150642,684,2008,186238,209260,2070
2026-08-05 05:15:00,49.82,208424,5,6716,18754,1913,26578,2165,152330,508,1994,187757,210958,2080
2026-08-05 05:30:00,49.94,210575,60,6707,18591,1940,26795,2162,154382,500,1945,190044,213022,2054
2026-08-05 05:45:00,49.99,213287,70,6718,18337,1937,26812,2177,157234,926,1917,193013,216058,2008
2026-08-05 06:00:00,50.05,214175,51,6716,17959,1963,26812,2241,158575,952,1978,194253,217196,1963
2026-08-05 06:15:00,50.0,216473,39,6733,17675,3000,26934,2224,160648,959,1899,195798,220072,1985
2026-08-05 06:30:00,50.01,219740,7,6735,17634,4087,27595,2188,162212,491,1867,198019,222809,1948
2026-08-05 06:45:00,50.04,221722,7,6736,17619,6120,27679,2121,161978,801,1893,197983,224947,1980
2026-08-05 07:00:00,50.04,221714,32,6751,17478,8848,27330,2113,159751,784,1795,195388,224850,2010
2026-08-05 07:15:00,50.02,222382,266,6747,17517,12226,27218,2115,156924,586,1785,192639,225118,1954
2026-08-05 07:30:00,50.07,222378,295,6748,17455,16393,26936,2110,152996,22,1823,188530,224483,1971
2026-08-05 07:45:00,50.05,221832,529,6748,17504,21203,26804,2106,147467,311,1831,183125,223974,1973
2026-08-05 08:00:00,50.08,221078,651,6756,17844,26262,26569,2091,140839,295,1907,176972,222563,2011
2026-08-05 08:15:00,50.09,222706,1022,6754,18317,31431,26421,2073,137040,295,1823,172958,224154,2016
2026-08-05 08:30:00,50.06,224157,1642,6745,18865,35830,26362,2069,132927,296,1864,169462,224958,2009
2026-08-05 08:45:00,50.16,225986,2326,6744,19519,41238,25525,2081,128707,296,1844,165229,225954,2058
2026-08-05 09:00:00,50.26,227266,2657,6751,19931,46134,24781,2057,125212,296,1819,161201,226981,2016
2026-08-05 09:15:00,50.1,230918,3380,6726,20214,50557,24599,2065,124163,296,1860,160147,230480,1984
2026-08-05 09:30:00,50.03,232280,3639,6706,20637,54247,24309,2073,121516,296,1814,157396,231598,1976
2026-08-05 09:45:00,49.95,232637,3718,6701,20271,55717,24133,2081,121276,7,1818,156649,232004,2018
2026-08-05 10:00:00,49.98,231697,4021,6704,20282,57662,24112,2067,118557,2,1829,153753,231215,1996
2026-08-05 10:15:00,49.93,233033,4721,6701,20154,59230,24225,2074,118376,2,1846,153649,232608,1991
2026-08-05 10:30:00,49.96,232739,4745,6683,20252,60760,23825,2073,116445,36,1885,151727,231959,2114
2026-08-05 10:45:00,49.96,232227,4794,6700,20252,62241,23471,2079,115122,73,1821,149734,231759,2289
2026-08-05 11:00:00,49.95,232039,5342,6688,20239,61955,23722,2078,114742,75,1801,149845,231300,2310
2026-08-05 11:15:00,50.01,230914,5357,6684,20514,63326,23152,2079,113086,76,1855,147074,230772,2189
2026-08-05 11:30:00,49.98,231421,5480,6693,20746,63478,23195,2088,113405,27,1848,147197,231480,2020
2026-08-05 11:45:00,49.97,231012,4094,6692,20694,63180,23085,2067,113523,8,1822,147138,231071,1978
2026-08-05 12:00:00,50.04,231419,5806,6676,21158,63197,23188,2071,113189,2,1833,147064,231314,1979
2026-08-05 12:15:00,50.01,230292,5762,6684,21263,62713,23278,2079,112656,1,1832,146316,230506,2015
2026-08-05 12:30:00,50.01,229385,5771,6688,21435,62534,23340,2057,111464,1,1717,145416,229236,1973
2026-08-05 12:45:00,50.02,228383,5536,6688,21508,61163,23487,2056,111494,1,1787,145712,228184,2059
2026-08-05 13:00:00,50.06,225965,5271,6703,21753,58299,23618,2057,111726,1,1786,145913,225943,1979
2026-08-05 13:15:00,49.99,222521,5138,6709,21649,57325,23423,2072,110304,1,1790,143547,223273,2000
2026-08-05 13:30:00,50.01,223490,5124,6683,22162,57240,23269,2063,109993,1,1844,144088,223255,2051
2026-08-05 13:45:00,49.96,225366,4752,6672,22344,56826,23592,2068,111780,1,1830,146196,225113,1959
2026-08-05 14:00:00,50.02,225254,3968,6669,23038,57490,23473,2062,109964,1,1700,144726,224397,1986
2026-08-05 14:15:00,49.99,225514,3326,6675,23064,58175,23275,2058,110185,1,1840,144275,225273,2026
2026-08-05 14:30:00,49.99,227687,3027,6675,23331,58846,23614,2048,110858,1,1867,145510,227240,2027
2026-08-05 14:45:00,49.95,228390,2555,6661,23448,57826,23590,2073,112711,2,1810,147116,228121,2089
2026-08-05 15:00:00,49.96,229981,2431,6674,24039,57548,24297,2068,113151,2,1804,148394,229583,2043
2026-08-05 15:15:00,49.98,229155,2166,6691,24461,55853,25105,2055,112686,2,1810,148841,228663,2023
2026-08-05 15:30:00,50.01,229743,1935,6703,25511,55611,24831,2041,112551,2,1859,148621,229109,1983
2026-08-05 15:45:00,49.97,229336,1241,6714,25972,51971,24834,2055,115285,2,1823,151393,228656,1886
2026-08-05 16:00:00,49.93,230049,1375,6688,27249,48949,25346,2056,117636,2,1814,153851,229740,1897
2026-08-05 16:15:00,49.95,228032,721,6702,27643,45252,25461,2081,119032,2,1831,155137,228004,1984
2026-08-05 16:30:00,49.87,228762,714,6694,27645,41483,25789,2066,124465,7,1831,159634,229980,1998
2026-08-05 16:45:00,49.95,229195,472,6700,27853,37108,25692,2082,129116,2,1795,164234,230348,1999
2026-08-05 17:00:00,50.03,229055,228,6696,27744,33208,26157,2059,132889,2,1767,168103,230522,1972
2026-08-05 17:15:00,50.03,226397,227,6671,27464,28577,25590,2117,135894,154,1753,170356,228220,1979
2026-08-05 17:30:00,50.04,226638,227,6683,27057,23795,26321,2235,141078,310,1777,175786,229256,1958
2026-08-05 17:45:00,50.01,224290,224,6688,26651,19501,27004,2278,145482,149,1717,178138,229470,1975
2026-08-05 18:00:00,50.08,225947,228,6670,26250,15397,26975,2345,148566,482,1738,184300,228423,1908
2026-08-05 18:15:00,50.04,225345,223,6662,26117,11599,27233,2440,151278,1035,1784,187629,228148,1899
2026-08-05 18:30:00,50.07,227614,9,6647,25882,8393,28417,2668,155791,1518,1680,193339,230996,1898
2026-08-05 18:45:00,50.09,230603,6,6640,25398,6142,29784,2751,159416,2021,1784,199063,233936,1886
2026-08-05 19:00:00,50.07,233190,5,6652,25332,4607,30922,2911,162058,2655,1772,203251,236909,1868
2026-08-05 19:15:00,50.04,236594,1,6641,25528,2495,32089,3214,163645,3827,1841,208571,239280,1905
2026-08-05 19:30:00,50.0,234301,1,6639,25346,0,32267,3228,165897,3947,1816,208955,239140,1889
2026-08-05 19:45:00,49.97,239985,1,6656,25068,0,32498,3219,167422,4159,1860,214917,240882,1968
2026-08-05 20:00:00,50.04,239761,21,6649,24736,0,33136,3214,167034,4240,1933,215025,240942,1967
2026-08-05 20:15:00,50.02,239171,19,6659,24502,0,33234,3225,166462,4091,1875,214669,240048,2004
2026-08-05 20:30:00,50.05,238917,6,6662,24389,0,33244,3225,166473,3961,1869,214528,239823,1908
2026-08-05 20:45:00,50.02,238586,4,6659,24239,0,33159,3222,166467,4429,1957,214347,240132,1933
2026-08-05 21:00:00,50.01,238172,8,6665,23773,0,32637,3189,167117,4520,1885,214399,239786,1992
2026-08-05 21:15:00,49.95,234508,31,6635,23155,0,32528,3113,163786,5074,1860,211353,236151,1975
2026-08-05 21:30:00,49.94,237138,15,6657,23179,0,32576,3111,166398,4977,1909,213959,238807,1953
2026-08-05 21:45:00,50.02,237206,1,6640,22780,0,32667,3102,166594,5114,1899,214426,238796,2033
2026-08-05 22:00:00,50.04,236680,22,6648,22400,0,32802,3133,166314,5022,1916,214280,238235,2012
2026-08-05 22:15:00,49.99,236708,58,6650,21672,0,32959,3202,166631,5374,1888,215036,238376,2011
2026-08-05 22:30:00,49.98,236982,50,6650,21638,0,33073,3216,166552,4260,1896,215344,237285,2053
2026-08-05 22:45:00,50.0,235612,38,6656,21205,0,32472,3210,166367,5380,1839,214407,237129,2035
2026-08-05 23:00:00,50.01,234093,51,6666,21036,0,31508,3223,165940,5427,1878,213057,235678,1997
2026-08-05 23:15:00,50.05,232530,69,6641,20778,0,31278,3212,164967,5319,1876,211752,234071,2008
2026-08-05 23:30:00,50.08,229523,50,6633,20764,0,30733,3180,162491,5245,1913,208759,230959,1945
2026-08-05 23:45:00,50.02,226946,25,6635,20768,0,29428,3195,161752,4393,1925,206178,228096,2007
2026-08-06 00:00:00,50.0,223970,17,6635,20568,0,28589,3139,160683,3707,1923,203402,225244,2030
2026-08-06 00:15:00,49.99,222469,8,6665,20551,0,28015,2861,161028,2784,2006,201918,223910,1898
2026-08-06 00:30:00,49.91,220680,7,6661,20762,0,27365,2703,159943,2517,1968,199918,221919,1892
2026-08-06 00:45:00,49.97,218911,6,6650,20906,0,27380,2519,158091,2180,1969,198005,219695,1914
2026-08-06 01:00:00,49.99,216910,7,6655,20909,0,26568,2375,157150,2019,2018,196001,217694,1848
2026-08-06 01:15:00,49.97,215079,6,6656,20488,0,26348,2362,156390,1659,2049,194591,215952,1817
2026-08-06 01:30:00,50.01,213664,6,6657,20560,0,26475,2305,154894,1620,1988,193104,214499,1818
2026-08-06 01:45:00,50.0,211657,6,6659,20822,0,26164,2190,153248,1329,1947,190835,212359,1887
2026-08-06 02:00:00,50.01,210198,4,6653,20732,0,25669,2123,152414,1229,1982,189466,210802,1897
2026-08-06 02:15:00,50.03,208776,4,6677,20876,0,25608,2124,151016,1002,1999,187900,209302,1886
2026-08-06 02:30:00,50.01,207949,6,6671,20757,0,25727,2127,150514,847,2001,187192,208644,1836
2026-08-06 02:45:00,50.05,207071,6,6680,20767,0,25678,2130,149941,819,1991,186304,208006,1840
2026-08-06 03:00:00,50.06,206123,12,6682,20927,0,25682,2119,148660,772,1989,185196,206831,1921
2026-08-06 03:15:00,50.04,205131,45,6685,20913,0,25460,2055,148135,654,1940,184218,205842,1950
2026-08-06 03:30:00,50.05,204197,46,6687,20875,0,25430,1933,147489,599,1945,183322,204958,1948
2026-08-06 03:45:00,50.03,203144,46,6688,20663,0,25402,1897,146650,645,2040,182481,203985,1954
2026-08-06 04:00:00,50.04,202065,48,6677,20368,0,25471,1911,146106,469,1963,181697,202965,1972
2026-08-06 04:15:00,50.02,201959,36,6690,20339,0,24987,1950,146614,445,1986,181620,203011,1957
2026-08-06 04:30:00,50.0,202185,6,6687,20261,0,25183,1958,146813,463,1983,181924,203348,1856
2026-08-06 04:45:00,49.98,202793,10,6680,20136,0,24994,1949,147664,458,1834,182657,203715,1921
2026-08-06 05:00:00,50.05,203644,8,6666,19916,743,24775,1950,148823,693,1919,182985,205485,1957
2026-08-06 05:15:00,50.05,205977,9,6660,19755,741,25339,1946,150621,739,1920,185481,207721,1921
2026-08-06 05:30:00,50.05,207771,9,6673,19455,773,25199,1958,152899,709,1909,187543,209575,1920
2026-08-06 05:45:00,50.0,209512,12,6660,19527,779,25274,1960,154457,847,2034,189206,211538,1726
2026-08-06 06:00:00,50.05,210987,12,6659,19389,833,25524,1950,156091,774,1993,190765,213213,1699
2026-08-06 06:15:00,49.99,213859,13,6687,19444,1976,25953,1922,158749,597,1933,192439,217261,1601
2026-08-06 06:30:00,50.0,217096,12,6687,19462,2969,26671,1918,160245,597,1900,194665,220449,1570
2026-08-06 06:45:00,50.0,219294,11,6697,19576,4928,26729,1915,160145,394,1894,194790,222278,1560
2026-08-06 07:00:00,50.03,219513,12,6710,19600,7854,26789,1894,157139,391,1849,192059,222226,1509
2026-08-06 07:15:00,50.0,219795,20,6718,19687,11128,26750,1888,153897,145,1978,188980,222191,1557
2026-08-06 07:30:00,50.02,219846,416,6721,20148,15050,26927,1861,149179,43,1927,184648,221856,1351
2026-08-06 07:45:00,50.05,219028,445,6715,20565,19878,26354,1863,143417,43,1919,178585,220754,1404
2026-08-06 08:00:00,50.2,217280,496,6714,21030,24621,25638,1857,136980,43,1993,171629,218876,1394
2026-08-06 08:15:00,50.13,219514,1099,6724,22004,29574,25582,1869,132987,43,1991,167936,220774,1394
2026-08-06 08:30:00,50.09,221185,1744,6716,22886,35006,25846,1869,127257,42,1953,163293,221575,1438
2026-08-06 08:45:00,50.02,221954,2284,6717,23692,40153,25917,1865,121818,49,1928,158109,222139,1448
2026-08-06 09:00:00,50.03,222771,2500,6724,23980,44064,24802,1870,119387,46,1894,154727,222767,1412
2026-08-06 09:15:00,49.96,226021,3171,6681,24445,48038,24040,1855,119228,50,1891,153538,226228,1428
2026-08-06 09:30:00,49.9,226963,3449,6696,24161,49691,24387,1852,118362,46,1786,153111,226981,1379
2026-08-06 09:45:00,49.91,227210,3472,6659,24269,51222,24291,1842,116686,57,1803,151719,226829,1433
2026-08-06 10:00:00,50.04,228121,3756,6662,24936,55271,23934,1858,113105,41,1791,147914,227598,1422
2026-08-06 10:15:00,49.99,227928,3901,6657,24972,55994,23498,1852,112897,45,1795,146962,227710,1422
2026-08-06 10:30:00,50.1,228393,4166,6675,25144,58257,22882,1856,111794,20,1842,144992,228470,1437
2026-08-06 10:45:00,50.08,228264,4655,6680,25436,58812,22438,1729,111079,41,1852,144016,228067,1421
2026-08-06 11:00:00,50.15,228838,4904,6676,25134,59976,22547,1728,110696,72,1840,143728,228669,1373
2026-08-06 11:15:00,50.11,227533,5138,6695,24739,60426,22386,1725,110350,109,1811,142368,228241,1391
2026-08-06 11:30:00,50.03,227357,5234,6681,24598,60208,22482,1733,110096,90,1801,142551,227689,1423
2026-08-06 11:45:00,49.98,227312,5306,6693,24464,60652,22741,1720,109603,41,1858,142196,227772,1396
2026-08-06 12:00:00,50.23,227981,4565,6697,25352,60814,22311,1727,109368,55,1828,141815,228152,1444
2026-08-06 12:15:00,50.0,226218,4395,6690,24120,58736,22987,1712,110542,56,1855,143362,226698,1424
2026-08-06 12:30:00,49.98,225558,4417,6687,23848,57808,23031,1698,110763,51,1871,143902,225757,1446
2026-08-06 12:45:00,49.95,225228,5648,6668,23590,56541,23253,1701,111747,123,1844,145097,225467,1433
2026-08-06 13:00:00,49.96,223140,5625,6685,23681,55851,23096,1673,110854,128,1834,143608,223802,1216
2026-08-06 13:15:00,49.97,220410,5620,6681,23681,54064,22888,1680,110204,89,1797,142665,221084,1259
2026-08-06 13:30:00,50.03,220661,5616,6675,24152,54608,22902,1671,108992,24,1852,141901,220876,1348
2026-08-06 13:45:00,49.96,222249,5435,6663,24425,55068,22959,1686,109740,62,1919,142756,222522,1335
2026-08-06 14:00:00,50.02,223205,5362,6627,25026,54785,23053,1686,110370,61,1853,143394,223461,1355
2026-08-06 14:15:00,49.96,224251,4737,6626,25318,54504,23015,1690,111175,58,1811,144429,224197,1482
2026-08-06 14:30:00,49.98,224947,3838,6621,26043,55432,23160,1677,110382,42,1792,143472,225149,1396
2026-08-06 14:45:00,50.05,225940,2819,6588,26233,55045,23432,1671,110792,42,1775,144662,225578,1388
2026-08-06 15:00:00,50.08,227398,2452,6604,27211,55541,23605,1688,110942,41,1777,144646,227409,1294
2026-08-06 15:15:00,50.01,226598,2143,6619,27566,53446,23868,1701,112248,41,1853,145586,227342,1334
2026-08-06 15:30:00,49.97,227026,1817,6609,27363,51192,24095,1714,115088,41,1824,148471,227926,1331
2026-08-06 15:45:00,49.94,226933,1386,6605,27559,48654,24662,1705,116996,41,1817,150720,228039,1308
2026-08-06 16:00:00,50.0,226894,1123,6606,28428,46548,24722,1701,118188,41,1874,151918,228108,1411
2026-08-06 16:15:00,50.0,225408,867,6626,28800,43585,24774,1700,118760,259,1843,153023,226347,1590
2026-08-06 16:30:00,49.97,225380,617,6625,28676,39555,24847,1707,123355,258,1872,157149,226895,1549
2026-08-06 16:45:00,49.95,225362,368,6627,29211,35553,24740,1717,127186,258,1878,160598,227170,1598
2026-08-06 17:00:00,49.99,225307,371,6627,30481,31303,24971,1700,129773,260,1955,163523,227070,1618
2026-08-06 17:15:00,49.96,223047,220,6620,30423,26909,25347,1706,131703,197,1904,165715,224809,1619
2026-08-06 17:30:00,49.96,222572,220,6628,30336,22364,25247,1708,136069,197,1989,169872,224538,1625
2026-08-06 17:45:00,49.92,222707,220,6630,30208,17980,25481,1721,140208,178,1935,174519,224341,1614
2026-08-06 18:00:00,50.03,222007,221,6623,30262,13925,25759,1775,142988,905,1873,177820,224110,1590
2026-08-06 18:15:00,49.97,220258,222,6613,29803,10469,26198,1807,144871,966,1817,179986,222544,1521
2026-08-06 18:30:00,50.03,223167,11,6604,29867,7383,26449,1940,150596,1065,1813,185917,225717,1474
2026-08-06 18:45:00,50.07,226370,7,6613,29668,4848,27640,2045,154744,1879,1779,191854,229216,1493
2026-08-06 19:00:00,50.03,229140,7,6606,29321,3218,28544,2202,157921,2353,1797,196601,231962,1478
2026-08-06 19:15:00,50.08,231759,11,6597,29186,1656,29396,2351,159815,3615,1865,200917,234481,1451
2026-08-06 19:30:00,50.06,234597,39,6602,29228,0,29686,2334,162572,3815,1894,205369,236131,1475
2026-08-06 19:45:00,50.05,235332,66,6611,28976,0,29649,2291,163368,3822,1964,206356,236681,1529
2026-08-06 20:00:00,50.06,233770,72,6616,28947,0,29338,2299,162631,3960,1943,204823,235734,1495
2026-08-06 20:15:00,50.03,233549,55,6624,29048,0,29643,2325,161600,3875,1976,204501,235091,1433
2026-08-06 20:30:00,50.02,233130,48,6621,28578,0,29034,2349,162368,3905,2042,204552,234897,1490
2026-08-06 20:45:00,50.04,232983,21,6622,27895,0,29431,2321,162477,3905,2021,205088,234672,1506
2026-08-06 21:00:00,50.03,232911,19,6636,27257,0,29737,2358,162376,4101,2046,205654,234511,1537
2026-08-06 21:15:00,50.0,232690,32,6647,26633,0,29978,2329,162062,4872,1987,206057,234508,1566
2026-08-06 21:30:00,50.02,232135,42,6636,26274,0,29682,2300,162208,4795,2036,205861,233931,1508
2026-08-06 21:45:00,50.0,231501,55,6650,26027,0,29681,2294,161868,4725,2096,205474,233341,1541
2026-08-06 22:00:00,50.05,230197,93,6635,25442,0,29530,2304,161345,3768,2044,204755,231068,1484
2026-08-06 22:15:00,50.01,230845,63,6639,24883,0,29977,2363,161987,3764,2050,205962,231663,1683
2026-08-06 22:30:00,50.02,230333,55,6653,24700,0,29817,2236,161643,4827,2101,205633,231977,1685
2026-08-06 22:45:00,50.03,229192,38,6661,24795,0,29521,2191,160584,4732,2046,204397,230530,1888
2026-08-06 23:00:00,50.02,227547,51,6674,24722,0,29168,2239,159445,4695,2075,202825,229018,1907
2026-08-06 23:15:00,49.96,225227,64,6685,24464,0,28649,2253,157779,4356,2093,200763,226279,1918
2026-08-06 23:30:00,50.02,223140,19,6684,24551,0,28526,2299,155871,4343,2056,198589,224330,1895
2026-08-06 23:45:00,50.06,220895,1,6679,24737,0,28330,2317,153702,4224,2156,196158,222145,1919
2026-08-07 00:00:00,50.02,218662,1,6701,24826,0,28055,2324,151807,4035,2115,193836,219863,1906
2026-08-07 00:15:00,49.95,216861,9,6686,24836,0,28290,2195,151324,2966,2105,192025,218402,1909
2026-08-07 00:30:00,50.0,215515,7,6681,25198,0,28209,2021,149885,2761,2112,190317,216867,1910
2026-08-07 00:45:00,49.98,213777,7,6677,25432,0,28092,1824,148418,2528,2107,188345,215078,1929
2026-08-07 01:00:00,50.0,211706,6,6681,25320,0,28086,1759,146486,2487,2111,186386,212930,1942
2026-08-07 01:15:00,49.95,209809,5,6688,25175,0,27929,1762,145614,1890,2202,184634,211260,1944
2026-08-07 01:30:00,49.96,208368,7,6683,24829,0,27813,1761,144514,1933,2107,183539,209640,1971
2026-08-07 01:45:00,49.97,206922,7,6690,24557,0,27822,1763,143465,1631,2141,182365,208069,1974
2026-08-07 02:00:00,49.99,205561,3,6682,24522,0,27590,1760,142238,1578,2096,181039,206466,1995
2026-08-07 02:15:00,50.0,203988,3,6680,24301,0,27494,1744,141369,1316,2058,179687,204962,1986
2026-08-07 02:30:00,50.0,203097,6,6679,24029,0,27522,1742,140598,1353,2133,179068,204056,2014
2026-08-07 02:45:00,49.97,202471,6,6677,23831,0,27120,1738,140747,1408,2047,178640,203568,2018
2026-08-07 03:00:00,50.02,201849,6,6681,23810,0,26938,1713,140227,1310,2081,178039,202760,2038
2026-08-07 03:15:00,50.03,201604,238,6699,23883,0,26849,1778,140123,1529,2035,177721,202896,2009
2026-08-07 03:30:00,50.0,200849,243,6703,23731,0,26904,1791,139359,1466,2099,177118,202053,2022
2026-08-07 03:45:00,50.01,199760,268,6696,23816,0,26914,1785,138273,1451,2057,175944,200992,2033
2026-08-07 04:00:00,50.05,199178,277,6713,24085,0,26884,1789,137441,1451,2077,175093,200440,1980
2026-08-07 04:15:00,50.02,199864,276,6730,24106,0,26692,1795,138313,1269,2039,175758,200944,1950
2026-08-07 04:30:00,50.04,200605,278,6720,24240,0,26426,1785,139198,1323,2053,176365,201745,1963
2026-08-07 04:45:00,50.05,201110,39,6706,24154,0,26347,1735,140123,1221,2075,176956,202361,1947
2026-08-07 05:00:00,50.05,202308,240,6705,24171,188,26734,1715,140850,1339,2095,177949,203797,1994
2026-08-07 05:15:00,50.02,204519,8,6720,23965,215,26816,1746,143218,1284,2128,180339,206092,2001
2026-08-07 05:30:00,50.03,206228,13,6709,23487,296,26925,1733,145527,1222,2062,182445,207961,1999
2026-08-07 05:45:00,50.01,207838,14,6706,23223,314,26987,1748,148082,1285,2166,184301,210511,1967
2026-08-07 06:00:00,50.05,210345,6,6714,23152,351,27152,1734,149958,1300,2167,186842,212528,1741
2026-08-07 06:15:00,50.0,213499,6,6727,23234,1772,26616,1760,153294,1475,2102,188493,216980,1663
2026-08-07 06:30:00,50.03,216513,15,6737,22795,2412,27278,2113,154208,1436,2154,191306,219133,1728
2026-08-07 06:45:00,49.97,218314,39,6723,22293,4278,26923,1737,154370,658,2105,191743,219087,1741
2026-08-07 07:00:00,50.01,218373,48,6746,21512,6821,27079,1694,153291,659,2115,190040,219917,1592
2026-08-07 07:15:00,49.97,219313,174,6713,21094,10190,27071,1686,152096,197,2136,188029,221183,1636
2026-08-07 07:30:00,49.99,219498,522,6736,20781,13844,27488,1612,148142,95,2142,184873,220840,1606
2026-08-07 07:45:00,50.04,218532,504,6739,21056,18234,27098,1652,142608,1,2151,179242,219539,1615
2026-08-07 08:00:00,50.06,217648,768,6747,21474,22740,27163,1642,136495,1,2140,173434,218402,1523
2026-08-07 08:15:00,49.96,219233,1050,6734,21959,27167,27442,1633,132785,1,2099,170107,219820,1504
2026-08-07 08:30:00,49.94,220780,1734,6749,22848,31793,27491,1632,128713,4,2111,166139,221341,1499
2026-08-07 08:45:00,49.94,222096,2024,6734,23595,36154,26671,1618,124970,150,2052,162347,221944,1637
2026-08-07 09:00:00,49.98,223346,2292,6739,24309,40707,25852,1626,122070,152,2046,158330,223501,1662
2026-08-07 09:15:00,49.96,227354,2937,6726,25120,44597,25426,1641,121391,148,2070,157637,227119,1655
2026-08-07 09:30:00,49.95,229095,3373,6719,25942,47988,25108,1651,118916,310,2038,155165,228672,1653
2026-08-07 09:45:00,50.02,230435,3474,6708,26737,51533,24714,1645,116345,345,2064,152165,230091,1652
2026-08-07 10:00:00,50.07,230220,3535,6717,27417,54142,24602,1656,112933,318,2055,148661,229840,1605
2026-08-07 10:15:00,49.99,230806,3867,6708,26346,56133,24162,1661,113421,73,2020,148327,230524,1646
2026-08-07 10:30:00,49.98,230448,3896,6724,26282,56112,24077,1717,113275,76,1987,148054,230250,1636
2026-08-07 10:45:00,50.06,229703,4001,6724,26391,57183,23875,1751,111441,25,2000,146129,229390,1667
2026-08-07 11:00:00,50.07,229657,4199,6704,26095,57959,23767,1735,110691,22,1979,145603,228952,1590
2026-08-07 11:15:00,50.08,228513,4314,6695,26305,57739,23715,1750,110274,22,2013,144469,228513,1578
2026-08-07 11:30:00,49.97,229156,4202,6659,25943,57216,23535,1739,112310,22,1986,145997,229410,1568
2026-08-07 11:45:00,50.0,229188,4216,6651,25274,58339,23968,1731,111849,171,2008,145575,229991,1577
2026-08-07 12:00:00,50.03,228190,4364,6673,25067,60001,23754,1739,109344,22,2032,143122,228632,1561
2026-08-07 12:15:00,50.01,227121,4430,6695,25049,59444,23790,1734,108548,21,2034,142628,227315,1503
2026-08-07 12:30:00,50.05,225993,4450,6678,24689,59152,23657,1734,108528,22,2068,142152,226528,1532
2026-08-07 12:45:00,50.03,225158,4431,6710,24194,59216,23632,1706,107986,22,1981,141748,225447,1525
2026-08-07 13:00:00,50.18,222737,4475,6692,23925,58411,23426,1723,107272,22,1952,140401,223423,1535
2026-08-07 13:15:00,50.17,220338,4491,6725,24011,56317,23350,1687,106816,22,1932,140010,220860,1356
2026-08-07 13:30:00,50.2,220740,4423,6721,24125,57297,22992,1671,106905,22,1938,139318,221671,1326
2026-08-07 13:45:00,50.03,221355,4128,6689,24466,56361,23420,1835,107438,21,1886,140528,222116,1422
2026-08-07 14:00:00,50.03,220897,4119,6678,24272,55924,23557,1820,107708,21,1916,140701,221896,1502
2026-08-07 14:15:00,50.01,222302,3595,6663,24540,55831,23737,1839,108679,21,1900,141931,223210,1454
2026-08-07 14:30:00,50.04,223348,3084,6651,24945,56846,23798,1826,108290,21,1857,141557,224234,1510
2026-08-07 14:45:00,50.0,224482,2597,6647,25337,56861,23700,1830,108624,3,1940,142284,224942,1558
2026-08-07 15:00:00,50.03,225878,1984,6642,25596,56451,24569,1744,109039,373,1931,143831,226345,1536
2026-08-07 15:15:00,49.97,225044,1938,6679,26318,53231,24888,1701,110915,517,1893,145495,226142,1440
2026-08-07 15:30:00,49.94,224862,1156,6678,26700,50991,25188,1703,111946,505,1887,147171,225598,1469
2026-08-07 15:45:00,49.89,225333,973,6697,26754,48337,26113,1707,113780,464,1863,150242,225715,1555
2026-08-07 16:00:00,49.91,224014,481,6690,26759,45283,26862,1699,115574,292,1855,151972,225014,1575
2026-08-07 16:15:00,49.93,222425,358,6699,26937,43329,26936,1705,115784,430,1890,152159,223710,1571
2026-08-07 16:30:00,49.89,222689,353,6687,26625,39349,27261,1696,120164,426,1901,156715,224109,1637
2026-08-07 16:45:00,49.92,223192,232,6696,27135,36284,27343,1705,123183,415,1906,159773,224667,1539
2026-08-07 17:00:00,50.02,222500,155,6693,27708,32314,27738,1688,125915,394,1953,162478,224403,1543
2026-08-07 17:15:00,50.03,220974,116,6688,27640,28554,27725,1687,127843,432,1951,164780,222520,1638
2026-08-07 17:30:00,50.03,221149,116,6685,27430,24418,27745,1741,132526,433,1937,169301,222915,1704
2026-08-07 17:45:00,49.95,221532,116,6674,26898,20040,28078,1834,137341,447,1885,174594,223197,1751
2026-08-07 18:00:00,50.04,221161,117,6646,26695,15865,28691,1906,140150,1024,1856,178601,222833,1735
2026-08-07 18:15:00,50.04,219960,118,6669,26361,12030,29380,2012,142415,1209,1871,181569,221947,1664
2026-08-07 18:30:00,50.06,223111,116,6647,26085,8622,29962,2138,149055,1189,1840,188404,225538,1648
2026-08-07 18:45:00,50.06,225528,114,6660,25966,6098,29572,2128,153953,1672,1846,193464,227895,1597
2026-08-07 19:00:00,50.05,227690,3,6672,26011,3962,30299,2252,156659,2274,1816,197717,229945,1600
2026-08-07 19:15:00,49.94,230520,0,6661,25667,2416,31076,2471,159411,3502,1878,202437,233082,1563
2026-08-07 19:30:00,50.0,232259,0,6654,25222,0,31541,2362,161990,3784,1882,207037,233435,1623
2026-08-07 19:45:00,49.98,233185,0,6649,25085,0,31648,2320,163309,3860,1866,208100,234737,1598
2026-08-07 20:00:00,50.05,232197,19,6649,24907,0,31327,2308,162931,3745,1943,207290,233810,1610
2026-08-07 20:15:00,50.01,230137,35,6671,24739,0,31170,2364,161398,3683,1918,205398,231943,1614
2026-08-07 20:30:00,50.03,229650,41,6658,24873,0,31077,2363,160851,3649,1973,204777,231444,1607
2026-08-07 20:45:00,49.99,229129,29,6666,24843,0,30933,2375,160426,4133,2037,204286,231413,1604
2026-08-07 21:00:00,49.95,228296,49,6657,24766,0,30174,2384,160512,4263,1977,203530,230733,1591
2026-08-07 21:15:00,49.92,228238,18,6661,24743,0,30246,2467,159979,4283,2024,203495,230403,1610
2026-08-07 21:30:00,49.96,227951,18,6657,24609,0,30205,2458,159861,4254,2031,203342,230075,1529
2026-08-07 21:45:00,49.99,227251,1,6660,24454,0,30164,2485,159413,4124,2007,202797,229307,1583
2026-08-07 22:00:00,50.03,226531,1,6658,23877,0,29936,2530,159411,4066,1970,202654,228448,1555
2026-08-07 22:15:00,49.95,227238,0,6661,23587,0,30030,2672,160012,4188,2002,203651,229152,1582
2026-08-07 22:30:00,49.99,226827,8,6668,22938,0,30073,2831,159851,4153,2043,203889,228557,1546
2026-08-07 22:45:00,49.97,226187,18,6666,22407,0,29717,2875,160041,3858,1998,203780,227562,1533
2026-08-07 23:00:00,50.05,224363,13,6668,22571,0,29655,2747,158736,3756,1997,201792,226130,1438
2026-08-07 23:15:00,50.05,223001,0,6677,22580,0,28984,2690,157732,3606,2050,200421,224319,1535
2026-08-07 23:30:00,50.02,221030,0,6671,22806,0,28407,2516,156039,3845,2086,198224,222370,1749
2026-08-07 23:45:00,50.05,219299,1,6666,23112,0,28235,2508,154212,3828,2116,196187,220677,1587
2026-08-08 00:00:00,50.04,216979,1,6677,23368,0,28235,2323,151933,3663,2064,193611,218263,1605
2026-08-08 00:15:00,50.0,215342,6,6670,23694,0,27857,2177,151756,2862,2030,191648,217046,1689
2026-08-08 00:30:00,49.98,213770,3,6661,23704,0,27968,2008,150406,2697,2026,190066,215470,1700
2026-08-08 00:45:00,49.93,212109,5,6658,23455,0,28008,1804,149125,2650,2033,188654,213733,1709
2026-08-08 01:00:00,49.95,210423,5,6664,23302,0,28049,1602,148224,2342,2007,187121,212190,1716
2026-08-08 01:15:00,49.97,208610,5,6658,23005,0,27987,1536,147685,1602,2082,185605,210555,1748
2026-08-08 01:30:00,50.01,207352,5,6684,22961,0,27939,1516,146438,1592,2082,184391,209212,1777
2026-08-08 01:45:00,50.0,205732,5,6675,22701,0,27816,1515,145274,1585,2035,183031,207601,1840
2026-08-08 02:00:00,49.99,204178,4,6678,22401,0,27493,1538,144226,1581,2087,181777,206004,1924
2026-08-08 02:15:00,50.02,203283,3,6673,22243,0,27694,1534,143180,1645,2051,181040,205020,1910
2026-08-08 02:30:00,49.97,202288,3,6695,22163,0,27753,1554,142279,1661,2027,180125,204132,1938
2026-08-08 02:45:00,49.99,201643,3,6687,22001,0,27774,1561,141743,1639,2048,179642,203453,1941
2026-08-08 03:00:00,50.04,200726,3,6688,22065,0,27559,1566,140965,1605,1991,178661,202439,1928
2026-08-08 03:15:00,50.01,200137,3,6705,22097,0,27450,1559,140510,1450,2003,178040,201774,1889
2026-08-08 03:30:00,50.04,199580,3,6699,22070,0,27444,1565,139982,1410,1995,177510,201165,1872
2026-08-08 03:45:00,50.05,199267,3,6692,22139,0,27526,1564,139582,1400,2011,177128,200914,1897
2026-08-08 04:00:00,50.06,198001,3,6692,21907,0,27502,1576,138839,1270,2044,176094,199830,1903
2026-08-08 04:15:00,50.01,198952,3,6690,21310,0,27565,1597,140426,1268,2031,177642,200887,1906
2026-08-08 04:30:00,50.04,199125,3,6696,20944,0,27459,1612,140976,1193,2016,178181,200896,1940
2026-08-08 04:45:00,49.99,199740,6,6690,20736,0,27808,1616,141751,1113,2087,179004,201801,1908
2026-08-08 05:00:00,50.01,201089,5,6704,20462,46,27973,1617,143157,1105,2012,180581,203076,1934
2026-08-08 05:15:00,49.98,203042,8,6692,20090,84,28572,1601,144851,1048,2041,182868,204979,1990
2026-08-08 05:30:00,50.05,204370,27,6677,19648,111,28651,1614,146321,1028,1985,184611,206035,2020
2026-08-08 05:45:00,50.0,205770,38,6693,19236,125,28604,1612,148086,1019,2013,186409,207388,1993
2026-08-08 06:00:00,50.06,207210,29,6685,18988,134,28500,1612,149965,1002,2031,188088,208917,1952
2026-08-08 06:15:00,50.07,208962,9,6696,18834,1601,28305,1545,152556,888,2041,188527,212466,1971
2026-08-08 06:30:00,50.06,212174,21,6699,18732,2694,29035,1549,154116,1224,2035,190748,216084,1934
2026-08-08 06:45:00,50.05,212975,46,6694,18589,4563,29385,1545,152974,1426,1987,189823,217163,1943
2026-08-08 07:00:00,49.98,212724,51,6706,18325,7646,28744,1540,150402,1272,1979,186753,216614,1956
2026-08-08 07:15:00,49.92,213511,48,6701,18072,11129,28443,1542,148431,954,1970,184310,217242,1964
2026-08-08 07:30:00,49.82,213537,279,6702,17787,15357,28731,1541,144137,795,1989,180393,217039,1971
2026-08-08 07:45:00,49.94,213144,370,6693,17740,19716,28620,1538,139365,733,1984,175688,216389,2026
2026-08-08 08:00:00,50.06,212465,656,6684,17769,24045,28260,1589,133814,694,1985,170651,214840,1996
2026-08-08 08:15:00,50.01,214620,1044,6702,18342,27841,28272,1606,131363,729,2002,168437,216857,2023
2026-08-08 08:30:00,50.13,216728,1806,6704,18911,33130,27766,1618,127968,723,1995,164687,218815,2012
2026-08-08 08:45:00,50.09,218679,2510,6712,19614,38169,27315,1610,124316,716,2014,160896,220466,2136
2026-08-08 09:00:00,50.13,219903,3124,6712,20448,43127,26630,1607,120197,714,1967,156328,221402,2071
2026-08-08 09:15:00,50.01,223410,3817,6704,21034,47537,27001,1608,118163,758,1971,154839,224776,1861
2026-08-08 09:30:00,49.99,224415,3804,6696,21364,48892,27113,1601,117881,812,1990,154159,226349,2033
2026-08-08 09:45:00,50.0,225367,4017,6691,21413,52191,26696,1604,115434,837,1945,151763,226811,2001
2026-08-08 10:00:00,50.02,224513,4051,6686,21642,53179,26456,1600,113779,834,1979,149692,226155,2053
2026-08-08 10:15:00,50.13,225045,4355,6684,21959,55379,25750,1563,112053,489,1938,147707,225815,2002
2026-08-08 10:30:00,49.97,223764,4231,6677,21586,55345,25563,1602,111952,362,1962,146833,225049,1887
2026-08-08 10:45:00,50.04,222911,4307,6669,21287,55531,25178,1639,111611,293,1972,146093,224180,1940
2026-08-08 11:00:00,50.09,222863,4532,6691,21673,56645,25151,1652,110736,287,2005,144545,224840,1810
2026-08-08 11:15:00,50.17,222480,4455,6684,21711,57368,24783,1663,109739,144,1955,143401,224047,1806
2026-08-08 11:30:00,50.02,222203,4400,6676,21589,56659,25075,1667,110239,157,1920,143955,223982,1856
2026-08-08 11:45:00,49.99,221527,4403,6660,21197,55232,24906,1673,111968,1,1921,145098,223558,1801
2026-08-08 12:00:00,50.04,221738,4399,6652,21390,55802,25119,1684,110978,1,1901,144546,223527,1786
2026-08-08 12:15:00,49.93,220986,4366,6665,21174,55726,24983,1671,110585,1,1937,144086,222742,1721
2026-08-08 12:30:00,50.05,220762,4407,6653,20871,57292,25059,1673,109142,1,1967,142599,222658,1630
2026-08-08 12:45:00,49.97,220069,4078,6673,20252,56043,24218,1687,110606,1,1916,143774,221396,1662
2026-08-08 13:00:00,50.05,218655,4156,6658,19959,54396,24288,1679,110810,1,1939,144300,219730,1609
2026-08-08 13:15:00,49.97,216194,4048,6674,19663,53391,24276,1665,109605,1,1931,143140,217206,1614
2026-08-08 13:30:00,49.96,216463,4045,6666,20053,53125,24272,1685,110208,1,1929,143285,217939,1605
2026-08-08 13:45:00,49.89,218829,3757,6660,20045,52536,24675,1672,112333,1,1958,146248,219880,1695
2026-08-08 14:00:00,49.9,218946,3443,6652,20156,50928,24923,1679,112745,1,1892,147862,218976,1652
2026-08-08 14:15:00,49.91,220494,3317,6653,20776,51994,24997,1667,111951,1,1936,147724,219975,1790
2026-08-08 14:30:00,49.94,222422,2946,6649,21847,52592,25008,1675,112080,1,1979,147983,221831,1824
2026-08-08 14:45:00,49.91,222862,2646,6649,22439,51762,24981,1662,112997,1,1959,148661,222450,1883
2026-08-08 15:00:00,49.75,223738,2544,6646,22446,49349,25321,1669,115204,140,1933,151943,222708,1876
2026-08-08 15:15:00,49.92,224112,2232,6649,22948,47896,25767,1651,115837,302,2002,153268,223052,1871
2026-08-08 15:30:00,49.88,224694,2094,6649,23987,46883,26428,1666,116446,447,1907,153824,224413,1849
2026-08-08 15:45:00,49.96,225377,1805,6650,24635,46101,26650,1657,116997,645,1921,154641,225256,1856
2026-08-08 16:00:00,50.04,225461,1284,6659,25145,44845,26130,1649,118485,638,1950,155471,225501,1836
2026-08-08 16:15:00,49.93,223051,750,6661,25353,40388,25685,1636,121010,707,1916,157310,223356,1847
2026-08-08 16:30:00,49.98,223537,756,6661,25135,36481,25790,1643,125580,710,1920,161921,223920,1881
2026-08-08 16:45:00,49.95,222177,241,6667,24764,31980,26056,1639,128783,710,1997,165433,222596,1913
2026-08-08 17:00:00,49.84,221908,1454,6648,24477,27413,26495,1625,133352,875,1955,170018,222840,1919
2026-08-08 17:15:00,49.93,220083,1346,6667,24336,23918,26835,1670,135336,861,1895,171829,221518,1878
2026-08-08 17:30:00,49.82,220271,1344,6666,24158,20198,27002,1656,139706,905,1919,175915,222210,1866
2026-08-08 17:45:00,49.77,219176,1328,6662,24731,16766,27995,1615,142197,921,1908,177679,222795,1875
2026-08-08 18:00:00,50.07,220331,16,6667,25791,14000,27922,1635,144820,1476,1960,180540,224271,1935
2026-08-08 18:15:00,49.99,219513,91,6644,25985,11571,27491,1691,146714,1929,1905,181957,223930,1842
2026-08-08 18:30:00,50.06,222610,1251,6649,25276,9488,27816,1806,152654,2119,1908,187846,227716,1791
2026-08-08 18:45:00,50.05,225715,3,6648,24606,7615,28495,1870,156792,2567,1877,193494,230470,1824
2026-08-08 19:00:00,50.07,228756,2,6645,23994,6460,29398,2055,160697,2661,1925,198302,233835,1839
2026-08-08 19:15:00,49.99,232099,0,6635,23703,5551,30314,2167,163674,3379,1944,202845,237367,1895
2026-08-08 19:30:00,50.02,234449,0,6638,23518,0,31144,2181,165457,3693,1964,210931,234595,1831
2026-08-08 19:45:00,50.05,235712,0,6614,23478,0,32078,2172,165928,3872,1954,212234,236096,1842
2026-08-08 20:00:00,50.05,234374,0,6636,23335,0,32023,2176,164740,3806,1971,211039,234687,1839
2026-08-08 20:15:00,50.04,233419,0,6652,23146,0,32132,2179,164112,3935,1931,210273,234087,1846
2026-08-08 20:30:00,50.07,233381,0,6652,23052,0,31480,2166,164997,4053,1953,210329,234353,1811
2026-08-08 20:45:00,49.99,233230,0,6657,22437,0,31039,2175,165723,4185,1965,210793,234181,1823
2026-08-08 21:00:00,50.01,232107,0,6662,22124,0,30454,2160,166002,4212,1985,209983,233599,1820
2026-08-08 21:15:00,49.98,231667,0,6668,21849,0,30202,2170,165765,4333,1992,209818,232979,1835
2026-08-08 21:30:00,50.05,231316,0,6657,21626,0,30205,2168,165311,4363,2066,209690,232396,1889
2026-08-08 21:45:00,50.03,229924,0,6690,21412,0,29903,2162,164994,4408,2067,208512,231636,1706
2026-08-08 22:00:00,50.03,230351,0,6693,21195,0,29799,2167,164713,4397,2095,209156,231059,1545
2026-08-08 22:15:00,50.03,230247,0,6708,21060,0,29911,2160,164777,4254,2100,209187,230970,1836
2026-08-08 22:30:00,50.03,230248,0,6702,20887,0,29923,2141,164735,4284,2104,209361,230776,1817
2026-08-08 22:45:00,50.0,229818,0,6691,20980,0,29810,2140,164490,4373,2037,208838,230521,1759
2026-08-08 23:00:00,50.02,228113,0,6708,20963,0,29279,2108,163989,4162,2002,207150,229211,1742
2026-08-08 23:15:00,50.01,226440,0,6695,21156,0,28426,2163,163335,3561,2043,205284,227379,1788
2026-08-08 23:30:00,50.03,224849,0,6700,21230,0,28036,2147,161978,3486,2053,203619,225630,1824
2026-08-08 23:45:00,50.01,223087,0,6713,21139,0,27876,2044,160254,3623,2060,201948,223709,1852
2026-08-09 00:00:00,50.03,220460,0,6719,21198,0,27841,1991,157927,3384,2123,199262,221183,1892
2026-08-09 00:15:00,49.99,219138,5,6715,21208,0,28255,1909,157135,2773,2026,197930,220021,1897
2026-08-09 00:30:00,49.98,218121,1220,6731,21412,0,28560,1784,155802,2549,2099,196709,218937,1901
2026-08-09 00:45:00,50.01,216505,1221,6729,21746,0,28733,1676,153926,2419,2086,194759,217315,1957
2026-08-09 01:00:00,50.02,213953,1221,6728,21611,0,28739,1607,152281,2001,2060,192342,215027,1943
2026-08-09 01:15:00,50.02,212624,1221,6727,21486,0,28302,1605,152013,1593,2100,191138,213826,1964
2026-08-09 01:30:00,50.02,211128,1221,6720,21299,0,28246,1613,150583,1590,2053,189829,212104,1939
2026-08-09 01:45:00,50.02,210080,1221,6728,21613,0,27964,1616,149307,1277,2008,188467,210513,1934
2026-08-09 02:00:00,50.04,208832,1220,6742,21937,0,27363,1609,148442,858,2047,186895,208998,1942
2026-08-09 02:15:00,50.04,207055,1397,6725,22067,0,27085,1605,146970,887,2017,184988,207356,1919
2026-08-09 02:30:00,50.04,206270,1398,6727,21934,0,27156,1594,146005,874,1991,184336,206281,1964
2026-08-09 02:45:00,50.03,205298,1399,6741,21707,0,27071,1613,145487,889,2040,183591,205548,1925
2026-08-09 03:00:00,50.03,204453,1400,6734,21327,0,26900,1615,145191,863,2018,183126,204648,1958
2026-08-09 03:15:00,50.02,203746,1401,6723,20943,0,26793,1602,145449,491,2012,182803,204013,1952
2026-08-09 03:30:00,49.99,202781,1401,6757,20672,0,26887,1597,144373,460,2049,182109,202795,1972
2026-08-09 03:45:00,49.96,201772,1401,6743,20461,0,26919,1607,143744,487,2033,181311,201994,1980
2026-08-09 04:00:00,49.99,201552,1401,6738,20213,0,27207,1601,143379,488,1982,181339,201608,1997
2026-08-09 04:15:00,49.97,202126,1254,6747,20219,0,27120,1639,144057,502,1992,181907,202276,1951
2026-08-09 04:30:00,50.0,202117,1222,6744,19846,0,27204,1666,144293,502,2007,182271,202262,1954
2026-08-09 04:45:00,50.01,202971,1221,6742,19578,0,27260,1669,145606,788,2047,183393,203690,1948
2026-08-09 05:00:00,50.02,203352,1221,6729,19522,4092,27289,1676,146104,987,2033,179738,208432,1964
2026-08-09 05:15:00,50.05,205161,1222,6729,19259,4131,27207,1684,148422,984,2021,181771,210437,2007
2026-08-09 05:30:00,50.05,205947,1221,6727,18864,4146,27081,1680,149590,1146,2022,182937,211256,2024
2026-08-09 05:45:00,50.05,206615,1224,6726,18637,4161,27278,1679,150050,1091,2019,183817,211641,2021
2026-08-09 06:00:00,50.06,206210,1224,6706,18239,4189,26859,1666,150589,735,2089,183782,211072,2053
2026-08-09 06:15:00,49.95,206475,1224,6728,17965,5836,26807,1633,151425,559,2063,182674,213016,2005
2026-08-09 06:30:00,49.92,207523,1222,6714,17548,6653,26623,1605,151892,434,2013,183322,213482,2044
2026-08-09 06:45:00,49.93,208064,1221,6717,17076,8628,26822,1603,150704,552,1973,182360,214075,2011
2026-08-09 07:00:00,49.97,208220,1223,6735,16461,11283,26798,1606,148472,519,2043,180476,213917,1980
2026-08-09 07:15:00,49.97,207990,1258,6744,15899,14237,27085,1619,145211,517,2065,177854,213377,2003
2026-08-09 07:30:00,49.9,207919,1286,6745,15341,18261,27148,1598,141423,163,2114,174317,212793,2000
2026-08-09 07:45:00,49.96,207398,1596,6751,15117,22338,26872,1608,136582,2,2086,169943,211356,2013
2026-08-09 08:00:00,50.08,207126,1610,6779,15263,27197,26420,1614,129952,2,2127,164666,209354,1977
2026-08-09 08:15:00,50.07,209347,1954,6770,15863,32142,25975,1595,126031,2,2090,161342,210468,1978
2026-08-09 08:30:00,50.06,210841,2648,6775,16431,36363,25333,1599,122047,2,2116,158047,210666,1963
2026-08-09 08:45:00,50.09,212825,3581,6759,17114,40633,25107,1588,118460,2,2094,155078,211757,1889
2026-08-09 09:00:00,50.07,214527,4345,6778,17632,43360,25095,1615,116385,2,2061,153535,212928,1715
2026-08-09 09:15:00,50.0,217894,5165,6743,17819,46840,25073,1597,115934,28,2059,153235,216093,1559
2026-08-09 09:30:00,50.03,218688,3972,6722,17764,49134,25164,1608,114685,27,2100,151790,217204,1551
2026-08-09 09:45:00,50.15,220089,4093,6734,17753,51660,24756,1670,113908,1,1990,150676,218472,1513
2026-08-09 10:00:00,50.21,219323,4082,6729,17862,53340,23965,1682,112788,1,2037,148121,218404,1474
2026-08-09 10:15:00,49.99,218085,4276,6694,18033,52610,24007,1672,112252,1,2057,147442,217326,1508
2026-08-09 10:30:00,49.95,217385,4159,6693,17600,51105,23978,1683,114784,1,2061,148680,217905,1573
2026-08-09 10:45:00,49.9,217756,4161,6690,17612,50966,24220,1663,115432,1,2019,149178,218603,1527
2026-08-09 11:00:00,49.97,217172,4141,6697,17780,53371,24119,1681,113176,1,1989,146021,218814,1490
2026-08-09 11:15:00,49.92,217296,4143,6679,17841,54539,24017,1675,112684,1,1971,144916,219407,1479
2026-08-09 11:30:00,49.92,217733,4423,6690,17367,54202,24017,1671,113472,1,1989,146164,219409,1561
2026-08-09 11:45:00,49.98,218874,4528,6683,17212,56412,24188,1671,112156,1,2002,145250,220325,1586
2026-08-09 12:00:00,50.03,218367,4553,6659,17375,56296,24216,1667,111967,1,2049,144696,220230,1610
2026-08-09 12:15:00,50.04,217962,4574,6657,17292,57255,24110,1682,111049,1,2064,143415,220110,1571
2026-08-09 12:30:00,50.1,218245,4611,6688,17631,58559,23962,1675,109743,1,2023,142055,220282,1591
2026-08-09 12:45:00,50.03,217341,4493,6665,17677,56793,24167,1681,110256,1,1994,142871,219234,1648
2026-08-09 13:00:00,50.1,215734,4520,6679,17661,55996,24018,1682,110037,1,2031,142077,218105,1672
2026-08-09 13:15:00,49.97,213734,4411,6679,17866,52471,24267,1660,110870,1,2020,143397,215834,1633
2026-08-09 13:30:00,50.05,214794,5805,6675,18416,53519,24170,1683,110198,1,1936,142859,216598,1640
2026-08-09 13:45:00,50.02,214821,4060,6694,18970,53899,24083,1672,109370,1,2022,141952,216711,1662
2026-08-09 14:00:00,50.03,215386,4026,6684,19111,53923,23979,1676,109855,1,1899,142352,217128,1652
2026-08-09 14:15:00,49.99,215387,3850,6688,19390,53339,24012,1667,109554,1,1892,142658,216543,1611
2026-08-09 14:30:00,49.98,216120,3296,6669,19627,52542,24034,1674,110504,1,1935,143951,216986,1592
2026-08-09 14:45:00,49.96,216929,2847,6664,19959,52174,24077,1668,111228,1,1952,144796,217723,1600
2026-08-09 15:00:00,49.96,217994,2534,6670,20257,51172,24348,1646,112422,1,1958,146565,218474,1604
2026-08-09 15:15:00,50.02,216878,2027,6676,21571,51729,23989,1668,109772,1,1954,143578,217360,1612
2026-08-09 15:30:00,50.01,217008,2000,6687,22205,50670,23955,1682,110278,1,1981,144133,217459,1589
2026-08-09 15:45:00,50.13,217783,1644,6713,23114,51682,23653,1666,109014,2,2007,142987,217851,1547
2026-08-09 16:00:00,50.0,215292,1233,6683,23185,47986,24005,1628,110055,3,2003,144121,215548,1585
2026-08-09 16:15:00,49.98,212491,606,6696,23488,44058,24223,1647,110491,197,2022,144945,212822,1583
2026-08-09 16:30:00,49.93,211949,226,6675,23427,40555,24811,1644,113029,158,2061,147967,212360,1599
2026-08-09 16:45:00,49.97,212084,217,6688,23589,38248,25300,1648,114619,157,2063,150247,212312,1632
2026-08-09 17:00:00,49.97,210926,1438,6677,23660,34286,25407,1638,117894,2,2010,152980,211574,1640
2026-08-09 17:15:00,50.0,208688,1435,6687,23638,29944,25391,1659,120113,3,2035,155106,209470,1648
2026-08-09 17:30:00,50.04,208871,1438,6688,23781,26182,25186,1656,124353,2,1960,158908,209808,1660
2026-08-09 17:45:00,50.02,208975,222,6669,23684,22203,25557,1678,128323,2,1960,163088,210076,1650
2026-08-09 18:00:00,50.08,209754,1439,6670,23793,18329,25825,1723,131577,656,1955,167632,210528,1619
2026-08-09 18:15:00,50.04,209050,1223,6654,23907,15044,26015,1769,134161,1229,1964,170099,210743,1581
2026-08-09 18:30:00,50.01,211585,6,6664,23664,12147,26457,1799,140421,1546,1941,175774,214639,1499
2026-08-09 18:45:00,49.9,215539,1223,6670,22944,9812,26928,1808,147536,1914,1881,182783,219493,1441
2026-08-09 19:00:00,49.96,219556,1221,6644,22479,7923,28171,1969,153009,2276,2008,189154,224479,1290
2026-08-09 19:15:00,49.94,224250,1219,6654,22286,6784,29495,2094,157645,3192,1956,195180,230106,1224
2026-08-09 19:30:00,50.02,227270,1216,6635,21750,0,29920,2167,161736,3219,1953,205520,227380,1240
2026-08-09 19:45:00,50.0,228786,0,6630,21020,0,29912,2202,163659,3142,1910,207766,228475,1328
2026-08-09 20:00:00,49.97,229398,1216,6640,20655,0,29385,2211,165416,3127,1928,208743,229362,1454
2026-08-09 20:15:00,49.99,229301,1266,6667,20329,0,28724,2213,165979,3295,2006,208972,229213,1409
2026-08-09 20:30:00,49.95,229751,1271,6667,20077,0,28633,2218,166820,3378,1973,209674,229766,1489
2026-08-09 20:45:00,49.92,229641,1242,6662,19728,0,28628,2221,166997,3476,2025,209913,229737,1546
2026-08-09 21:00:00,50.02,229285,1222,6661,19557,0,28837,2214,166623,3754,2012,209728,229658,1657
2026-08-09 21:15:00,50.04,229064,1222,6682,19948,0,29012,2203,165533,3705,2029,209116,229112,1859
2026-08-09 21:30:00,50.05,230658,1230,6676,20207,0,28939,2199,166826,3705,2062,210451,230614,1850
2026-08-09 21:45:00,50.04,230683,1232,6678,20141,0,29321,2214,166854,3740,2134,210542,231082,1841
2026-08-09 22:00:00,50.08,229767,8,6689,20171,0,29197,2196,166015,3429,2051,209596,229748,1874
2026-08-09 22:15:00,50.04,230761,10,6686,20251,0,29423,2217,166626,3724,2070,210510,230997,1863
2026-08-09 22:30:00,50.05,230958,1215,6699,20236,0,29489,2223,166698,4233,2132,210722,231710,1894
2026-08-09 22:45:00,50.02,229641,1215,6702,20062,0,29249,2210,166005,4356,2059,209579,230643,1865
2026-08-09 23:00:00,50.02,228842,1215,6693,19719,0,29084,2152,165291,4345,2114,209123,229398,1887
2026-08-09 23:15:00,49.99,226695,1230,6691,19272,0,28516,2140,164719,4069,2133,207423,227540,1878
2026-08-09 23:30:00,49.97,225294,1219,6697,19009,0,28057,2164,163663,3752,2100,206285,225442,1873
2026-08-09 23:45:00,50.0,223216,1216,6689,18597,0,27932,2160,162455,3432,2146,204619,223411,1880
2026-08-10 00:00:00,50.0,220969,1238,6701,17975,0,27369,2149,161273,3245,2209,202994,220921,-1880
2026-08-10 00:15:00,50.02,220190,1224,6700,17928,0,27445,2000,161579,2133,2185,202262,219970,-1897
2026-08-10 00:30:00,50.01,218381,1222,6704,17770,0,27504,1898,160120,1819,2219,200611,218034,-1861
2026-08-10 00:45:00,49.96,216587,1221,6691,17669,0,27192,1743,159091,1802,2238,198918,216426,-1863
2026-08-10 01:00:00,50.02,214822,1221,6699,17561,0,27415,1687,157387,1510,2106,197261,214365,-1902
2026-08-10 01:15:00,50.0,213080,1222,6708,17248,0,27200,1691,156270,1007,2135,195832,212259,-1942
2026-08-10 01:30:00,49.99,211680,1221,6716,17560,0,26846,1687,154992,1068,2142,194120,211011,-1927
2026-08-10 01:45:00,50.0,209785,1220,6727,17726,0,26390,1688,153315,1053,2112,192059,209011,-1905
2026-08-10 02:00:00,50.04,208688,1325,6728,17962,0,26339,1684,151796,996,2192,190726,207697,-1911
2026-08-10 02:15:00,50.03,207948,1611,6726,18253,0,26419,1688,150614,816,2180,189695,206696,-1928
2026-08-10 02:30:00,50.01,207266,1717,6727,18107,0,26444,1690,149936,827,2164,189159,205895,-1957
2026-08-10 02:45:00,50.0,206463,1720,6726,17946,0,26402,1699,149425,859,2212,188517,205269,-2045
2026-08-10 03:00:00,50.05,206153,325,6725,18168,0,26335,1696,149042,915,2259,187985,205140,-1994
2026-08-10 03:15:00,49.99,205554,1751,6726,18156,0,26150,1696,148846,686,2167,187398,204427,-2005
2026-08-10 03:30:00,50.04,204677,1759,6722,18194,0,26110,1696,148133,586,2190,186483,203631,-1983
2026-08-10 03:45:00,49.98,203535,1759,6673,17914,0,26190,1695,147594,608,2158,185621,202832,-1990
2026-08-10 04:00:00,50.0,203676,361,6573,17834,0,26119,1693,148007,539,2195,185842,202960,-2014
2026-08-10 04:15:00,49.96,204436,362,6509,17591,0,26323,1699,149027,387,2195,186845,203731,-1962
2026-08-10 04:30:00,50.05,204613,1543,6518,17242,0,26405,1719,149443,387,2147,187371,203861,-2136
2026-08-10 04:45:00,49.96,205810,1544,6530,17053,0,26378,1714,151226,411,2204,188757,205516,-1707
2026-08-10 05:00:00,50.01,206645,1543,6528,16794,4250,26146,1700,152921,363,2148,185601,210850,-1741
2026-08-10 05:15:00,50.01,208431,6,6514,16675,4258,26166,1751,154801,316,2150,187498,212631,-1853
2026-08-10 05:30:00,50.02,210770,1237,6512,16417,4250,26332,1734,156953,482,2199,190103,214879,-1788
2026-08-10 05:45:00,50.05,211976,1238,6506,16320,4245,26512,1733,158058,642,2199,191411,216215,-1888
2026-08-10 06:00:00,50.0,213733,1229,6524,16301,4274,26437,1720,159921,647,2157,193158,217981,-1892
2026-08-10 06:15:00,49.98,215949,1224,6506,16323,6266,26278,1696,162019,921,2142,193360,222151,-1874
2026-08-10 06:30:00,50.03,219315,1224,6528,16014,7100,27116,1687,163228,1339,2125,196201,225137,-1890
2026-08-10 06:45:00,49.98,220748,1221,6540,15751,9134,27592,1654,161619,1316,2142,195863,225748,-1885
2026-08-10 07:00:00,50.05,221617,1467,6536,15396,11948,27933,1689,159225,1468,2188,194273,226383,-1943
2026-08-10 07:15:00,50.04,222435,1486,6544,14881,15465,27936,1685,156466,1110,2216,192089,226303,-1923
2026-08-10 07:30:00,50.06,221578,1520,6554,14668,19223,27231,1685,152110,685,2165,187687,224321,-1898
2026-08-10 07:45:00,50.14,221523,1489,6555,14418,24413,25992,1694,146802,1,2165,182692,222040,-1949
2026-08-10 08:00:00,50.15,221598,1745,6555,14897,30349,25218,1673,141764,1,2175,176352,222632,-1937
2026-08-10 08:15:00,50.03,223784,2156,6565,15146,35912,25112,1712,138151,1,2112,172726,224711,-1889
2026-08-10 08:30:00,50.02,225814,2642,6536,15712,40467,25030,1704,134388,1,2073,169635,225911,-1866
2026-08-10 08:45:00,50.11,228597,3344,6553,16462,45909,24670,1716,129981,1,2117,166226,227409,-1862
2026-08-10 09:00:00,50.23,231121,2920,6542,17255,50677,24318,1716,126838,1,2101,163189,229448,-1874
2026-08-10 09:15:00,49.99,235181,4931,6533,17928,54934,25029,1695,123560,1,1999,162319,231679,-1911
2026-08-10 09:30:00,49.88,236436,3610,6506,18169,55146,25137,1705,125230,1,2005,163121,233899,-1894
2026-08-10 09:45:00,49.78,237734,3609,6496,18571,56592,25637,1701,123934,1,2028,162571,234960,-1903
2026-08-10 10:00:00,50.03,239273,3903,6487,19348,61009,25255,1734,120260,1,2059,158916,236153,-1909
2026-08-10 10:15:00,50.03,240125,4324,6501,20201,65391,24523,1740,117451,1,1971,154533,237779,-1957
2026-08-10 10:30:00,49.99,241388,4371,6494,20342,65250,24729,1752,118788,1,1980,155796,239336,-1965
2026-08-10 10:45:00,49.94,240131,4389,6492,20395,65848,24903,1803,118170,1,2063,153888,239675,-1961
2026-08-10 11:00:00,49.98,240673,4433,6508,20379,66373,24558,1809,118770,1,1987,153921,240385,-1901
2026-08-10 11:15:00,49.98,240350,4979,6497,20592,67265,24470,1801,117455,1,2023,152493,240104,-1974
2026-08-10 11:30:00,49.91,241748,5632,6516,20851,68236,24508,1806,117598,1,1955,152661,241471,-1882
2026-08-10 11:45:00,49.96,241716,5853,6522,21236,68599,24368,1819,116845,1,2061,151881,241451,-1940
2026-08-10 12:00:00,50.0,241531,5943,6530,21376,69509,24684,1824,115165,1,2036,150646,241125,-1889
2026-08-10 12:15:00,49.96,240779,6049,6483,21809,69396,24764,1829,114164,1,2034,149574,240480,-1990
2026-08-10 12:30:00,50.0,240401,6109,6481,22074,68299,24725,1770,114564,1,1989,150028,239903,-1939
2026-08-10 12:45:00,49.86,239234,4427,6483,21923,66067,25042,1773,115971,2,1992,151244,239253,-1938
2026-08-10 13:00:00,49.97,237822,5971,6484,22021,64688,25037,1784,115654,1,2032,151113,237701,-1965
2026-08-10 13:15:00,49.98,235160,4448,6497,22432,63274,25093,1783,113889,1,2043,149454,235012,-2032
2026-08-10 13:30:00,50.01,235493,4441,6447,22630,63231,25170,1769,113874,1,2045,149632,235167,-2003
2026-08-10 13:45:00,49.89,236475,4409,6449,23194,61835,25170,1765,116519,1,2135,151446,237068,-1968
2026-08-10 14:00:00,49.93,236968,4189,6417,23828,60591,25232,1762,117480,1,2046,152549,237357,-2029
2026-08-10 14:15:00,49.91,237658,3769,6444,24657,59891,24894,1778,118518,2,2039,153110,238223,-1907
2026-08-10 14:30:00,49.97,240408,3173,6453,25343,58960,24816,1771,121009,2,2140,156105,240494,-1849
2026-08-10 14:45:00,50.0,240619,2514,6451,25464,56242,25117,1771,123193,2,2058,158913,240298,-1871
2026-08-10 15:00:00,50.0,241566,2438,6438,26044,54907,25109,1761,124858,2,2038,160615,241157,-1943
2026-08-10 15:15:00,49.95,241742,2122,6418,26502,51128,25210,1754,127391,2,2058,164112,240463,-1930
2026-08-10 15:30:00,50.03,240983,2182,6461,26923,49224,24932,1771,129471,219,2082,164836,241083,-1914
2026-08-10 15:45:00,49.93,239945,1505,6473,27183,45448,24800,1754,132473,219,2115,167314,240465,-1948
2026-08-10 16:00:00,50.03,239855,1292,6462,27028,42100,24987,1737,135900,219,2067,170727,240500,-1946
2026-08-10 16:15:00,49.95,235794,733,6481,26786,38671,24926,1715,135615,158,2054,170337,236406,-1995
2026-08-10 16:30:00,49.92,234875,229,6454,26636,33310,25465,1703,139757,156,1994,174929,235475,-1994
2026-08-10 16:45:00,49.96,234559,225,6446,26514,30220,25939,1709,142690,1,1988,177825,235507,-1986
2026-08-10 17:00:00,49.91,233086,225,6461,26131,25930,26089,1704,146057,1,1974,181025,234347,-1980
2026-08-10 17:15:00,50.01,230059,227,6457,26576,22190,26326,1781,146383,149,1982,181293,231844,-1967
2026-08-10 17:30:00,50.06,229991,230,6467,26709,19097,26436,1800,148870,155,1991,184185,231525,-1976
2026-08-10 17:45:00,50.03,229362,228,6429,26846,15859,27056,1839,151239,157,1943,186657,231368,-1984
2026-08-10 18:00:00,50.08,228333,224,6424,26452,11684,27409,1890,153410,1057,1942,190197,230268,-1975
2026-08-10 18:15:00,50.01,227570,10,6404,25959,8419,27733,1997,155312,1533,2007,193192,229364,-1959
2026-08-10 18:30:00,50.01,229981,11,6402,25632,5631,28417,2100,160162,1870,1991,198718,232205,-1838
2026-08-10 18:45:00,49.95,233147,7,6425,24926,3990,29674,2154,164251,2227,2036,204231,235683,-1838
2026-08-10 19:00:00,49.99,235898,7,6416,24724,2853,31445,2284,166411,2935,2010,208321,239078,-1770
2026-08-10 19:15:00,50.02,238367,3,6400,24746,1885,32785,2431,167311,3636,2059,211736,241253,-1789
2026-08-10 19:30:00,50.01,240285,0,6420,24599,0,33365,2490,168672,4018,2041,215686,241605,-1780
2026-08-10 19:45:00,49.99,240695,0,6412,24256,0,33362,2504,169306,4229,2053,216439,242122,-1805
2026-08-10 20:00:00,50.06,239884,0,6404,23474,0,33539,2524,169096,3994,2040,216410,241071,-1766
2026-08-10 20:15:00,49.96,238346,0,6416,22849,0,33182,2578,168709,3982,2031,215497,239747,-1696
2026-08-10 20:30:00,49.96,238493,0,6422,22525,0,33201,2578,169070,4009,2051,215968,239856,-1740
2026-08-10 20:45:00,49.97,237545,0,6422,21900,0,33025,2580,169153,3957,2037,215645,239074,-1823
2026-08-10 21:00:00,49.98,237489,0,6417,21517,0,33214,2582,169205,3920,2068,215972,238923,-1826
2026-08-10 21:15:00,50.0,237238,0,6421,21416,0,33127,2572,168956,3842,2023,215822,238357,-1798
2026-08-10 21:30:00,49.98,237005,0,6444,21172,0,33136,2586,169210,3600,1999,215833,238147,-1800
2026-08-10 21:45:00,50.0,236446,0,6424,20631,0,33375,2577,169011,3600,1970,215815,237588,-1790
2026-08-10 22:00:00,50.04,235155,0,6437,20453,0,32833,2573,168330,3359,1991,214702,235976,-1832
2026-08-10 22:15:00,50.01,235674,0,6435,20212,0,32644,2625,168667,3425,2005,215462,236013,-1894
2026-08-10 22:30:00,50.05,235734,0,6439,19887,0,32782,2643,168728,3415,2137,215847,236031,-1918
2026-08-10 22:45:00,50.04,234842,0,6456,19847,0,32581,2455,167699,3310,2038,214995,234386,-2016
2026-08-10 23:00:00,50.05,232974,0,6465,19650,0,31558,2471,167671,3207,2083,213324,233105,-2052
2026-08-10 23:15:00,50.05,232056,0,6459,19295,0,31180,2473,167695,3097,2134,212761,232333,-2023
2026-08-10 23:30:00,50.03,229593,0,6460,18872,0,30562,2316,166582,3159,2010,210721,229961,-1999
2026-08-10 23:45:00,50.03,227411,0,6458,18423,0,29786,2194,165565,3313,2000,208988,227739,-1944
2026-08-11 00:00:00,50.05,224689,0,6477,18130,0,29247,2050,163825,2991,2016,206559,224736,1920
2026-08-11 00:15:00,49.99,223036,6,6469,18271,0,29138,2006,163599,2112,2086,204765,223681,1944
2026-08-11 00:30:00,49.99,221133,112,6460,18313,0,28977,1883,162415,1952,2007,202820,222007,1924
2026-08-11 00:45:00,49.97,220234,120,6475,18016,0,29095,1738,162137,1544,2001,202218,221006,1922
2026-08-11 01:00:00,50.02,218397,217,6480,18091,0,29039,1672,160341,1526,1978,200306,219127,1953
2026-08-11 01:15:00,50.0,216601,326,6470,18120,0,29041,1683,159200,1060,2044,198481,217618,1958
2026-08-11 01:30:00,50.03,214649,326,6469,18339,0,28678,1623,157210,1138,1873,196310,215330,1946
2026-08-11 01:45:00,50.03,213152,326,6462,18443,0,28499,1618,155724,1041,2010,194709,213797,1958
2026-08-11 02:00:00,50.03,211757,325,6475,18404,0,28523,1624,154286,1036,2046,193353,212394,1925
2026-08-11 02:15:00,50.04,211064,323,6463,18323,0,28455,1621,153861,975,2015,192741,211713,1938
2026-08-11 02:30:00,49.98,210229,323,6471,18060,0,28576,1637,153113,959,1965,192169,210781,1958
2026-08-11 02:45:00,50.0,209719,324,6470,17685,0,28518,1636,152906,1023,2004,192034,210242,1983
2026-08-11 03:00:00,50.04,209077,323,6466,17624,0,28535,1635,152441,952,1984,191453,209637,2001
2026-08-11 03:15:00,50.02,208168,323,6466,17482,0,28374,1639,152225,813,1983,190686,208982,2048
2026-08-11 03:30:00,50.0,207579,323,6475,16881,0,28125,1630,152542,877,1994,190698,208524,2004
2026-08-11 03:45:00,50.0,207041,323,6469,16583,0,28258,1628,152301,894,1979,190458,208112,1975
2026-08-11 04:00:00,50.02,206304,322,6466,16403,0,28161,1627,151722,896,2032,189901,207307,1982
2026-08-11 04:15:00,49.98,207150,323,6468,16042,0,28080,1652,153263,894,1906,191108,208305,1980
2026-08-11 04:30:00,49.97,207220,322,6446,15498,0,27837,1645,154344,898,1947,191722,208615,1972
2026-08-11 04:45:00,49.94,208053,322,6451,15265,0,27392,1650,155849,916,1959,192788,209482,2006
2026-08-11 05:00:00,49.98,209257,111,6459,15047,228,27281,1664,157536,857,1969,193982,211041,1997
2026-08-11 05:15:00,49.89,211568,307,6436,14578,268,27393,1652,159968,812,1953,196722,213060,2020
2026-08-11 05:30:00,49.99,214350,308,6446,14118,262,27550,1681,162905,938,1953,199970,215853,2025
2026-08-11 05:45:00,50.04,215480,315,6453,13712,265,28019,1707,164390,1150,2026,201503,217722,2006
2026-08-11 06:00:00,50.04,217671,314,6452,13497,276,28668,1733,165627,1634,1997,203898,219884,2007
2026-08-11 06:15:00,49.86,220085,313,6461,13316,1861,29154,1709,167273,1796,1927,204908,223497,2028
2026-08-11 06:30:00,49.84,223552,312,6458,13015,3059,30882,1688,168035,1776,1954,207478,226867,2051
2026-08-11 06:45:00,49.94,225597,316,6448,13060,4907,31659,1670,167340,1762,1925,207630,228771,1997
2026-08-11 07:00:00,50.04,226108,329,6478,12962,7323,31019,1676,165660,1590,1917,205823,228625,2026
2026-08-11 07:15:00,50.02,227125,330,6466,12848,10444,30689,1684,163940,1302,1932,203833,229305,2012
2026-08-11 07:30:00,50.0,226594,349,6480,12802,14371,29174,1678,161320,518,1915,199421,228258,2029
2026-08-11 07:45:00,50.01,225539,346,6466,12851,18792,28023,1648,156743,389,1915,193896,226827,2010
2026-08-11 08:00:00,50.07,224088,616,6472,13005,22718,26833,1623,152083,269,1918,188365,224921,2023
2026-08-11 08:15:00,49.97,226562,997,6440,13280,27410,25699,1640,150611,2,1902,185872,226984,2014
2026-08-11 08:30:00,49.93,228896,1874,6431,13705,32006,24279,1670,149509,2,1931,183185,229533,2035
2026-08-11 08:45:00,50.02,231838,3033,6459,14294,37008,23682,1669,146731,2,1849,180536,231694,1987
2026-08-11 09:00:00,50.09,233312,3306,6449,14894,41695,22941,1659,143496,2,1867,176723,233003,1982
2026-08-11 09:15:00,50.03,237634,3905,6428,15511,46214,23012,1680,142055,2,1885,175909,236787,2005
2026-08-11 09:30:00,50.05,238912,3781,6427,16129,49805,22806,1705,139265,2,1832,172978,237971,1995
2026-08-11 09:45:00,50.08,240695,3831,6414,16684,53624,22449,1716,137289,2,1850,170387,240028,2019
2026-08-11 10:00:00,50.13,241141,3535,6380,17270,57268,21903,1717,133934,2,1820,166603,240294,1960
2026-08-11 10:15:00,50.11,241870,3784,6431,17748,59267,22078,1752,131342,2,1915,164855,240535,1978
2026-08-11 10:30:00,50.01,241651,3799,6453,18521,59474,21831,1792,130113,2,1869,163656,240055,1921
2026-08-11 10:45:00,50.02,241101,3949,6435,19077,60338,21516,1792,128781,2,1787,161686,239728,1996
2026-08-11 11:00:00,50.0,241054,4111,6464,19580,61751,21487,1800,126609,1,1828,159723,239520,2013
2026-08-11 11:15:00,49.97,240897,3911,6457,19949,62847,21168,1782,126201,2,1941,158101,240347,2005
2026-08-11 11:30:00,49.96,241017,5335,6450,20029,63729,20974,1771,125902,2,1825,157259,240682,1922
2026-08-11 11:45:00,49.94,241208,5486,6453,20188,64209,20801,1776,125626,2,1846,156811,240901,1956
2026-08-11 12:00:00,49.97,241524,5573,6448,20464,63680,21039,1780,125972,2,1819,157380,241204,1949
2026-08-11 12:15:00,50.05,240790,4230,6462,20675,65876,21057,1779,123197,2,1846,154239,240894,1770
2026-08-11 12:30:00,50.05,240545,5555,6475,20745,66362,20895,1783,122284,1,1856,153438,240401,1938
2026-08-11 12:45:00,50.0,240330,5690,6467,20898,66695,21138,1714,120940,2,1884,152737,239738,1983
2026-08-11 13:00:00,50.17,238741,5846,6461,21255,66538,20781,1722,119617,2,1887,150948,238263,2037
2026-08-11 13:15:00,50.16,236303,5735,6486,21767,65400,20311,1710,118382,2,1826,149136,235884,1967
2026-08-11 13:30:00,50.25,237350,5735,6483,22185,65577,20182,1707,119205,2,1906,149588,237247,1980
2026-08-11 13:45:00,50.17,238864,5560,6474,22948,65052,20278,1705,120493,2,1832,150864,238784,2009
2026-08-11 14:00:00,50.01,239476,5243,6455,23575,64633,20301,1693,121533,2,1816,151268,240008,1986
2026-08-11 14:15:00,49.93,239641,4397,6445,23487,61664,20307,1675,124861,2,1863,154490,240304,2004
2026-08-11 14:30:00,49.92,241849,3889,6436,24076,61365,20339,1858,126225,2,1823,156408,242124,1980
2026-08-11 14:45:00,49.94,242950,3096,6424,24226,59298,18098,1878,128565,2,1900,159426,240391,2175
2026-08-11 15:00:00,49.97,244108,2863,6448,24279,57292,18298,1900,131468,2,1916,162537,241603,2204
2026-08-11 15:15:00,49.96,244327,2443,6448,24254,54793,20904,2066,133334,1,1906,165280,243706,2238
2026-08-11 15:30:00,49.91,244420,2259,6433,24671,50765,21246,2072,136564,2,1935,168984,243688,2238
2026-08-11 15:45:00,49.98,244800,2206,6443,24720,48575,21508,2104,138829,2,1924,171505,244105,2266
2026-08-11 16:00:00,49.96,244041,1846,6436,24826,45337,21490,2058,140989,2,1889,173878,243027,2261
2026-08-11 16:15:00,50.0,240246,1081,6457,24288,42627,21397,2134,141526,2,1887,173331,240318,2252
2026-08-11 16:30:00,49.96,240586,502,6437,24648,39519,21513,2131,145147,2,1898,176419,241295,2249
2026-08-11 16:45:00,49.95,240205,489,6450,24428,35434,21952,2147,148669,2,1863,180343,240945,2248
2026-08-11 17:00:00,50.0,238556,267,6457,24276,30883,21714,2148,151868,2,1811,183397,239159,2226
2026-08-11 17:15:00,49.96,234680,291,6460,24188,25962,21789,2200,152735,2,1832,184530,235168,2205
2026-08-11 17:30:00,49.92,233312,287,6443,24137,20967,22062,2284,156505,165,1845,188208,234408,2196
2026-08-11 17:45:00,49.87,232390,241,6430,24357,17142,22122,2364,159424,165,1753,190891,233757,2197
2026-08-11 18:00:00,50.05,232171,122,6446,24470,14130,22582,2445,161117,936,1857,193571,233983,2179
2026-08-11 18:15:00,49.89,229523,12,6428,23882,10468,22818,2734,162249,1458,1838,195173,231875,2169
2026-08-11 18:30:00,49.96,231689,12,6409,23403,7605,24183,3030,165833,1858,1900,200681,234221,2178
2026-08-11 18:45:00,49.93,233513,12,6424,22895,5238,26230,3232,167981,2677,1841,205380,236518,2164
2026-08-11 19:00:00,49.85,235521,4,6414,22486,3569,28051,3663,169540,3521,1924,209466,239168,2179
2026-08-11 19:15:00,49.79,237231,1,6445,21988,2758,28909,4136,169913,4920,1971,212485,241040,2154
2026-08-11 19:30:00,49.7,237869,1,6414,21450,0,29621,4363,170532,4954,1928,216419,239262,2106
2026-08-11 19:45:00,49.98,237983,1,6417,21174,0,29446,4537,170789,5343,1960,216809,239666,2113
2026-08-11 20:00:00,50.05,236199,1,6429,20842,0,29223,4610,169949,4940,1931,215357,237924,2049
2026-08-11 20:15:00,50.04,235278,1,6425,20648,0,28887,4737,169541,4898,1923,214630,237059,2091
2026-08-11 20:30:00,50.04,235616,1,6430,20362,0,28730,4548,170199,4909,1870,215254,237048,2080
2026-08-11 20:45:00,49.97,235167,1,6442,20598,0,28135,4624,170183,5041,1941,214569,236964,2107
2026-08-11 21:00:00,50.03,234908,1,6449,20491,0,27777,4708,170368,4965,1899,214417,236657,2111
2026-08-11 21:15:00,50.03,234178,1,6446,20664,0,27841,4768,169558,5237,1896,213514,236410,2034
2026-08-11 21:30:00,50.03,234509,1,6454,20695,0,28054,4873,169376,5473,1906,213814,236831,2051
2026-08-11 21:45:00,50.03,234708,1,6454,20617,0,28567,4466,169740,5614,1912,214091,237370,2102
2026-08-11 22:00:00,50.08,233711,1,6465,20374,0,28384,4300,169299,5542,1970,213337,236334,2065
2026-08-11 22:15:00,50.01,235123,0,6467,20319,0,28256,4258,170294,5867,2007,214804,237468,2078
2026-08-11 22:30:00,50.02,234659,0,6449,19701,0,28092,4409,170600,5865,1994,214958,237110,2066
2026-08-11 22:45:00,49.97,233587,0,6457,19399,0,27157,4540,170813,4452,1919,214188,234737,2078
2026-08-11 23:00:00,50.02,232669,0,6460,19063,0,26768,4581,170551,5422,1910,213606,234755,2067
2026-08-11 23:15:00,50.05,230833,0,6460,18757,0,26529,4586,169328,5209,1937,212076,232806,2082
2026-08-11 23:30:00,50.06,229378,0,6459,18690,0,26729,4353,168344,4712,1875,210688,231162,2075
2026-08-11 23:45:00,50.07,227185,2,6461,18598,0,26111,3551,167991,4646,1895,208587,229253,2089
2026-08-12 00:00:00,50.06,224937,2,6478,18603,0,25743,3009,167195,4117,1889,206334,227034,2091
2026-08-12 00:15:00,49.99,223511,10,6457,18699,0,25448,2483,167583,3364,1843,204812,225877,2036
2026-08-12 00:30:00,49.99,222654,10,6448,18442,0,25323,2141,167577,3248,1879,204212,225058,2041
2026-08-12 00:45:00,49.97,221364,7,6442,18084,0,25230,1887,167075,2829,1906,203280,223453,2047
2026-08-12 01:00:00,49.99,218814,17,6467,17849,0,25131,1848,165266,2776,1855,200965,221192,2069
2026-08-12 01:15:00,49.97,216960,112,6466,17398,0,25160,1855,164441,2156,1849,199562,219325,2061
2026-08-12 01:30:00,49.91,215269,221,6451,16993,0,25722,1832,162469,2218,1844,198276,217529,2047
2026-08-12 01:45:00,49.98,214207,231,6461,16757,0,25456,1845,162236,1841,1809,197450,216405,2055
2026-08-12 02:00:00,50.05,212789,328,6460,16611,0,24621,1858,161652,1797,1820,196178,214819,2159
2026-08-12 02:15:00,50.04,211865,510,6463,16612,0,24279,1852,161337,1566,1867,195253,213976,2072
2026-08-12 02:30:00,50.03,210807,513,6467,16598,0,23831,1834,161011,1229,1892,194209,212862,2084
2026-08-12 02:45:00,50.02,210626,512,6460,16596,0,23671,1858,160881,1241,1943,194030,212650,2070
2026-08-12 03:00:00,50.05,209612,513,6457,16739,0,23591,1810,159645,1224,1973,192873,211439,2083
2026-08-12 03:15:00,49.98,208894,512,6476,16652,0,23612,1815,159353,1079,1955,192242,210942,2063
2026-08-12 03:30:00,49.99,208453,510,6470,16208,0,23933,1828,158927,1087,1937,192245,210390,2023
2026-08-12 03:45:00,50.04,207744,547,6470,16336,0,23940,1843,157856,1076,1939,191408,209460,2101
2026-08-12 04:00:00,50.07,207013,548,6473,16290,0,23725,1821,157549,1067,1935,190723,208860,2093
2026-08-12 04:15:00,49.99,207933,476,6467,16299,0,24105,1843,157792,1102,1968,191634,209576,2102
2026-08-12 04:30:00,50.01,207820,372,6466,16316,0,23961,1832,157966,1105,1988,191504,209634,2116
2026-08-12 04:45:00,50.01,209114,456,6457,16296,0,23956,1831,159121,1107,2003,192818,210771,2100
2026-08-12 05:00:00,50.03,210581,313,6455,16313,91,24100,1889,160749,1123,1952,194177,212672,2089
2026-08-12 05:15:00,49.92,212706,261,6447,16089,126,23565,1918,163115,1110,1915,196491,214285,2104
2026-08-12 05:30:00,50.04,214923,10,6457,15861,109,24487,1912,164638,1902,1907,198953,217273,2103
2026-08-12 05:45:00,50.0,216110,11,6452,15513,102,25061,1868,165470,2553,1935,200495,218954,2104
2026-08-12 06:00:00,49.93,217143,12,6449,15289,130,25461,1866,166396,2405,1871,201724,219867,2097
2026-08-12 06:15:00,49.79,219071,13,6457,15221,2264,26925,1819,167101,2258,1922,201586,223967,2130
2026-08-12 06:30:00,49.76,221448,13,6460,14969,3022,27655,1771,168222,2312,1913,203457,226324,2068
2026-08-12 06:45:00,49.92,223831,13,6482,14807,4477,28633,1787,168210,2163,1892,204547,228451,2082
2026-08-12 07:00:00,50.04,225334,27,6501,14450,7297,28486,1781,166817,1769,1946,203587,229047,2087
2026-08-12 07:15:00,50.01,225348,36,6502,14042,10276,27875,1768,165153,1107,2007,201030,228730,2105
2026-08-12 07:30:00,50.03,226078,52,6504,13851,14033,26528,1738,163703,757,2025,198194,229139,2094
2026-08-12 07:45:00,50.04,225456,52,6502,14043,17797,25034,1712,160496,445,1938,193616,227967,2112
2026-08-12 08:00:00,50.06,224797,409,6492,14428,21759,24283,1702,156197,2,1916,188610,226779,2098
2026-08-12 08:15:00,49.98,227596,806,6473,14892,25034,23863,1699,155083,2,1945,187670,228991,2094
2026-08-12 08:30:00,50.03,229982,1357,6461,15223,29295,23569,1671,152859,2,1929,185464,231009,2093
2026-08-12 08:45:00,50.06,232788,2496,6461,15790,34500,23449,1682,149857,2,1975,182498,233716,2080
2026-08-12 09:00:00,50.11,235037,3068,6455,16468,39484,23766,1672,146137,154,1927,179085,236063,2048
2026-08-12 09:15:00,49.98,239275,3760,6445,17218,42711,24273,1747,145073,152,1939,179346,239558,2034
2026-08-12 09:30:00,50.06,242088,3846,6437,17878,47820,24794,1727,141309,150,1926,176390,242041,2067
2026-08-12 09:45:00,50.0,242724,3888,6436,18100,49732,25079,1789,138905,151,1976,174892,242168,2136
2026-08-12 10:00:00,50.05,242922,3952,6428,18502,53990,24820,1809,135288,2,1907,170430,242746,2014
2026-08-12 10:15:00,50.04,243754,4352,6396,18854,55991,25367,1821,133143,2,1976,168909,243550,2003
2026-08-12 10:30:00,49.95,242802,4500,6415,19059,57672,25380,1820,130756,2,1771,166071,242875,1964
2026-08-12 10:45:00,49.71,241399,4500,6442,19034,57397,25341,1798,129631,2,1939,164968,241584,2007
2026-08-12 11:00:00,49.69,239451,4566,6428,18971,56855,25511,1804,128406,31,1922,163625,239928,1988
2026-08-12 11:15:00,49.62,238139,4307,6407,18994,55881,25150,1825,128279,2,1926,163264,238464,2074
2026-08-12 11:30:00,49.88,241648,5094,6431,19115,57363,25146,1826,130557,2,1907,165170,242347,1848
2026-08-12 11:45:00,49.96,242916,5202,6440,19393,58472,25256,1823,130467,2,1940,165051,243793,1809
2026-08-12 12:00:00,50.04,242174,5302,6439,19896,59632,24696,1826,128852,2,1903,162646,243246,1882
2026-08-12 12:15:00,49.96,242139,5812,6447,20277,61183,24568,1817,126620,2,1723,160679,242637,1790
2026-08-12 12:30:00,49.97,242049,5907,6434,20078,59894,24397,1817,127910,2,1772,162077,242304,1837
2026-08-12 12:45:00,49.97,241968,5860,6424,20162,58887,24057,1832,128722,2,1768,162919,241854,1862
2026-08-12 13:00:00,50.04,240409,5741,6439,20454,58311,23927,1821,127539,2,1729,161644,240222,1652
2026-08-12 13:15:00,50.03,237535,5789,6422,20882,57938,23765,1818,124714,2,1728,158715,237269,1839
2026-08-12 13:30:00,50.05,238746,5798,6426,21146,58197,23775,1833,125569,2,1745,159403,238693,1799
2026-08-12 13:45:00,50.04,241097,5643,6389,21416,57843,23946,1816,128234,2,1962,161838,241608,1810
2026-08-12 14:00:00,50.05,243055,5432,6414,21650,56976,23791,1819,130686,2,1993,164429,243331,1943
2026-08-12 14:15:00,50.09,243799,4961,6405,21933,56474,23833,1815,131800,2,1788,165392,244050,1910
2026-08-12 14:30:00,50.0,246021,4853,6416,22022,55334,24169,1819,134879,1,1806,168665,246446,1904
2026-08-12 14:45:00,49.96,246630,4294,6400,22248,52802,24212,1820,138029,2,2002,171580,247515,1896
2026-08-12 15:00:00,50.03,246579,3498,6375,22324,51905,24239,1862,139192,2,1999,172350,247898,1821
2026-08-12 15:15:00,49.96,246394,2682,6425,22421,49462,24369,1919,140986,2,2033,174511,247617,1894
2026-08-12 15:30:00,49.91,246168,2831,6430,22200,46674,24694,1893,143196,2,2017,177294,247106,1912
2026-08-12 15:45:00,49.82,246129,2552,6435,21867,44177,25212,1903,145207,2,1955,180085,246758,1945
2026-08-12 16:00:00,49.69,243769,1958,6434,21474,40043,25375,1888,147370,143,1967,182252,244694,1929
2026-08-12 16:15:00,49.83,241528,1182,6436,21632,36793,25185,1942,148668,165,1994,183103,242815,2005
2026-08-12 16:30:00,49.78,240479,500,6415,21661,32854,25651,2065,151558,165,2026,185964,242395,1957
2026-08-12 16:45:00,49.9,240757,230,6442,21519,29035,26506,2117,154528,165,1994,190203,242306,1995
2026-08-12 17:00:00,49.95,239010,232,6435,21331,25684,26499,2179,156732,165,1981,191995,241006,2042
2026-08-12 17:15:00,50.0,236978,228,6476,21862,22701,26750,2258,157076,316,1976,192415,239415,2068
2026-08-12 17:30:00,49.95,235989,230,6452,21643,18798,27478,2566,159608,314,1965,195548,238824,1993
2026-08-12 17:45:00,49.87,235204,233,6475,21465,15403,27820,3102,161921,621,2019,198336,238826,1929
2026-08-12 18:00:00,50.05,234756,234,6452,21377,12225,27780,3657,163630,1388,1998,201154,238507,1986
2026-08-12 18:15:00,50.01,233764,15,6463,21147,9191,28341,4373,163958,2127,1966,203426,237566,1971
2026-08-12 18:30:00,49.95,234331,9,6433,21051,6744,29295,4827,165843,2558,1849,206536,238600,1987
2026-08-12 18:45:00,49.98,235908,9,6423,21291,4767,30826,5106,166941,3265,1913,209850,240532,1904
2026-08-12 19:00:00,49.97,238254,6,6418,21666,3267,33476,5428,166806,3999,1904,213321,242964,1944
2026-08-12 19:15:00,49.87,240699,19,6423,21988,2541,34479,5908,167286,4807,2021,216170,245453,1923
2026-08-12 19:30:00,49.9,240956,26,6420,21835,0,35138,5637,167738,4675,1948,219121,243391,1891
2026-08-12 19:45:00,49.94,241004,25,6440,21925,0,35500,5473,167407,4646,1958,219079,243349,1906
2026-08-12 20:00:00,50.0,240474,1,6439,21707,0,35698,5474,166784,4484,1938,218767,242524,1915
2026-08-12 20:15:00,49.99,238590,1,6463,21332,0,35332,5430,165737,4387,1929,217258,240610,1945
2026-08-12 20:30:00,49.98,238572,1,6450,21229,0,35071,5449,166822,4293,1958,217343,241272,1927
2026-08-12 20:45:00,49.94,239241,1,6450,21176,0,34530,5416,167418,4690,1956,218065,241636,1952
2026-08-12 21:00:00,49.98,238600,1,6446,21111,0,34203,5492,167419,4524,1959,217489,241154,1945
2026-08-12 21:15:00,49.88,239298,1,6463,20907,0,33907,5652,168301,4682,1969,218391,241881,1973
2026-08-12 21:30:00,50.0,239066,0,6440,20802,0,34247,5608,168185,3813,1936,218264,241031,1951
2026-08-12 21:45:00,50.05,237311,0,6454,20517,0,34264,5603,166597,3771,1922,216794,239128,1978
2026-08-12 22:00:00,50.03,236630,0,6449,20244,0,33834,5613,166738,3812,1886,216386,238576,1976
2026-08-12 22:15:00,49.9,237890,0,6438,20112,0,33707,5567,168097,3984,1856,217778,239761,1951
2026-08-12 22:30:00,50.04,237802,0,6453,20040,0,34177,5600,167404,4891,1905,217762,240470,1959
2026-08-12 22:45:00,50.05,236335,11,6463,20043,0,34622,5560,165668,4961,1964,216292,239281,1964
2026-08-12 23:00:00,50.07,233853,5,6475,20068,0,33554,5527,164450,4930,1929,213785,236933,1924
2026-08-12 23:15:00,50.03,232981,23,6473,20103,0,32107,5292,165247,4897,1943,212878,236062,1947
2026-08-12 23:30:00,50.0,232033,0,6475,20203,0,31769,4311,165828,4791,1986,211830,235363,1953
2026-08-12 23:45:00,50.02,230237,2,6477,19800,0,30462,4051,165965,4572,2021,210437,233348,1947
2026-08-13 00:00:00,50.02,229043,0,6486,19607,0,30074,3598,165815,4303,2008,209436,231891,1970
2026-08-13 00:15:00,50.0,228573,10,6479,19375,0,29629,2926,167568,3384,2030,209198,231391,1967
2026-08-13 00:30:00,49.97,227575,6,6489,19138,0,29466,2915,167135,3117,2076,208437,230336,1954
2026-08-13 00:45:00,49.97,226485,8,6475,19084,0,29005,2715,167452,2648,2049,207401,229428,1953
2026-08-13 01:00:00,50.02,225232,8,6481,18626,0,28509,2604,167303,2570,2077,206606,228170,1967
2026-08-13 01:15:00,49.93,223745,11,6485,18360,0,28287,2476,167161,1647,2064,205385,226480,1989
2026-08-13 01:30:00,50.05,222542,13,6493,18517,0,27831,2308,166598,1573,2047,204025,225367,1978
2026-08-13 01:45:00,50.01,221370,9,6476,18635,0,27628,1993,165675,1562,2070,202735,224039,1981
2026-08-13 02:00:00,50.03,219942,7,6490,18781,0,27464,1953,164388,1579,2030,201161,222685,2011
2026-08-13 02:15:00,50.05,218675,186,6492,18911,0,27388,1929,163080,1604,2071,199764,221475,2024
2026-08-13 02:30:00,50.07,217414,197,6483,19076,0,27314,1903,161717,1500,2095,198338,220088,2017
2026-08-13 02:45:00,50.03,217668,298,6502,18909,0,27233,1904,162462,1335,2035,198759,220380,2000
2026-08-13 03:00:00,50.06,217194,655,6499,18991,0,26984,1973,162105,1325,2002,198203,219879,2042
2026-08-13 03:15:00,50.03,216943,990,6502,18744,0,26853,1914,162245,1197,2032,198199,219487,2020
2026-08-13 03:30:00,50.05,216336,1207,6502,18515,0,26922,1912,161915,1177,2069,197821,219012,2016
2026-08-13 03:45:00,50.05,215921,1227,6495,18085,0,27131,1908,161694,1172,2035,197836,218520,2032
2026-08-13 04:00:00,50.04,215156,364,6496,17876,0,27054,1890,161388,1172,2016,197280,217892,1996
2026-08-13 04:15:00,50.01,216074,364,6499,17566,0,26791,1896,162631,1182,2038,198508,218603,2021
2026-08-13 04:30:00,50.03,216212,364,6505,17384,0,26819,1876,163250,1186,2017,198828,219037,2001
2026-08-13 04:45:00,50.03,216480,42,6496,17113,0,26894,1891,163445,1316,1970,199367,219125,2019
2026-08-13 05:00:00,50.0,216968,4,6501,17166,317,27034,1909,163678,1348,1978,199485,219931,2015
2026-08-13 05:15:00,49.94,218153,6,6495,16902,352,27210,1956,164999,1331,1980,200899,221225,2027
2026-08-13 05:30:00,49.98,220256,22,6476,16590,380,28001,1967,166031,1422,2001,203286,222868,2006
2026-08-13 05:45:00,49.98,221671,9,6497,16264,397,28769,1990,166906,1633,1990,205010,224446,2038
2026-08-13 06:00:00,49.93,223215,9,6491,16036,410,29710,2023,167615,1741,1919,206769,225945,1983
2026-08-13 06:15:00,49.93,225428,8,6534,15737,2361,31153,2005,167669,2244,1853,207330,229556,2019
2026-08-13 06:30:00,49.85,228056,7,6541,15711,3168,31844,1978,168666,2379,1920,209177,232207,1994
2026-08-13 06:45:00,49.93,230737,25,6524,15037,5071,32525,1924,168665,2000,1807,210629,233553,2008
2026-08-13 07:00:00,50.05,231436,30,6539,14696,7299,32063,1948,167651,1921,1928,209441,234045,2009
2026-08-13 07:15:00,49.97,232379,42,6534,14488,10111,31514,1957,168249,1256,1839,207780,235948,1977
2026-08-13 07:30:00,50.07,232905,337,6537,14461,13556,31084,1879,166215,819,1933,204888,236484,2039
2026-08-13 07:45:00,50.05,232502,332,6540,14953,16727,29650,1796,163359,808,1936,200822,235769,2035
2026-08-13 08:00:00,50.07,230738,614,6543,15815,20442,27861,1815,158864,817,1933,194481,234090,2000
2026-08-13 08:15:00,50.05,233265,934,6521,16556,25077,27281,1811,156348,825,1926,191632,236345,1995
2026-08-13 08:30:00,50.0,235621,1611,6540,17218,29162,27359,1819,153676,833,1958,189241,238565,1979
2026-08-13 08:45:00,50.02,238312,2471,6532,18046,33108,27113,1833,151264,830,1954,187158,240680,1978
2026-08-13 09:00:00,50.03,239152,3029,6517,19162,36475,26652,1826,148272,834,1977,183515,241715,1976
2026-08-13 09:15:00,49.99,242902,3642,6508,19995,39725,26521,1836,147811,892,2007,183182,245295,1995
2026-08-13 09:30:00,49.97,245711,3628,6494,20427,44629,26180,1815,145379,870,1914,180655,247708,2029
2026-08-13 09:45:00,49.98,247311,3714,6496,20726,48410,26410,1833,142255,863,1917,178175,248910,2011
2026-08-13 10:00:00,50.02,247241,3603,6501,21049,51846,26182,1826,138118,847,1986,174346,248355,2010
2026-08-13 10:15:00,49.97,246559,3842,6488,21409,54025,26598,1814,134939,860,1927,171125,248060,2007
2026-08-13 10:30:00,49.92,246178,3914,6480,21564,55990,26518,1826,132806,873,1875,168624,247932,2031
2026-08-13 10:45:00,49.91,246050,3989,6473,21651,56934,26517,1809,131844,895,1893,167465,248016,2047
2026-08-13 11:00:00,50.01,246368,3971,6480,21902,58189,26624,1814,130552,864,1879,166277,248304,1986
2026-08-13 11:15:00,49.96,245166,3982,6490,22189,58272,26235,1810,129261,869,1886,164705,247012,1986
2026-08-13 11:30:00,50.0,245903,3959,6472,23098,58559,25996,1816,129429,850,1919,164246,248139,1941
2026-08-13 11:45:00,49.93,246773,3912,6478,23535,57658,26114,1819,130411,856,1876,165580,248747,1955
2026-08-13 12:00:00,50.03,246544,3985,6474,23952,58910,26057,1832,128501,832,1858,163682,248416,1951
2026-08-13 12:15:00,50.02,245719,3999,6483,24266,58820,26601,1844,126323,832,1845,162633,247014,1968
2026-08-13 12:30:00,50.1,244311,5649,6466,23838,59190,26392,1845,124835,801,1853,161283,245220,1979
2026-08-13 12:45:00,50.07,242253,4068,6457,23409,58641,26492,1808,123950,822,1880,160203,243459,1986
2026-08-13 13:00:00,50.21,237512,4134,6488,23151,57536,26150,1794,121342,777,1764,156825,239002,1915
2026-08-13 13:15:00,50.03,232106,4064,6482,22976,56377,26180,1836,118060,822,1799,152753,234532,1872
2026-08-13 13:30:00,50.1,233263,4013,6467,22679,56663,25831,1832,119093,822,1777,153921,235164,1932
2026-08-13 13:45:00,49.98,237683,3937,6471,23628,59471,25882,1831,120058,844,1871,154584,240056,2061
2026-08-13 14:00:00,50.08,237237,3503,6464,23023,57783,25552,1831,121873,822,1790,156431,239138,2038
2026-08-13 14:15:00,49.93,241595,3282,6468,24077,57058,25946,1961,124946,864,1827,160460,243147,2044
2026-08-13 14:30:00,49.97,243189,3079,6470,24294,55299,26142,1946,128479,872,1820,163596,245322,2042
2026-08-13 14:45:00,49.93,244587,3017,6471,25041,53592,26292,1956,130186,880,1860,165954,246278,2023
2026-08-13 15:00:00,50.02,246340,2921,6473,25635,53098,26131,1930,131824,876,1855,167607,247822,2035
2026-08-13 15:15:00,50.0,245897,2899,6488,25588,50639,26414,1926,133729,882,1839,169670,247505,2075
2026-08-13 15:30:00,50.0,246868,2636,6481,25893,48071,26837,1959,136802,882,1790,172904,248715,2050
2026-08-13 15:45:00,50.08,246500,2044,6503,26519,46042,26787,1980,138438,854,1818,173939,248941,2029
2026-08-13 16:00:00,50.08,245323,1787,6495,26671,42926,26636,2026,140603,857,1796,175726,248010,2018
2026-08-13 16:15:00,50.1,242668,1280,6516,26728,39494,26750,2092,141129,835,1910,176446,245454,2029
2026-08-13 16:30:00,50.09,242145,1271,6494,26630,35967,26717,2164,143817,849,1854,179548,244492,2048
2026-08-13 16:45:00,50.02,240582,498,6511,26535,32439,26273,2215,146524,866,1866,181608,243229,2089
2026-08-13 17:00:00,50.03,240275,515,6502,26668,28953,26587,2255,149129,1095,1913,184654,243102,2048
2026-08-13 17:15:00,49.97,236643,517,6530,26156,25393,26418,2351,149481,1091,1899,185094,239319,2051
2026-08-13 17:30:00,50.02,236080,518,6515,25907,22261,26538,2380,152456,1023,1853,187912,238933,2048
2026-08-13 17:45:00,49.9,235943,516,6499,25970,18500,27554,2595,154997,892,1903,191473,238910,2083
2026-08-13 18:00:00,50.05,235062,412,6466,25467,14807,27644,2612,157635,1457,1880,194788,237968,2070
2026-08-13 18:15:00,49.99,233722,294,6481,25116,11269,28359,2882,159415,1861,1857,197337,237240,2001
2026-08-13 18:30:00,49.98,235703,326,6483,25023,7829,29784,3046,163162,2251,1843,202851,239421,1940
2026-08-13 18:45:00,49.87,237674,329,6465,24967,5481,31267,3320,165860,2771,1815,207226,241946,2126
2026-08-13 19:00:00,49.9,239709,302,6470,24549,3136,33674,3656,167944,3032,1861,212024,244322,2028
2026-08-13 19:15:00,49.74,242439,274,6460,24555,2388,34471,3765,169198,4679,1915,215496,247431,1963
2026-08-13 19:30:00,49.79,242625,280,6443,24277,0,34534,3685,169949,4069,1892,218348,244849,1907
2026-08-13 19:45:00,49.82,242446,282,6464,24003,0,34433,3691,169795,4028,1919,218443,244333,1909
2026-08-13 20:00:00,50.07,240946,278,6463,23956,0,34029,3657,168955,3809,1968,216990,242837,1883
2026-08-13 20:15:00,50.0,240444,273,6460,23969,0,33869,3616,168708,3802,2001,216475,242425,1924
2026-08-13 20:30:00,49.97,239844,273,6466,23731,0,33182,3647,169040,3801,2017,216113,241884,1910
2026-08-13 20:45:00,49.98,239660,274,6480,23597,0,32881,3651,169406,3940,2044,216063,241999,1935
2026-08-13 21:00:00,49.99,238620,273,6477,23181,0,32507,3658,168875,3944,1981,215439,240623,1917
2026-08-13 21:15:00,49.95,239072,282,6466,22390,0,32705,3660,169461,3849,2019,216682,240550,1946
2026-08-13 21:30:00,49.98,239166,312,6468,21950,0,33003,3715,169370,4932,2010,217216,241448,1952
2026-08-13 21:45:00,50.01,239294,332,6446,21635,0,33185,3866,169644,3978,1998,217659,240752,1961
2026-08-13 22:00:00,49.98,238654,307,6468,21524,0,33135,3886,169078,3971,2068,217130,240130,1911
2026-08-13 22:15:00,49.86,240092,294,6473,21070,0,34205,3847,169828,4255,2123,219022,241801,1926
2026-08-13 22:30:00,49.99,240382,299,6470,20743,0,34828,3757,169725,4161,2089,219639,241773,1932
2026-08-13 22:45:00,49.92,238273,302,6476,20416,0,33654,3474,169787,3670,2068,217857,239545,1954
2026-08-13 23:00:00,49.98,237336,320,6480,20517,0,32981,3370,169518,3662,2135,216819,238663,1978
2026-08-13 23:15:00,49.98,236647,319,6489,20313,0,32468,3390,169801,3538,1903,216334,237902,1927
2026-08-13 23:30:00,50.04,235972,329,6497,20316,0,31965,3378,169491,3507,2028,215656,237182,1990
2026-08-13 23:45:00,50.04,234345,328,6495,19985,0,31452,3197,169064,3424,1995,214360,235612,1944
2026-08-14 00:00:00,50.08,232641,273,6505,20022,0,31148,3192,167560,3281,2047,212619,233755,1980
2026-08-14 00:15:00,50.0,231286,279,6491,20157,0,30773,3098,167748,2890,1969,211129,233126,1931
2026-08-14 00:30:00,50.03,230356,279,6494,20272,0,30466,2996,167412,2778,2027,210084,232445,1943
2026-08-14 00:45:00,50.05,229625,279,6504,20258,0,30048,2846,167140,2714,1941,209367,231451,2001
2026-08-14 01:00:00,50.05,227969,279,6519,20235,0,29434,2764,166909,2271,1989,207734,230121,2015
2026-08-14 01:15:00,50.04,225803,279,6513,20336,0,28838,2603,166407,1816,1984,205467,228497,1990
2026-08-14 01:30:00,50.05,224546,279,6492,20394,0,28117,2479,165811,1637,1998,204152,226928,2012
2026-08-14 01:45:00,50.02,224161,278,6498,20366,0,28259,2587,164788,1750,2026,203795,226274,2016
2026-08-14 02:00:00,50.09,221958,277,6504,20146,0,27979,2332,163392,1677,2038,201812,224068,1975
2026-08-14 02:15:00,50.05,220547,384,6506,20424,0,27461,2279,162460,1485,2027,200123,222642,1986
2026-08-14 02:30:00,49.97,220352,473,6506,20605,0,27083,2279,162648,1554,1953,199747,222628,1988
2026-08-14 02:45:00,49.98,219465,492,6498,20437,0,27084,2164,162139,1349,2032,199028,221703,2004
2026-08-14 03:00:00,50.04,218457,505,6509,20468,0,26943,2077,161611,1267,2015,197989,220890,2006
2026-08-14 03:15:00,49.94,218990,599,6512,20459,0,27089,2073,162288,1192,1933,198531,221546,2024
2026-08-14 03:30:00,49.98,218305,603,6508,20403,0,27166,2065,161214,1168,1887,197902,220411,2018
2026-08-14 03:45:00,50.02,217334,630,6492,20378,0,27094,2069,160471,1148,1969,196956,219621,2030
2026-08-14 04:00:00,50.04,216792,639,6512,20149,0,26978,2047,160168,1090,2012,196643,218956,2032
2026-08-14 04:15:00,50.04,217880,640,6518,19914,0,27023,2062,161466,1094,1998,197966,220075,2034
2026-08-14 04:30:00,50.0,217707,641,6503,19361,0,27163,2047,161820,1104,1975,198346,219973,2006
2026-08-14 04:45:00,49.99,218355,426,6500,18943,0,27383,2106,162699,1109,1929,199412,220669,1993
2026-08-14 05:00:00,49.95,219609,285,6490,18533,244,27708,2133,163966,1129,1957,200832,222160,2036
2026-08-14 05:15:00,49.94,221129,281,6505,18155,290,28066,2077,165590,1206,1925,202684,223814,2024
2026-08-14 05:30:00,49.89,222460,278,6490,17782,281,28342,2023,166793,1339,1897,204397,224947,2096
2026-08-14 05:45:00,49.91,223568,308,6476,17259,300,29078,1998,167169,1734,1922,206009,225936,2039
2026-08-14 06:00:00,49.85,225163,288,6489,17007,311,29718,2013,167574,2041,1938,207845,227091,1993
2026-08-14 06:15:00,49.82,227548,277,6526,16955,2646,31205,1989,168017,2153,1974,207947,231465,1923
2026-08-14 06:30:00,49.85,229698,277,6512,16549,3694,32521,1976,168285,2223,1825,209455,233585,1929
2026-08-14 06:45:00,49.99,231895,277,6526,16255,5606,33053,1996,168108,2267,1773,210034,235584,2042
2026-08-14 07:00:00,50.03,232737,277,6523,16105,8653,31982,2022,167399,2163,1813,207979,236660,1933
2026-08-14 07:15:00,50.03,233933,281,6531,15947,12382,30857,2026,166508,1031,1852,205604,237134,1952
2026-08-14 07:30:00,50.13,233949,304,6535,16030,17385,29428,1935,163216,985,1879,200534,237393,2026
2026-08-14 07:45:00,50.15,232300,441,6520,16408,22672,28414,1926,156779,807,1868,193220,235394,2042
2026-08-14 08:00:00,50.26,231367,702,6543,16812,27065,27289,1938,151562,795,1876,187490,233880,2015
2026-08-14 08:15:00,50.12,233144,1272,6552,17466,32179,27382,1914,146699,848,1831,183499,234871,2132
2026-08-14 08:30:00,50.06,235294,2125,6530,18347,37548,27391,1957,142635,868,1832,179399,237108,2107
2026-08-14 08:45:00,49.99,236941,3190,6532,19075,42078,27400,1946,139011,885,1848,175788,238775,2049
2026-08-14 09:00:00,50.05,238494,3410,6512,19706,46804,26528,1953,135571,904,1874,171984,239852,2028
2026-08-14 09:15:00,49.99,242958,4198,6531,20218,51433,26630,1953,134774,882,1869,171307,244290,2021
2026-08-14 09:30:00,49.98,244047,4178,6517,21002,55199,26561,1943,130998,881,1809,167846,244910,2002
2026-08-14 09:45:00,49.98,246338,4395,6546,21608,59245,26540,1939,128594,868,1856,165485,247196,2027
2026-08-14 10:00:00,49.94,246144,4342,6530,21918,60827,26457,1943,126527,860,1878,163399,246940,1987
2026-08-14 10:15:00,49.85,245777,4274,6511,21910,61715,26499,1942,125395,885,1862,162152,246719,2060
2026-08-14 10:30:00,49.96,244966,4375,6526,22452,65190,25967,1950,120935,849,1891,157324,245760,2061
2026-08-14 10:45:00,50.01,245915,4389,6522,22750,65063,26015,1951,121618,870,1828,158102,246617,2041
2026-08-14 11:00:00,50.08,246293,5000,6524,22860,65788,26079,1955,121527,834,1859,157645,247426,2059
2026-08-14 11:15:00,50.15,246814,5396,6551,23673,69524,25375,1957,118426,790,1855,153617,248151,2067
2026-08-14 11:30:00,50.04,246423,5715,6543,23917,68355,25689,1923,117941,835,1851,154151,247054,1902
2026-08-14 11:45:00,50.03,246017,5950,6527,24546,68024,25400,1952,117820,864,1860,153447,246993,2019
2026-08-14 12:00:00,50.04,246223,4722,6531,25545,68247,25118,1933,116718,848,1840,152431,246780,1992
2026-08-14 12:15:00,50.02,245053,5945,6490,25554,68089,25248,1998,116717,873,1859,151410,246828,2041
2026-08-14 12:30:00,50.01,244556,4328,6467,25924,67626,25332,1978,115818,873,1866,151006,245884,2012
2026-08-14 12:45:00,49.95,244210,5860,6466,26596,66412,25394,1978,116247,889,1918,151202,245900,2045
2026-08-14 13:00:00,50.05,241036,4258,6456,24665,64970,25541,1979,115489,873,1749,151401,241722,1992
2026-08-14 13:15:00,50.11,239059,5863,6467,26923,65642,24829,1979,113147,829,1891,146494,241707,1561
2026-08-14 13:30:00,50.08,238382,4254,6478,26740,64737,25051,1930,112955,846,1920,146905,240657,1552
2026-08-14 13:45:00,49.97,239225,5363,6456,26684,63548,25518,1933,115073,881,1858,148993,241951,1592
2026-08-14 14:00:00,50.04,238733,4939,6464,26723,62451,25897,1937,115710,868,1892,149559,241942,1523
2026-08-14 14:15:00,49.97,239593,3923,6467,27370,62719,25741,1938,114894,878,1863,149504,241870,1468
2026-08-14 14:30:00,50.0,241676,3672,6458,27596,63372,25893,1943,116255,877,1790,150708,244184,1395
2026-08-14 14:45:00,49.91,242589,3437,6455,27965,61366,25619,1941,118893,888,1884,153258,245011,1491
2026-08-14 15:00:00,49.93,243605,2898,6452,28292,58413,25613,1937,122166,892,1924,156900,245689,1419
2026-08-14 15:15:00,49.91,242761,2451,6455,28525,54819,25763,1937,124818,904,1824,159417,245045,1445
2026-08-14 15:30:00,49.96,243973,2280,6470,29180,53001,25795,1934,126768,881,1803,161792,245832,1471
2026-08-14 15:45:00,49.91,243687,2031,6472,29455,48845,26062,1927,130112,895,1856,165387,245624,1453
2026-08-14 16:00:00,50.03,243684,1649,6470,29509,45891,26049,1902,132273,874,1870,168284,244838,1466
2026-08-14 16:15:00,50.08,240512,1302,6449,29581,43008,25682,1981,132571,841,1849,167923,241962,1497
2026-08-14 16:30:00,50.03,239886,1187,6481,29384,40564,25931,1977,134847,860,1825,169938,241869,1483
2026-08-14 16:45:00,49.92,237528,743,6479,29790,35963,25998,2172,136343,882,1816,171775,239443,1550
2026-08-14 17:00:00,50.01,236163,494,6462,29615,31471,26223,2060,139986,870,1953,175077,238640,1494
2026-08-14 17:15:00,49.89,231422,496,6482,29642,26884,26657,2168,139303,895,1911,174896,233942,1545
2026-08-14 17:30:00,50.04,231516,236,6489,29728,21680,26706,2131,144367,865,1932,180108,233898,1551
2026-08-14 17:45:00,50.05,231542,233,6502,29674,18864,27114,2513,146914,883,1860,183004,234324,1619
2026-08-14 18:00:00,50.06,230801,233,6492,29488,14873,26994,2531,149464,1243,1853,186440,232938,1462
2026-08-14 18:15:00,50.07,228852,233,6477,29180,10828,26832,2684,151387,1790,1853,188844,231031,1463
2026-08-14 18:30:00,50.05,231762,126,6467,28839,7456,27202,2841,156319,2101,1880,195467,233105,1577
2026-08-14 18:45:00,50.07,235108,16,6473,28559,4619,28858,2749,160244,2385,1929,201930,235816,1642
2026-08-14 19:00:00,50.06,238383,14,6458,28486,2916,30432,2902,162901,2910,1958,206981,238963,1559
2026-08-14 19:15:00,50.03,239536,12,6455,28369,1876,30987,3107,163967,3657,1919,209291,240337,1655
2026-08-14 19:30:00,49.8,241026,16,6445,27504,0,33729,3090,166043,3877,1967,213522,242655,1656
2026-08-14 19:45:00,49.94,241555,32,6446,27064,0,34163,3010,166584,3954,1977,214491,243198,1618
2026-08-14 20:00:00,50.06,240965,62,6458,26445,0,33996,3049,166529,4130,2025,214520,242632,1645
2026-08-14 20:15:00,50.04,239167,11,6442,26240,0,33675,2991,165720,4311,1989,212927,241368,1669
2026-08-14 20:30:00,50.04,239235,11,6452,26023,0,33609,3000,165645,4464,1979,213212,241172,1775
2026-08-14 20:45:00,50.02,239001,11,6453,25605,0,33407,2971,166055,4602,1983,213396,241076,1779
2026-08-14 21:00:00,50.02,238296,15,6457,24844,0,33013,2962,166465,4685,1969,213452,240395,1813
2026-08-14 21:15:00,50.03,237937,38,6455,24292,0,32796,3022,166602,4469,2055,213645,239691,1984
2026-08-14 21:30:00,49.97,238062,42,6460,24059,0,33172,3048,166462,4499,2080,214003,239780,1934
2026-08-14 21:45:00,50.0,237740,53,6465,23768,0,33160,2935,166539,4553,2020,213972,239440,1921
2026-08-14 22:00:00,50.05,236706,63,6470,23454,0,32538,2926,166626,4435,2062,213252,238511,1956
2026-08-14 22:15:00,49.97,237565,67,6458,23039,0,32405,2921,167668,4640,2107,214526,239238,1945
2026-08-14 22:30:00,50.03,237815,76,6449,23109,0,32425,2920,167815,4613,2123,214706,239454,1950
2026-08-14 22:45:00,50.03,236652,36,6455,22903,0,32214,2969,166890,4564,2117,213749,238112,1975
2026-08-14 23:00:00,50.01,235101,38,6466,22644,0,31675,2944,166164,4478,2082,212457,236453,1932
2026-08-14 23:15:00,49.95,233534,31,6471,22418,0,30937,2941,165449,4141,2131,211116,234488,1954
2026-08-14 23:30:00,50.04,232110,25,6464,22517,0,31011,2903,164076,4046,2058,209593,233075,1944
2026-08-14 23:45:00,50.02,230335,21,6469,22644,0,30275,2895,162809,4086,2017,207691,231195,2032
2026-08-15 00:00:00,50.04,227534,11,6466,21763,293,29726,2902,161749,3879,2001,205478,228779,2066
2026-08-15 00:15:00,50.0,226602,16,6466,21613,298,29514,2715,162242,3289,2057,204691,228194,1984
2026-08-15 00:30:00,49.98,224974,15,6460,21440,296,29364,2649,161253,3293,1976,203238,226731,1977
2026-08-15 00:45:00,50.01,223805,16,6469,21494,303,29138,2505,161118,3254,1991,202008,226272,1914
2026-08-15 01:00:00,50.02,221499,16,6471,21264,298,28852,2488,160122,2964,1973,199937,224432,1885
2026-08-15 01:15:00,49.96,220184,16,6466,21107,308,28487,2456,159800,2454,1969,198769,223047,1989
2026-08-15 01:30:00,50.05,218890,17,6464,20944,292,27921,2466,159408,2043,1971,197654,221509,1959
2026-08-15 01:45:00,49.97,217079,16,6473,20450,292,27508,2430,158840,1838,1941,196337,219772,1927
2026-08-15 02:00:00,50.0,216020,15,6451,20217,293,27411,2316,158259,1630,1932,195510,218509,1945
2026-08-15 02:15:00,49.98,214128,15,6470,20036,289,26971,2299,157130,1632,1964,193803,216791,1951
2026-08-15 02:30:00,49.98,212938,15,6483,19814,290,26949,2239,156055,1591,1956,192834,215377,1930
2026-08-15 02:45:00,50.0,212526,22,6463,19307,300,26847,2219,156298,1746,1958,192919,215138,1948
2026-08-15 03:00:00,50.0,211595,24,6477,19068,302,26837,2178,155873,1649,1946,192225,214330,1973
2026-08-15 03:15:00,49.95,210865,22,6478,18707,307,26695,2100,155667,1506,1937,191851,213397,1985
2026-08-15 03:30:00,49.97,210496,61,6475,18347,299,27052,2148,155172,1481,2014,191850,212988,1979
2026-08-15 03:45:00,49.97,210044,60,6476,18351,303,27018,2136,154749,1453,1998,191390,212484,1993
2026-08-15 04:00:00,50.05,209175,61,6479,18061,299,26974,2132,154039,1395,1940,190815,211319,1979
2026-08-15 04:15:00,50.05,209591,61,6484,17864,300,27009,2055,154584,1381,1987,191427,211664,1997
2026-08-15 04:30:00,50.04,210535,56,6468,17666,295,27533,2030,155310,1239,2022,192574,212563,1975
2026-08-15 04:45:00,50.05,211490,60,6481,17337,302,27600,2000,156529,1394,2015,193851,213658,1989
2026-08-15 05:00:00,50.07,213458,60,6480,17190,299,27856,1986,158246,1342,2019,195969,215418,1977
2026-08-15 05:15:00,50.0,216136,22,6490,17002,333,27763,2021,161055,1333,2064,198801,218061,1986
2026-08-15 05:30:00,50.01,217708,25,6487,16775,332,28422,1951,161939,1510,2062,200601,219478,2032
2026-08-15 05:45:00,50.04,219388,24,6471,16864,337,28445,1743,163521,1953,2020,202187,221354,2040
2026-08-15 06:00:00,50.06,220066,25,6482,16882,512,28516,1783,163690,2104,2002,202672,221971,2023
2026-08-15 06:15:00,49.99,222009,23,6517,17000,1557,29159,1796,164610,2308,1956,203452,224903,2021
2026-08-15 06:30:00,50.02,223061,21,6513,16764,2615,29488,1793,164345,2041,1999,203682,225558,2013
2026-08-15 06:45:00,50.03,222742,20,6524,16702,4619,29202,1753,162629,1973,1912,201421,225314,2036
2026-08-15 07:00:00,50.04,221089,23,6520,16453,7796,28501,1730,158678,1769,1967,196840,223414,2028
2026-08-15 07:15:00,49.95,220003,533,6521,16199,11806,28239,1689,154589,1188,1974,191998,222205,2049
2026-08-15 07:30:00,50.04,218993,678,6527,15868,17220,27077,1679,149609,1019,2016,185905,221015,2017
2026-08-15 07:45:00,50.07,217242,676,6526,15960,23351,26168,1642,142480,751,2022,177931,218900,1968
2026-08-15 08:00:00,50.25,215130,688,6532,16359,29046,25240,1662,134347,731,2064,169725,215981,1888
2026-08-15 08:15:00,50.02,215151,1191,6529,17056,32751,25731,1689,129409,901,1982,165344,216048,1904
2026-08-15 08:30:00,50.0,215630,1902,6514,17867,37126,25702,1674,124561,740,1909,160637,216093,1942
2026-08-15 08:45:00,50.03,216612,3008,6518,18588,41429,25472,1678,120365,592,1904,156595,216546,1949
2026-08-15 09:00:00,50.11,216606,3801,6500,19337,44579,24719,1687,117059,274,1932,152690,216087,1950
2026-08-15 09:15:00,50.13,219045,4334,6502,19874,49068,24420,1735,114204,270,1914,150103,217987,1967
2026-08-15 09:30:00,50.09,219149,4359,6491,20183,50196,24545,1787,112545,278,1910,148770,217935,1956
2026-08-15 09:45:00,50.15,219240,4426,6502,20646,51785,24183,1741,111229,131,1744,146809,217961,1948
2026-08-15 10:00:00,50.11,218842,4413,6500,20635,52065,24282,1765,110386,124,1727,146142,217484,1968
2026-08-15 10:15:00,50.0,218084,4642,6505,20033,51335,24551,1745,111079,122,1928,146716,217298,1777
2026-08-15 10:30:00,49.97,217492,4665,6488,20236,50778,24570,1754,110936,123,1812,146478,216697,1789
2026-08-15 10:45:00,49.96,218273,5546,6482,20389,51445,24541,1706,110994,125,1831,146439,217513,1811
2026-08-15 11:00:00,49.87,218650,5650,6484,20445,49884,24763,1723,112330,124,1859,148321,217612,1848
2026-08-15 11:15:00,49.96,218858,6020,6483,20730,50820,24611,1684,111772,123,1831,147308,218054,1935
2026-08-15 11:30:00,49.99,219572,6144,6523,20991,51868,24692,1699,111217,125,1818,146713,218933,1937
2026-08-15 11:45:00,50.01,219851,4529,6522,21253,53182,24618,1706,110247,102,1776,145416,219406,1914
2026-08-15 12:00:00,50.0,220201,6297,6500,21168,52912,24456,1697,111208,3,1772,146121,219716,1951
2026-08-15 12:15:00,49.97,219636,6221,6135,21313,53798,24313,1739,109635,3,1897,144525,218833,1953
2026-08-15 12:30:00,50.02,220141,4534,6060,21671,54659,24491,1760,108901,3,1738,143811,219283,1945
2026-08-15 12:45:00,50.01,219660,6217,6048,21805,52681,24497,1772,110745,3,1741,145174,219292,1975
2026-08-15 13:00:00,50.07,218583,6253,6022,22259,52467,24210,1767,109319,2,1828,143857,217874,1928
2026-08-15 13:15:00,50.02,216701,6121,5879,22433,51131,24324,1744,109146,4,1799,143137,216460,1887
2026-08-15 13:30:00,49.99,217217,5784,5692,22489,50743,24524,1707,110235,2,1737,143985,217129,1827
2026-08-15 13:45:00,49.98,217104,5252,5602,22529,50727,24593,1699,110191,2,1810,143848,217153,1818
2026-08-15 14:00:00,50.01,217030,4847,5630,22941,50700,24599,1661,109373,3,1786,143389,216693,1882
2026-08-15 14:15:00,49.97,217224,4519,5651,23136,50362,24724,1682,109339,3,1811,143726,216708,1927
2026-08-15 14:30:00,49.94,218418,4469,5639,23324,49012,24741,1696,111550,3,1895,146082,217860,1883
2026-08-15 14:45:00,49.96,219445,4028,5633,23939,49240,25109,1734,111202,3,1761,146266,218621,1859
2026-08-15 15:00:00,49.95,220253,3207,5663,24400,49187,25443,1684,110801,3,1747,146666,218928,1849
2026-08-15 15:15:00,49.96,219699,2551,5668,24689,48602,25413,1692,110703,4,1865,146408,218636,1845
2026-08-15 15:30:00,49.95,220253,2176,5665,25242,47813,25446,1666,111363,3,1800,147198,218998,1873
2026-08-15 15:45:00,49.87,220537,2107,5662,25599,46098,25578,1667,112939,3,1774,148840,219320,1868
2026-08-15 16:00:00,49.89,219938,1854,5063,26454,43848,25969,1665,113905,316,1796,149636,219016,1865
2026-08-15 16:15:00,49.91,216933,1379,5067,26364,40623,25698,1672,115049,290,1750,149946,216513,1886
2026-08-15 16:30:00,49.93,216382,895,5064,27412,37991,25820,1694,116013,293,1827,150979,216114,1926
2026-08-15 16:45:00,49.81,215243,396,5044,28151,34465,26104,1677,117355,310,1842,152627,214948,1973
2026-08-15 17:00:00,49.9,214153,389,5028,28048,30603,25746,1672,120711,153,1786,155502,213747,1943
2026-08-15 17:15:00,49.95,209627,388,5017,27840,26301,25892,1671,121092,140,1792,155486,209745,1928
2026-08-15 17:30:00,49.98,209035,386,5018,27354,21763,26308,1689,125385,143,1817,159918,209477,1941
2026-08-15 17:45:00,49.86,208131,133,5019,26498,17100,26707,1676,129410,152,1840,164533,208402,1965
2026-08-15 18:00:00,50.06,208013,133,5016,25590,12980,27509,1689,133196,1002,1809,169443,208791,1922
2026-08-15 18:15:00,50.04,207153,131,4989,25583,9774,27440,1772,135250,1348,1831,171796,207987,1930
2026-08-15 18:30:00,50.07,209606,133,5033,25441,6991,27983,1768,140203,1692,1854,177174,210965,1877
2026-08-15 18:45:00,50.07,212912,138,5028,24886,4505,28664,1816,145070,2307,1829,183521,214105,1990
2026-08-15 19:00:00,50.02,217148,160,5021,24848,3051,30358,1948,148968,2552,1897,189249,218643,1818
2026-08-15 19:15:00,49.98,219382,87,5008,24712,2105,30750,2109,150690,3461,1894,192565,220729,1778
2026-08-15 19:30:00,50.0,221674,87,5017,24348,1587,30912,2154,154112,3664,1908,195739,223702,1756
2026-08-15 19:45:00,50.04,223321,86,5026,23977,1610,31235,2149,155982,3869,1838,197734,225686,1739
2026-08-15 20:00:00,50.03,223124,30,5023,23261,1616,31489,2086,156479,4032,1844,198247,225830,1756
2026-08-15 20:15:00,50.04,223094,12,5014,22765,485,31847,2095,156555,4665,1902,199844,225328,1746
2026-08-15 20:30:00,50.04,223082,12,5008,22464,493,31706,2089,156891,4870,1886,200125,225407,1775
2026-08-15 20:45:00,49.98,222861,12,5039,21975,484,32154,2089,156338,4907,1892,200402,224878,1756
2026-08-15 21:00:00,50.0,223442,12,5026,21871,479,31789,2104,157359,4878,1887,201092,225393,1741
2026-08-15 21:15:00,49.99,223585,12,5036,21872,477,31086,2134,157782,5367,1915,201236,225669,1746
2026-08-15 21:30:00,50.01,223548,12,5042,21831,477,31225,2152,157871,5283,1934,201240,225815,1748
2026-08-15 21:45:00,49.98,223755,12,5029,21791,481,31449,2157,158643,5434,1853,201483,226837,1641
2026-08-15 22:00:00,50.05,223176,12,5042,21415,467,31340,2175,158548,5379,1896,201294,226262,1674
2026-08-15 22:15:00,50.01,224225,11,5030,21254,511,30936,2231,160000,5677,1881,202460,227520,1669
2026-08-15 22:30:00,50.03,224813,11,5005,21117,495,30993,2170,160138,5758,1957,203201,227633,1699
2026-08-15 22:45:00,50.03,223727,11,5011,21002,496,30612,2165,159772,5362,1930,202229,226350,1691
2026-08-15 23:00:00,50.03,222163,11,5038,20948,472,30065,2161,158699,5292,2012,200743,224687,1673
2026-08-15 23:15:00,50.02,221011,16,5056,20660,457,29971,2145,157386,5241,1999,199894,222915,1659
2026-08-15 23:30:00,49.99,219472,23,5059,20528,464,29880,2119,156032,5254,1972,198480,221308,1674
2026-08-15 23:45:00,49.99,216998,44,5050,20223,457,29528,2127,154346,5117,2023,196318,218871,1696
2026-08-16 00:00:00,50.02,215677,86,5052,20453,0,29143,2111,153342,4944,2026,195224,217071,1695
2026-08-16 00:15:00,49.95,214508,19,5055,20387,0,29364,2069,153403,3976,2019,194121,216273,1706
2026-08-16 00:30:00,49.97,212669,17,5050,20123,0,29145,1941,152198,3976,2031,192546,214464,1721
2026-08-16 00:45:00,49.96,211087,16,5058,19843,0,28782,1804,151875,3511,2077,191244,212950,1706
2026-08-16 01:00:00,50.01,209674,16,5054,19635,0,28654,1766,150824,3402,2005,190039,211340,1722
2026-08-16 01:15:00,49.99,207720,17,5045,19434,0,28065,1771,150493,2512,2006,188286,209326,1658
2026-08-16 01:30:00,50.01,206011,19,5043,19077,0,27649,1765,149999,2180,1992,186934,207705,1686
2026-08-16 01:45:00,49.98,204861,20,5052,18812,0,27505,1773,149365,2123,1956,186049,206586,1655
2026-08-16 02:00:00,49.99,203427,19,5050,18420,0,27424,1766,148648,1872,1990,185007,205170,1616
2026-08-16 02:15:00,50.0,202160,197,5046,18082,0,27359,1773,147901,1949,2003,184078,204113,1632
2026-08-16 02:30:00,50.0,201765,196,5037,18092,0,27301,1760,147462,1957,2024,183673,203633,1497
2026-08-16 02:45:00,49.99,200931,200,5047,18516,0,27174,1768,146249,1834,2090,182415,202678,1483
2026-08-16 03:00:00,50.03,199734,200,5061,18572,0,27113,1766,145048,1747,2045,181162,201352,1766
2026-08-16 03:15:00,49.99,199109,200,5056,18430,0,27069,1785,144432,1547,2090,180679,200409,1829
2026-08-16 03:30:00,50.04,198937,199,5063,18518,0,26934,1784,144409,1549,2008,180419,200265,1851
2026-08-16 03:45:00,50.06,197710,200,5064,18314,0,27170,1784,143394,1399,1971,179396,199096,1877
2026-08-16 04:00:00,50.06,196743,15,5062,18101,0,27311,1797,142568,1240,2015,178642,198094,1859
2026-08-16 04:15:00,50.02,197747,17,5033,17878,0,27709,1791,143406,1066,2004,179869,198887,1861
2026-08-16 04:30:00,50.03,197775,17,5035,17491,0,27641,1786,143813,1070,1987,180284,198823,1922
2026-08-16 04:45:00,50.03,198400,17,5030,17155,0,27534,1766,144904,1069,2018,181245,199476,1934
2026-08-16 05:00:00,50.05,199509,18,5035,16844,549,27874,1789,146122,1051,1965,182116,201229,1915
2026-08-16 05:15:00,50.04,201502,18,5034,16781,595,27993,1769,147852,1041,1947,184126,203012,1988
2026-08-16 05:30:00,50.1,203047,18,5051,16679,679,28542,1772,148590,1541,1967,185689,204821,1973
2026-08-16 05:45:00,50.05,203733,23,5036,16386,680,28698,1787,149502,1655,1919,186667,205663,1931
2026-08-16 06:00:00,50.04,204113,21,5051,16351,691,29056,1789,149611,1667,1977,187071,206193,1872
2026-08-16 06:15:00,50.01,204907,46,5079,16270,1872,28617,1763,150887,1334,1946,186765,207768,1940
2026-08-16 06:30:00,49.96,206944,57,5062,16438,2884,28482,1745,151603,938,1920,187622,209072,1928
2026-08-16 06:45:00,49.98,208133,60,5076,16496,5339,28422,1743,150452,585,1895,186298,210008,1901
2026-08-16 07:00:00,49.95,208604,66,5073,16268,8282,28436,1764,147696,648,1905,184054,210072,1925
2026-08-16 07:15:00,49.91,209452,325,5067,16077,12138,28279,1765,145423,829,1835,181237,211413,1895
2026-08-16 07:30:00,50.05,210202,339,5089,16193,16536,28178,1775,141363,661,1893,177473,211688,1955
2026-08-16 07:45:00,50.05,209483,332,5089,16620,21687,27777,1753,135156,660,1907,171176,210649,1928
2026-08-16 08:00:00,49.98,208407,452,5106,17583,27048,27099,1760,128066,561,1890,163776,209113,1899
2026-08-16 08:15:00,49.82,211075,927,5109,18215,31643,26664,1749,126004,150,1861,161217,211395,1829
2026-08-16 08:30:00,49.85,214356,1741,5083,18839,36574,27374,1761,123171,122,1890,158943,214814,1799
2026-08-16 08:45:00,49.95,217953,2584,5195,19544,40747,27273,1784,121486,156,1816,157662,218001,1821
2026-08-16 09:00:00,50.14,219692,3242,5262,20166,44547,26692,1780,118823,134,1837,154979,219241,1716
2026-08-16 09:15:00,50.04,222255,3648,5315,20905,48391,26750,1752,116098,216,1852,152959,221279,1699
2026-08-16 09:30:00,50.03,223363,4002,5360,21373,51927,26821,1757,113296,220,1833,150063,222587,1766
2026-08-16 09:45:00,50.17,225662,3932,5433,21856,55904,25830,1739,111904,75,1841,147902,224582,1786
2026-08-16 10:00:00,50.14,225474,3962,5458,21723,57128,25739,1741,110804,75,1801,146623,224469,1795
2026-08-16 10:15:00,50.13,225972,4260,5480,21853,58249,25274,1739,110347,54,1725,145870,224721,1890
2026-08-16 10:30:00,50.16,225895,4293,5459,21619,58629,25827,1765,110086,238,1758,145647,225381,1864
2026-08-16 10:45:00,49.97,224902,5023,5477,21849,58164,26014,1768,109772,281,1850,144889,225175,1899
2026-08-16 11:00:00,50.0,224538,5394,5484,21913,57779,25813,1784,109626,271,1952,144846,224622,1880
2026-08-16 11:15:00,49.97,224589,5893,5531,21961,57762,25828,1787,109666,277,1889,144866,224701,1843
2026-08-16 11:30:00,49.93,225284,5916,5537,21894,58101,25898,1754,110034,290,1788,145289,225296,1837
2026-08-16 11:45:00,49.9,225477,6087,5563,22227,58694,25578,1759,109919,288,1763,144556,225791,1840
2026-08-16 12:00:00,49.95,226071,6271,5581,22412,59233,25622,1755,109845,278,1794,144426,226520,1812
2026-08-16 12:15:00,49.97,224763,6131,5587,22568,59848,25462,1760,107570,3,1844,142347,224642,1976
2026-08-16 12:30:00,49.99,224356,6143,5599,22603,59151,25457,1750,107723,3,1865,142602,224151,1939
2026-08-16 12:45:00,49.98,224545,6199,5654,22593,58331,25650,1742,108557,3,1776,143621,224306,1887
2026-08-16 13:00:00,50.02,222865,4466,5609,22688,56924,25680,1755,108628,3,1830,143253,223117,1862
2026-08-16 13:15:00,49.98,221443,5860,5624,22926,56241,25722,1732,107489,3,1771,142276,221508,1900
2026-08-16 13:30:00,50.03,222525,5884,5643,23353,57213,25651,1740,107630,3,1829,141959,223062,1922
2026-08-16 13:45:00,49.99,222403,5241,5631,23657,56343,25571,1728,107861,3,1840,142403,222634,1876
2026-08-16 14:00:00,49.99,222341,4986,5630,23333,54807,25625,1728,110093,3,1762,144201,222981,1902
2026-08-16 14:15:00,49.92,222461,4310,5648,23657,54346,25397,1716,110338,3,1813,144458,222918,1887
2026-08-16 14:30:00,49.9,223293,3919,5664,23913,54675,25186,1696,110948,3,1845,144705,223930,1901
2026-08-16 14:45:00,49.97,224175,3126,5662,24723,54533,25319,1717,110942,2,1767,144919,224665,1870
2026-08-16 15:00:00,49.94,224597,2649,5658,25366,54604,25306,1704,110130,3,1808,144627,224579,1908
2026-08-16 15:15:00,49.94,224897,2619,5632,26084,52185,25144,1709,112342,3,1803,146628,224902,1918
2026-08-16 15:30:00,49.94,225377,2322,5657,26528,50310,25327,1706,113507,3,1861,148539,224899,1921
2026-08-16 15:45:00,49.98,225122,1870,5665,27040,49943,25321,1699,113002,3,1825,148139,224498,1927
2026-08-16 16:00:00,49.92,224759,1585,5679,27181,47053,25377,1683,115316,3,1931,150525,224223,1937
2026-08-16 16:15:00,49.93,222029,1113,5686,27257,43022,25838,1683,116510,3,1962,151750,221961,1973
2026-08-16 16:30:00,50.04,223009,646,5682,27158,39529,26094,1708,120574,273,1842,156322,222860,2036
2026-08-16 16:45:00,49.95,221775,235,5658,26957,35607,26391,1670,124126,2,1877,159211,222288,2017
2026-08-16 17:00:00,49.92,220454,227,5629,26671,30894,26993,1664,127232,142,1862,162889,221087,2041
2026-08-16 17:15:00,49.97,215947,226,5677,26779,26060,27284,1660,127257,282,1895,163108,216894,2031
2026-08-16 17:30:00,49.98,215411,225,5677,27105,21681,27196,1689,130845,308,1849,166625,216350,2058
2026-08-16 17:45:00,49.95,214624,223,5656,26794,17383,27295,1678,134521,471,1840,170447,215638,2063
2026-08-16 18:00:00,50.06,214369,223,5630,26251,13428,27602,1723,138034,1064,1870,174690,215602,2005
2026-08-16 18:15:00,50.03,213029,222,5613,25519,10025,28138,1786,140066,1487,1794,177485,214428,1977
2026-08-16 18:30:00,49.98,216192,221,5618,24806,7000,29162,1802,145780,1955,1781,184386,217904,1919
2026-08-16 18:45:00,50.05,219142,4,5618,24681,4598,30104,1821,150715,2992,1800,189863,222329,1865
2026-08-16 19:00:00,50.07,223331,53,5606,24408,3171,30899,1963,155461,2819,1894,195752,226221,1881
2026-08-16 19:15:00,50.06,225866,76,5607,24748,2033,31631,2156,157211,4400,1799,199085,229585,1895
2026-08-16 19:30:00,50.03,228934,75,5602,24715,0,31857,2203,160572,4376,1779,204219,231104,1856
2026-08-16 19:45:00,50.04,229910,76,5614,24229,0,32193,2201,161877,4608,1799,205681,232521,1836
2026-08-16 20:00:00,50.05,230044,75,5589,24262,0,32364,2205,161710,4769,1775,205782,232674,1839
2026-08-16 20:15:00,50.02,229124,75,5610,24200,0,32313,2138,161500,4683,1801,204924,232245,1864
2026-08-16 20:30:00,50.03,230021,75,5631,24078,0,32654,2152,161404,4691,1841,205943,232451,1873
2026-08-16 20:45:00,50.0,229874,22,5618,23789,0,32733,2136,161476,4960,1838,206085,232550,1868
2026-08-16 21:00:00,49.99,229781,21,5625,23730,0,32320,2115,162043,4873,1841,206051,232547,1882
2026-08-16 21:15:00,50.0,230398,19,5617,23595,0,32263,2128,162645,5311,1807,206803,233366,1896
2026-08-16 21:30:00,50.02,230512,1,5609,23481,0,32158,2119,162927,5323,1830,207031,233447,1901
2026-08-16 21:45:00,50.05,230096,1,5596,23557,0,32183,2119,162522,5272,1852,206539,233101,1898
2026-08-16 22:00:00,50.07,229765,1,5671,23520,0,32367,2156,162068,5177,1869,206245,232828,1899
2026-08-16 22:15:00,50.03,231109,0,5661,23576,0,32150,2192,163132,5543,1843,207533,234097,1894
2026-08-16 22:30:00,50.02,230740,0,5689,23615,0,32167,2189,162733,5508,1905,207125,233806,1910
2026-08-16 22:45:00,50.04,229177,0,5618,23494,0,31251,2193,162493,5420,1839,205683,232308,1847
2026-08-16 23:00:00,50.03,227690,0,5616,23605,0,30533,2101,161434,5354,1943,204085,230586,1902
2026-08-16 23:15:00,50.03,225910,0,5621,23754,0,29656,2074,160612,3810,1879,202156,227406,1894
2026-08-16 23:30:00,50.03,223960,0,5620,23761,0,29392,2073,158852,4795,1935,200199,226428,1862
2026-08-16 23:45:00,50.03,221662,0,5619,23426,0,29047,2049,157197,4886,1900,198236,224124,1820
2026-08-17 00:00:00,50.03,219465,108,5633,23177,0,28599,2062,155829,4848,1908,196288,222056,1800
2026-08-17 00:15:00,50.03,218298,122,5627,23250,0,28477,1955,156239,3858,1846,195048,221252,1800
2026-08-17 00:30:00,50.03,217113,214,5620,23552,0,28513,1866,155010,2961,1897,193561,219419,1784
2026-08-17 00:45:00,49.96,215589,225,5632,23455,0,28186,1772,154115,3488,1845,192134,218493,1734
2026-08-17 01:00:00,49.99,213698,323,5633,23356,0,27963,1762,153056,3058,1812,190342,216640,1757
2026-08-17 01:15:00,49.99,211962,435,5640,23612,0,27766,1791,151787,2522,1846,188350,214964,1759
2026-08-17 01:30:00,49.97,210683,435,5658,23578,0,27551,1807,150700,2294,1819,187105,213407,1753
2026-08-17 01:45:00,49.99,209156,434,5640,23209,0,27495,1795,149905,2075,1871,185947,211990,1770
2026-08-17 02:00:00,50.02,207571,434,5658,22896,0,27355,1791,148783,2006,1905,184675,210394,1752
2026-08-17 02:15:00,49.98,206063,323,5665,22422,0,27351,1786,147672,1990,1867,183641,208753,1748
2026-08-17 02:30:00,49.98,204831,325,5654,21915,0,27227,1792,147268,1939,1864,182916,207659,1731
2026-08-17 02:45:00,49.94,204281,325,5625,21618,0,27211,1800,146871,1863,1844,182663,206832,1750
2026-08-17 03:00:00,49.96,203314,326,5640,21348,0,27560,1780,146332,1705,1871,181966,206236,1660
2026-08-17 03:15:00,49.92,203037,327,5660,20893,0,27569,1781,146288,1816,1822,182144,205829,1750
2026-08-17 03:30:00,49.9,202196,324,5645,20413,0,27538,1779,145940,1698,1833,181783,204846,1792
2026-08-17 03:45:00,49.91,201654,352,5651,19820,0,27558,1792,146102,1682,1849,181834,204454,1800
2026-08-17 04:00:00,49.98,201423,365,5648,19269,0,27291,1766,146450,1730,1917,182154,204071,1799
2026-08-17 04:15:00,49.93,202540,364,5636,18780,0,27555,1804,147692,1760,1837,183760,205064,1828
2026-08-17 04:30:00,50.02,203194,366,5640,18519,0,27655,1799,148642,1680,1734,184675,205669,1818
2026-08-17 04:45:00,50.03,203949,366,5637,18582,0,27911,1802,149073,1669,1785,185367,206459,1810
2026-08-17 05:00:00,50.1,205316,8,5649,18344,537,28335,1806,150218,1629,1825,186435,208343,1855
2026-08-17 05:15:00,50.02,208408,9,5643,18154,572,28818,1817,153570,1602,1767,189682,211943,1603
2026-08-17 05:30:00,50.07,210667,46,5631,17822,648,29237,1808,155665,1644,1820,192197,214275,1616
2026-08-17 05:45:00,50.04,212454,41,5649,17737,647,29250,1807,157357,2094,1733,194070,216274,1545
2026-08-17 06:00:00,50.05,213021,63,5644,17648,662,29368,1815,157981,2052,1695,194711,216865,1551
2026-08-17 06:15:00,50.01,216045,62,5708,17694,1799,29328,1921,160747,2094,1710,196552,221001,1600
2026-08-17 06:30:00,49.97,219159,48,5675,17587,2822,29412,1914,162710,2221,1667,198750,224008,1612
2026-08-17 06:45:00,50.03,220746,17,5660,17453,4338,29946,1870,162765,2188,1676,198955,225896,1571
2026-08-17 07:00:00,50.06,221064,28,5666,17153,6705,29479,1850,161019,1905,1736,197206,225513,1540
2026-08-17 07:15:00,50.02,222553,298,5698,16868,10546,29594,1857,159519,1173,1779,195139,227034,1473
2026-08-17 07:30:00,50.02,222933,298,5688,17097,14974,29327,1825,155177,970,1710,190862,226768,1479
2026-08-17 07:45:00,50.04,222357,576,5697,17761,19321,28267,1821,150147,834,1701,185275,225549,1511
2026-08-17 08:00:00,50.05,222628,635,5668,18842,25547,27371,1834,143828,837,1745,178239,225672,1508
2026-08-17 08:15:00,50.02,225956,1127,5675,20352,31314,26918,1814,140198,840,1646,174290,228757,1497
2026-08-17 08:30:00,49.99,228110,2324,5641,21350,36270,26802,1793,136406,845,1608,170490,230715,1494
2026-08-17 08:45:00,49.96,231257,2977,5616,22409,39708,26619,1753,134678,857,1567,169140,233207,1455
2026-08-17 09:00:00,50.01,234038,3649,5600,23161,43688,26379,1713,132209,843,1579,167189,235172,1466
2026-08-17 09:15:00,49.9,237495,4074,5594,23930,46686,26855,1711,131101,877,1707,166879,238461,1430
2026-08-17 09:30:00,49.88,239264,4068,5590,24625,48558,26778,1711,130643,881,1626,166081,240412,1438
2026-08-17 09:45:00,50.04,241196,4171,5577,25563,51966,26616,1710,128013,845,1659,163667,241949,1392
2026-08-17 10:00:00,50.13,242804,4206,5545,26047,56396,26460,1693,124583,818,1698,160361,243240,1415
2026-08-17 10:15:00,50.11,243049,4724,5552,26260,59621,26092,1735,122302,805,1626,157168,243993,1368
2026-08-17 10:30:00,50.23,242995,4899,5541,26040,62675,25357,1714,120154,769,1633,154280,243883,1384
2026-08-17 10:45:00,49.98,241310,5074,5560,26065,61492,25836,1725,119189,865,1658,153753,242390,1347
2026-08-17 11:00:00,50.05,240921,4616,5527,26156,62426,25734,1739,117899,850,1662,152339,241993,1341
2026-08-17 11:15:00,49.97,239925,4576,5556,26203,63593,25510,1751,116490,860,1646,150129,241609,1315
2026-08-17 11:30:00,49.95,240389,4647,5611,26421,64600,25623,1857,116355,861,1661,149368,242989,1325
2026-08-17 11:45:00,50.05,240852,5342,5588,26321,65551,25473,1838,115551,841,1659,148980,242822,1526
2026-08-17 12:00:00,50.02,240015,5461,5556,26104,65774,25680,1817,113248,855,1683,148137,240717,1431
2026-08-17 12:15:00,50.02,238588,5352,5610,25898,65429,25642,1837,113725,850,1625,147261,240616,1402
2026-08-17 12:30:00,49.97,238195,5354,5590,25664,64401,25672,1837,114794,865,1679,148130,240502,1454
2026-08-17 12:45:00,49.95,237521,5594,5568,25622,64584,25828,1847,114836,870,1680,147315,240835,1399
2026-08-17 13:00:00,50.03,236647,5823,5589,25706,64680,25449,1820,113630,850,1629,146261,239353,1373
2026-08-17 13:15:00,50.01,234342,5743,5585,25716,62959,25387,1837,112969,855,1697,145667,237005,1352
2026-08-17 13:30:00,50.02,234989,5801,5578,25997,63155,25298,1844,113295,859,1659,145837,237685,1359
2026-08-17 13:45:00,49.97,236373,5677,5577,26036,63362,24764,1856,114057,862,1577,146975,238091,1434
2026-08-17 14:00:00,49.95,237641,5471,5576,26431,62154,24850,1862,116384,869,1696,149056,239822,1428
2026-08-17 14:15:00,49.93,238280,5066,5561,26825,60754,25200,1834,117275,878,1686,150701,240013,1464
2026-08-17 14:30:00,49.93,240836,4614,5575,27561,61676,26015,1819,116052,875,1786,151599,241359,1446
2026-08-17 14:45:00,50.02,242106,4140,5585,28299,62234,25943,1829,117825,854,1675,151573,244244,1449
2026-08-17 15:00:00,49.96,242800,3614,5586,28643,60063,26031,1815,120030,873,1692,154094,244733,1417
2026-08-17 15:15:00,49.94,242182,2870,5609,28750,57492,26626,1815,121329,882,1710,155940,244213,1551
2026-08-17 15:30:00,49.9,242480,2571,5600,29074,53843,27189,1820,124083,888,1667,159563,244164,1531
2026-08-17 15:45:00,49.96,243058,2581,5580,29051,51368,26848,1782,124636,872,1526,162639,241663,1596
2026-08-17 16:00:00,50.02,242401,1746,5489,29749,48556,26544,1800,129836,850,1676,164096,244500,1568
2026-08-17 16:15:00,49.99,238852,1189,5429,30155,44064,26718,1798,130376,862,1707,164633,241109,1556
2026-08-17 16:30:00,50.03,238549,911,5418,30215,39704,26651,1843,134375,865,1731,168630,240802,1535
2026-08-17 16:45:00,50.01,237829,588,5434,31249,35663,26597,1880,137240,862,1681,170917,240606,1586
2026-08-17 17:00:00,50.01,236813,240,5064,31263,31938,26870,2001,140161,848,1754,173612,239899,1590
2026-08-17 17:15:00,49.97,232182,233,5063,30923,27599,26543,2009,140517,1075,1735,173660,235464,1616
2026-08-17 17:30:00,49.97,231270,128,5067,30634,23358,26801,2015,143926,1206,1752,177278,234759,1625
2026-08-17 17:45:00,49.99,229963,20,5068,30519,18924,27794,2021,147041,1248,1730,180520,234345,1607
2026-08-17 18:00:00,50.0,228971,17,5033,30364,14603,28072,2169,150104,1948,1678,184004,233971,1572
2026-08-17 18:15:00,50.05,227925,11,5026,30389,11030,28803,2247,151928,2383,1760,186506,233566,1527
2026-08-17 18:30:00,50.11,230288,10,5032,30431,7896,30034,2365,156024,2598,1705,191961,236085,1486
2026-08-17 18:45:00,50.08,233912,6,5011,30490,5756,30632,2438,160593,3203,1667,197666,239790,1437
2026-08-17 19:00:00,50.11,236348,3,5030,30027,3998,31978,2596,163355,3432,1715,202323,242131,1388
2026-08-17 19:15:00,50.04,238702,0,5024,29797,2898,32723,2752,165708,3967,1760,206007,244629,1424
2026-08-17 19:30:00,50.02,239376,20,5028,29492,0,33554,2707,166634,3821,1811,209884,243047,1458
2026-08-17 19:45:00,49.99,239472,37,5027,29203,0,31485,2718,166792,4288,1754,210269,241267,1434
2026-08-17 20:00:00,50.04,238761,40,5015,29268,0,33486,2703,166528,3724,1713,209493,242437,1437
2026-08-17 20:15:00,49.99,237652,10,4999,29016,0,32563,2673,166589,4301,1817,208636,241958,1416
2026-08-17 20:30:00,50.02,237515,27,5038,28330,0,32402,2698,167233,4320,1796,209185,241817,1419
2026-08-17 20:45:00,49.99,237579,11,5016,27935,0,32917,2690,166857,4393,1822,209644,241630,1465
2026-08-17 21:00:00,50.03,237228,1,5038,27419,0,33199,2719,166434,4667,1792,209809,241268,1485
2026-08-17 21:15:00,50.0,237562,1,5032,27003,0,33169,2721,166967,5151,1752,210559,241795,1489
2026-08-17 21:30:00,50.04,236978,1,5040,26718,0,33338,2678,166840,5024,1693,210260,241331,1483
2026-08-17 21:45:00,50.04,236335,1,5023,26351,0,33335,2678,166284,5122,1779,209984,240572,1529
2026-08-17 22:00:00,50.04,235322,1,5009,25993,0,33123,2669,166254,5212,1798,209329,240058,1507
2026-08-17 22:15:00,49.98,235987,0,5020,25617,0,33195,2697,166633,4544,1883,210370,239589,1532
2026-08-17 22:30:00,49.99,235711,0,5024,25231,0,32971,2713,167429,5410,1840,210480,240618,1514
2026-08-17 22:45:00,50.02,234086,0,5045,24768,0,32180,2613,167102,5396,1839,209318,238943,1603
2026-08-17 23:00:00,50.04,232069,0,5038,24846,0,31910,2604,165157,5170,1797,207223,236522,1564
2026-08-17 23:15:00,50.02,230145,0,5030,24773,0,31428,2620,163977,4830,1806,205372,234464,1574
2026-08-17 23:30:00,50.03,228543,0,5024,24721,0,30936,2617,162881,4791,1854,203822,232824,1610
2026-08-17 23:45:00,50.01,226323,0,5040,24406,0,30197,2567,161565,4679,1809,201917,230263,1617
2026-08-18 00:00:00,49.97,223677,0,5069,23846,0,29715,2505,160239,4616,1856,199831,227846,1614
2026-08-18 00:15:00,49.94,222513,7,5043,23363,0,30022,2259,160487,3596,1859,199150,226629,1659
2026-08-18 00:30:00,49.93,220689,5,5055,23193,0,29918,2101,159011,3586,1788,197496,224652,1642
2026-08-18 00:45:00,49.99,219353,5,5064,23105,0,29957,1985,157888,3374,1756,196248,223129,1689
2026-08-18 01:00:00,50.04,217088,4,5053,22945,0,29752,1913,156578,2827,1815,194143,220883,1678
2026-08-18 01:15:00,50.02,215564,9,5078,22963,0,29446,1934,155837,2010,1824,192601,219092,1690
2026-08-18 01:30:00,50.04,214046,115,5065,22880,0,28919,1925,154854,2013,1810,191166,217466,1695
2026-08-18 01:45:00,50.0,212490,219,5067,22771,0,28301,1932,154663,1833,1786,189719,216353,1778
2026-08-18 02:00:00,49.99,210865,222,5061,22506,0,28136,1932,153246,1643,1735,188359,214259,1773
2026-08-18 02:15:00,50.01,209500,327,5062,22376,0,27985,1920,152005,1819,1853,187124,213020,1783
2026-08-18 02:30:00,50.01,208556,322,5055,22378,0,27863,1896,151196,1769,1788,186178,211945,1786
2026-08-18 02:45:00,50.04,208163,329,5056,22461,0,27775,1914,150911,1828,1770,185702,211715,1766
2026-08-18 03:00:00,50.02,207629,326,5048,22073,0,27630,1918,150699,1843,1738,185556,210949,1801
2026-08-18 03:15:00,49.99,207555,364,5051,21774,0,27424,1906,151303,1608,1767,185781,210833,1820
2026-08-18 03:30:00,49.98,207030,365,5056,21733,0,27879,1892,150471,1584,1749,185297,210364,1822
2026-08-18 03:45:00,49.99,206002,366,5067,21580,0,27827,1906,149681,1485,1747,184422,209293,1836
2026-08-18 04:00:00,50.05,205388,367,5060,21474,0,27736,1893,149210,1378,1727,183914,208478,1843
2026-08-18 04:15:00,49.98,206726,366,5079,21316,0,28143,1906,150187,1332,1873,185410,209836,1795
2026-08-18 04:30:00,50.05,207228,368,5056,21378,0,28068,1907,150655,1326,1867,185850,210257,1819
2026-08-18 04:45:00,50.05,207682,257,5063,21460,0,28163,1916,151209,1313,1848,186222,210972,1831
2026-08-18 05:00:00,50.02,208839,8,5060,21255,608,28362,1911,152399,1291,1912,186976,212798,1836
2026-08-18 05:15:00,50.0,212016,9,5061,20654,641,28686,1903,155740,1295,1950,190721,215930,1833
2026-08-18 05:30:00,50.03,213745,9,5051,20053,642,28917,1895,157970,1234,1946,193050,217708,1875
2026-08-18 05:45:00,50.06,215691,13,5063,19922,643,28443,1906,160133,1644,1943,195126,219697,1843
2026-08-18 06:00:00,50.06,217047,13,5073,19793,673,28750,1938,161300,1626,1905,196581,221058,1769
2026-08-18 06:15:00,49.98,220431,21,5082,19776,2848,29134,2029,163866,1835,1889,197807,226459,1819
2026-08-18 06:30:00,49.96,223914,33,5086,19535,3893,29963,1977,165602,2158,1851,200486,230065,1838
2026-08-18 06:45:00,50.05,225618,36,5093,19652,5989,30226,1974,164872,2113,1849,199977,231768,1829
2026-08-18 07:00:00,50.04,226011,42,5093,19520,8880,29762,1973,162209,2110,1932,197611,231479,1836
2026-08-18 07:15:00,49.99,226679,34,5108,19115,12570,29532,1959,160390,1282,1892,194994,231848,1863
2026-08-18 07:30:00,50.01,226675,16,5103,19001,17265,28949,1951,156364,1260,1904,190409,231797,1855
2026-08-18 07:45:00,50.05,226011,282,5096,19416,22522,28079,1937,150560,904,1955,184073,230469,1869
2026-08-18 08:00:00,50.08,223916,287,5066,20222,27084,27263,1910,143738,898,1882,176610,228063,1829
2026-08-18 08:15:00,50.0,226494,600,5096,21346,31707,27031,1915,140806,748,1776,173441,230425,1838
2026-08-18 08:30:00,50.0,229812,1984,5092,22194,36993,26843,1908,137477,743,1741,170625,232991,1849
2026-08-18 08:45:00,50.03,232105,2652,5077,22979,42323,26774,1859,133536,738,1738,166803,235024,1831
2026-08-18 09:00:00,50.09,234426,3715,5094,23643,47719,26191,1825,130348,717,1734,163064,237271,1789
2026-08-18 09:15:00,49.99,239504,4221,5057,24491,50954,26182,1861,131602,759,1846,164059,242752,1572
2026-08-18 09:30:00,49.98,241177,4253,5055,24820,55314,26281,1849,128231,760,1900,161043,244210,1604
2026-08-18 09:45:00,49.93,242434,4342,5026,25212,57225,26363,1852,126670,781,1841,159997,244970,1652
2026-08-18 10:00:00,50.0,241898,4416,5023,25936,60795,26000,1862,121963,756,1819,155167,244154,1627
2026-08-18 10:15:00,49.97,242196,4689,5022,25800,62393,25639,1874,121170,445,1827,154003,244170,1701
2026-08-18 10:30:00,49.95,242011,4668,5014,26078,63674,25585,1846,119454,448,1829,152259,243928,1719
2026-08-18 10:45:00,49.98,241498,4768,5008,25968,64654,26009,1855,118266,440,1774,150876,243974,1717
2026-08-18 11:00:00,50.05,241719,4967,5022,25836,65865,26336,1869,116852,714,1832,150018,244326,1694
2026-08-18 11:15:00,50.08,241776,5762,5083,25877,67502,25871,1867,115566,695,1747,148397,244208,1689
2026-08-18 11:30:00,50.06,241921,5753,5074,25689,68098,25918,1879,115093,703,1757,148134,244211,1728
2026-08-18 11:45:00,50.02,241575,6077,5020,25194,67960,26350,1862,115296,718,1801,148421,244201,1903
2026-08-18 12:00:00,50.04,241306,4585,5019,24813,67288,26158,1847,115876,718,1697,149205,243416,1880
2026-08-18 12:15:00,49.97,239407,6031,5005,24556,66348,26237,1862,115245,745,1685,148503,241683,1908
2026-08-18 12:30:00,50.03,239687,5983,4987,24735,66550,26392,1848,114643,729,1711,148402,241595,1870
2026-08-18 12:45:00,49.93,239286,5891,4974,24332,65341,26192,1846,116326,755,1737,149613,241503,1911
2026-08-18 13:00:00,49.99,237019,6014,4976,23334,64105,26462,1838,116224,749,1698,149580,239386,1907
2026-08-18 13:15:00,49.96,233989,5979,4993,23494,62138,25925,1840,115580,744,1733,148357,236447,1903
2026-08-18 13:30:00,50.04,234255,5601,5011,24073,63334,25867,1830,113699,757,1799,146848,236370,1887
2026-08-18 13:45:00,49.97,235718,5250,5007,24476,63521,26128,1831,114434,769,1818,147721,237984,1927
2026-08-18 14:00:00,50.01,236372,4965,5021,24943,63226,26120,1839,115146,760,1814,148203,238869,1870
2026-08-18 14:15:00,49.97,236976,4174,5011,25519,63487,26027,1833,115013,768,1753,147970,239411,1916
2026-08-18 14:30:00,50.01,239369,3800,4988,26183,62730,26081,1803,117112,766,1836,150456,241499,1872
2026-08-18 14:45:00,49.98,240976,3212,4979,26809,62585,26002,1823,118637,773,1767,151582,243375,1900
2026-08-18 15:00:00,49.99,240814,2875,5016,27641,61629,26254,1824,118651,766,1792,151544,243573,1741
2026-08-18 15:15:00,49.97,240599,2551,5024,27785,59951,26372,1827,119444,760,1809,152863,242972,1777
2026-08-18 15:30:00,49.97,240914,2203,5025,27909,58428,26272,1816,121429,766,1775,154577,243420,1759
2026-08-18 15:45:00,50.01,242275,1937,5052,28429,55823,26786,1832,123956,761,1785,158023,244424,1855
2026-08-18 16:00:00,49.95,241953,1873,5030,28695,51760,27087,1827,127179,779,1800,161498,244157,1856
2026-08-18 16:15:00,49.92,239603,1606,5045,28996,48576,26475,1893,128022,784,1861,162031,241652,1861
2026-08-18 16:30:00,49.86,238268,764,5036,29336,43008,26780,1908,132283,776,1797,165924,240924,1887
2026-08-18 16:45:00,49.84,237741,239,5037,29273,38499,26839,1911,136508,798,1794,169969,240659,1914
2026-08-18 17:00:00,49.92,236474,228,5070,29297,33104,27133,1950,139899,1100,1788,174073,239341,1897
2026-08-18 17:15:00,49.88,233278,229,5048,29507,28383,27042,1976,141032,1137,1812,175388,235937,1944
2026-08-18 17:30:00,49.82,232191,223,5063,29823,23163,26912,2046,144720,1154,1855,179205,234736,1935
2026-08-18 17:45:00,49.78,232329,9,5067,29430,17976,27534,2112,144887,314,1632,184923,228952,1916
2026-08-18 18:00:00,50.06,233117,121,5054,29504,13369,29442,2218,152020,1775,1795,190244,235177,1926
2026-08-18 18:15:00,50.03,231417,12,5049,29509,9498,29688,2308,153957,2384,1808,192410,234201,1875
2026-08-18 18:30:00,50.01,234144,8,4970,29304,6290,30598,2536,158789,2755,1777,198550,237019,1805
2026-08-18 18:45:00,49.97,237902,4,4978,29234,3867,32785,2608,162288,3745,1799,204801,241304,1819
2026-08-18 19:00:00,50.01,238652,3,4967,28489,1999,34152,2787,164010,3869,1851,208164,242124,1764
2026-08-18 19:15:00,50.0,240863,0,4972,28327,483,34989,2991,166290,4339,1898,212053,244289,1742
2026-08-18 19:30:00,49.89,244063,0,4959,28163,0,36653,3040,167877,4414,1939,215900,247045,1743
2026-08-18 19:45:00,49.88,244808,0,4956,27957,0,37092,3134,168304,4418,1944,216851,247805,1795
2026-08-18 20:00:00,50.06,243184,0,4969,27772,0,36558,3166,167441,4255,1993,215412,246154,1749
2026-08-18 20:15:00,49.99,241407,0,4977,27501,0,35516,3410,166708,4246,1946,213906,244304,1775
2026-08-18 20:30:00,49.94,240652,0,4965,27103,0,34668,3386,167368,4340,1952,213549,243782,1764
2026-08-18 20:45:00,49.94,240624,0,4959,26807,0,34359,3504,167844,4364,1986,213817,243823,1782
2026-08-18 21:00:00,50.03,239499,0,4976,26284,0,34269,3466,167454,4215,2037,213215,242701,1766
2026-08-18 21:15:00,49.99,239285,2,4966,25832,0,33923,3487,167875,3989,1975,213453,242047,1783
2026-08-18 21:30:00,50.03,239314,1,4960,25613,0,34044,3535,167823,3894,1992,213701,241861,1767
2026-08-18 21:45:00,50.03,238912,2,4961,25606,0,34306,3516,167231,3858,1973,213306,241451,1809
2026-08-18 22:00:00,50.05,238158,2,4969,25365,0,33786,3501,167028,3587,1970,212793,240206,1793
2026-08-18 22:15:00,49.93,238716,1,4956,25033,0,33982,3491,167730,3543,1972,213683,240707,1862
2026-08-18 22:30:00,49.92,238287,3,4947,24272,0,34081,3490,167803,3511,1821,214015,239925,1851
2026-08-18 22:45:00,50.01,237078,2,4979,23760,0,33411,3484,167739,3401,1963,213318,238737,1842
2026-08-18 23:00:00,50.03,235333,1,5026,23537,0,33039,3473,166635,3402,1999,211796,237111,1829
2026-08-18 23:15:00,50.03,234064,2,5027,23397,0,32345,3450,166427,3463,1985,210667,236094,1865
2026-08-18 23:30:00,50.05,232481,0,4983,23205,0,31388,3494,165954,3536,2036,209276,234596,1877
2026-08-18 23:45:00,50.09,230534,0,4988,23456,0,31080,3455,164178,3423,1960,207078,232540,1824
2026-08-19 00:00:00,50.09,228394,0,5008,23763,0,30187,3421,162648,3632,1983,204631,230642,1851
2026-08-19 00:15:00,50.05,227696,6,4990,23757,0,30383,3316,162866,2867,2018,203939,230197,1723
2026-08-19 00:30:00,50.0,226305,6,4988,23776,0,30301,3134,161913,2711,2013,202529,228836,1743
2026-08-19 00:45:00,49.99,223849,6,4992,23096,0,30113,2951,160603,2626,1992,200753,226373,1743
2026-08-19 01:00:00,50.01,221583,6,4974,23238,0,29891,2814,159047,2334,1961,198345,224259,1757
2026-08-19 01:15:00,49.95,219645,112,5003,23636,0,29213,2681,158019,2205,1931,196009,222688,1801
2026-08-19 01:30:00,49.97,217973,122,4973,23198,0,29143,2690,157086,1968,1945,194775,221003,1787
2026-08-19 01:45:00,49.99,216063,218,4992,22967,0,28663,2727,156142,1613,1911,193096,219015,1992
2026-08-19 02:00:00,50.0,214599,323,4986,22845,0,28514,2726,155021,1592,1910,191754,217594,1997
2026-08-19 02:15:00,49.99,213576,429,4996,23040,0,28556,2688,153775,1702,1933,190536,216690,2010
2026-08-19 02:30:00,49.97,212292,429,5007,22663,0,28747,2667,152793,1700,1902,189629,215479,1981
2026-08-19 02:45:00,49.95,212243,429,5001,22197,0,28925,2632,152947,1691,1972,190046,215365,2002
2026-08-19 03:00:00,49.97,211265,429,4996,21774,0,28979,2608,152586,1699,1958,189491,214600,1963
2026-08-19 03:15:00,49.9,211006,467,4995,21718,0,28665,2593,152814,1519,1947,189288,214251,1983
2026-08-19 03:30:00,49.97,210588,469,5006,21376,0,28605,2599,152781,1492,1930,189212,213789,1981
2026-08-19 03:45:00,49.99,209406,468,5014,21031,0,28658,2525,152047,1343,1922,188375,212540,2000
2026-08-19 04:00:00,50.04,208740,469,5008,20747,0,28466,2481,151933,1335,1952,187993,211922,1976
2026-08-19 04:15:00,50.01,210335,364,5002,20817,0,28734,2259,153399,1342,2034,189518,213587,1977
2026-08-19 04:30:00,50.05,210174,360,4992,20385,0,28595,2063,154140,1324,2003,189789,213502,1994
2026-08-19 04:45:00,50.02,210613,361,4994,20182,0,28263,2007,155195,1329,2027,190431,213997,1993
2026-08-19 05:00:00,50.03,211981,5,4999,20004,197,28178,2013,156881,1371,2037,191780,215680,2006
2026-08-19 05:15:00,49.97,214406,6,4973,19836,229,28545,2010,159108,1497,1961,194341,218159,2033
2026-08-19 05:30:00,50.02,216651,7,4996,19651,222,29089,2062,160976,1731,2008,196778,220735,2014
2026-08-19 05:45:00,50.04,218847,14,4984,19578,234,29669,2083,162071,2185,2025,199035,222829,2125
2026-08-19 06:00:00,50.04,219381,22,4981,19582,261,29671,1996,162504,2007,1967,199538,222969,2097
2026-08-19 06:15:00,49.94,221370,27,5011,19205,588,29845,1997,164604,2056,1962,201577,225268,2031
2026-08-19 06:30:00,49.87,224205,7,5100,18839,1376,30591,2028,166180,1979,1944,203990,228037,2015
2026-08-19 06:45:00,49.93,226639,5,5213,18392,3115,31475,1967,166260,1950,1914,205132,230286,2041
2026-08-19 07:00:00,50.0,227329,19,5263,18175,5697,30758,1966,165247,1678,1900,203457,230684,2050
2026-08-19 07:15:00,50.0,228081,18,5311,17895,8893,30464,1975,164037,1005,1953,201293,231533,2063
2026-08-19 07:30:00,49.96,228223,266,5322,17595,12801,29840,1959,160902,1081,1925,197827,231425,2060
2026-08-19 07:45:00,49.99,227667,271,5346,17503,18001,28850,1956,156279,733,1886,192163,230554,2067
2026-08-19 08:00:00,50.01,226301,280,5349,18156,23379,27886,1960,149555,725,1954,184766,228964,2092
2026-08-19 08:15:00,49.98,229376,798,5329,18724,28193,27876,1925,147118,739,1903,182459,231807,2090
2026-08-19 08:30:00,50.11,232196,1768,5331,19157,33753,27494,1913,144151,715,1884,179286,234398,2071
2026-08-19 08:45:00,50.09,234667,2871,5352,19521,39431,27338,1895,140813,713,1820,175715,236883,2067
2026-08-19 09:00:00,50.16,237121,3091,5339,19954,44157,27472,1880,137867,698,1821,173010,239188,2015
2026-08-19 09:15:00,49.97,241293,3627,5316,20365,48115,27985,1850,136894,758,1800,172813,243083,2034
2026-08-19 09:30:00,50.02,244456,3644,5357,20848,52859,28011,1881,134301,738,1796,170749,245791,2088
2026-08-19 09:45:00,50.02,245475,3917,5305,21137,55665,27911,1873,132157,741,1867,168673,246656,2110
2026-08-19 10:00:00,50.0,244894,4053,5325,21183,58804,27033,1858,129090,576,1831,164907,245700,2147
2026-08-19 10:15:00,49.94,244891,4421,5309,21641,60979,26500,1859,127393,657,1800,162271,246138,2124
2026-08-19 10:30:00,49.98,245032,4484,5295,21720,63849,26025,1866,124941,660,1774,159463,246130,2141
2026-08-19 10:45:00,49.93,243887,4478,5305,21731,65371,25946,1868,122308,667,1845,156785,245041,2183
2026-08-19 11:00:00,49.96,244135,4480,5407,21971,66848,25915,1882,121112,626,1795,155316,245556,2159
2026-08-19 11:15:00,49.98,243203,4603,5403,22211,68006,25775,1857,118954,355,1755,152986,244316,2153
2026-08-19 11:30:00,50.06,243351,4626,5416,22621,70585,25260,1846,115700,139,1746,150145,243313,2137
2026-08-19 11:45:00,50.07,243875,4636,5401,22630,70196,25337,1873,117162,159,1792,151049,244550,2151
2026-08-19 12:00:00,49.99,243142,4600,5437,22228,68532,25811,1838,118108,175,1785,152382,243914,2152
2026-08-19 12:15:00,50.03,242409,4604,5431,22032,69377,25792,1874,116826,175,1765,151000,243272,2161
2026-08-19 12:30:00,50.02,242153,4620,5396,22116,68180,25399,1840,114447,145,1829,151857,239352,2209
2026-08-19 12:45:00,49.95,241206,4402,5380,22340,66450,26100,1821,116851,3,1746,152416,240691,2187
2026-08-19 13:00:00,50.02,240062,4483,5370,22909,65854,26559,1836,116181,52,1760,151299,240521,2101
2026-08-19 13:15:00,49.96,236477,4383,5389,22993,64489,26680,1832,114094,3,1791,148995,237271,1837
2026-08-19 13:30:00,50.0,237509,4405,5395,22965,65474,26666,1828,114533,7,1784,149070,238652,1927
2026-08-19 13:45:00,49.96,239147,5834,5396,23263,65290,26576,1825,116189,3,1764,150594,240306,1800
2026-08-19 14:00:00,49.99,240990,5563,5399,23670,65738,26780,1816,116536,148,1738,151582,241825,1892
2026-08-19 14:15:00,49.95,241514,4249,5377,23954,64495,27000,1844,118475,146,1754,153065,243045,1823
2026-08-19 14:30:00,49.94,244524,3741,5367,24923,62975,27338,1839,121469,277,1699,156626,245887,1826
2026-08-19 14:45:00,49.93,245587,3243,5388,25360,60937,27630,1855,124069,596,1765,159290,247600,1792
2026-08-19 15:00:00,49.91,246299,2906,5375,25452,58968,27529,1794,126511,652,1793,161879,248074,1867
2026-08-19 15:15:00,49.97,246732,2435,5414,25743,56967,27605,1816,128165,733,1795,164022,248238,1879
2026-08-19 15:30:00,49.92,246645,2417,5417,25149,54556,27288,1836,130998,765,1744,166940,247753,1931
2026-08-19 15:45:00,49.96,245334,2164,5450,26356,52180,27405,1806,131179,782,1742,166798,246900,1936
2026-08-19 16:00:00,49.97,246303,1900,5432,26941,48546,27485,1811,135455,789,1756,170816,248215,2014
2026-08-19 16:15:00,49.95,242714,1386,5427,27174,44683,27189,1841,135408,755,1773,170857,244250,1991
2026-08-19 16:30:00,50.0,241712,773,5372,27706,40844,27374,1838,137836,723,1836,173162,243529,2019
2026-08-19 16:45:00,49.89,241305,233,5389,27459,36389,27500,1868,141691,756,1776,177457,242828,2035
2026-08-19 17:00:00,49.96,240936,230,5411,27296,31923,28131,1904,145303,899,1815,181717,242682,2007
2026-08-19 17:15:00,49.97,237749,230,5446,27448,26797,28234,1961,146730,879,1895,183504,239390,2009
2026-08-19 17:30:00,50.04,237278,227,5450,27452,21789,28458,2082,151117,589,1845,188037,238782,2039
2026-08-19 17:45:00,50.04,236639,227,5462,27711,17065,28569,2317,154850,619,1886,191863,238479,2042
2026-08-19 18:00:00,50.08,235822,228,5456,27999,12420,28989,3011,156347,1454,1891,195403,237567,2066
2026-08-19 18:15:00,49.95,233312,124,5473,27649,9099,28869,3360,158062,1479,1845,196564,235836,2003
2026-08-19 18:30:00,49.96,235634,15,5466,27961,5459,29552,3833,162266,2018,1759,202214,238314,1936
2026-08-19 18:45:00,49.98,238467,8,5480,27912,3216,31041,4791,163957,3283,1744,207339,241424,1895
2026-08-19 19:00:00,50.01,240110,5,5493,27380,1722,32586,5105,165006,3979,1779,211008,243050,1870
2026-08-19 19:15:00,49.89,242622,3,5541,26863,741,34238,5333,165738,4865,1807,215018,245126,1883
2026-08-19 19:30:00,49.85,243941,1,5503,26309,0,34828,5407,167141,4979,1751,217632,245918,1897
2026-08-19 19:45:00,49.95,243111,1,5514,25890,0,34431,5392,167192,4952,1743,217221,245114,1967
2026-08-19 20:00:00,50.05,242226,19,5552,25837,0,34155,5388,166574,4717,1727,216389,243950,1922
2026-08-19 20:15:00,50.03,240151,21,5553,25400,0,33336,4690,166564,4816,1780,214751,242139,1939
2026-08-19 20:30:00,50.03,239698,5,5543,25244,0,33286,4669,167401,4817,1752,214454,242712,1944
2026-08-19 20:45:00,50.01,239229,1,5546,25279,0,32970,4642,167096,4758,1760,213950,242051,1902
2026-08-19 21:00:00,49.96,238991,1,5538,25440,0,32438,4675,167335,4739,1786,213551,241951,1899
2026-08-19 21:15:00,50.04,238128,1,5548,25302,0,32277,4686,166565,4879,1807,212826,241064,1883
2026-08-19 21:30:00,50.02,237967,1,5547,25052,0,32250,4733,166595,4922,1795,212915,240894,1804
2026-08-19 21:45:00,50.04,237555,0,5584,24898,0,32370,4753,166263,3902,1805,212657,239575,1857
2026-08-19 22:00:00,50.06,237077,1,5564,24886,0,32310,4728,165654,4979,1849,212191,239970,1905
2026-08-19 22:15:00,50.0,238163,0,5562,24626,0,32761,4759,166474,5349,1863,213537,241394,1937
2026-08-19 22:30:00,50.01,237892,0,5553,24396,0,32675,4750,166341,5474,1835,213496,241024,1980
2026-08-19 22:45:00,50.0,237043,0,5563,24231,0,32068,3873,167300,5507,1860,212812,240402,1947
2026-08-19 23:00:00,49.99,235912,0,5557,23842,0,31427,3704,167376,4336,1864,212070,238106,1781
2026-08-19 23:15:00,50.02,235128,0,5568,23664,0,31370,3578,166990,4295,1894,211464,237359,1780
2026-08-19 23:30:00,50.05,233441,0,5560,23286,0,30677,3626,166173,5314,1897,210155,236533,1799
2026-08-19 23:45:00,50.04,231855,0,5579,23157,0,30378,3595,165377,5269,1900,208698,235255,1795
2026-08-20 00:00:00,50.05,229824,0,5568,22902,0,29959,3451,164295,5034,1894,206922,233103,1711
2026-08-20 00:15:00,50.0,228411,9,5553,22854,0,29895,3178,164237,4019,1887,205557,231623,1755
2026-08-20 00:30:00,49.99,226902,7,5557,22285,0,29789,3066,163693,3725,1927,204617,230042,1828
2026-08-20 00:45:00,49.99,224457,7,5567,21762,0,29173,2905,162464,3509,1902,202695,227282,1807
2026-08-20 01:00:00,50.02,222128,6,5565,21471,0,28213,2741,161908,3418,1919,200657,225235,1827
2026-08-20 01:15:00,49.99,220476,17,5551,21212,0,28207,2636,161232,2505,1911,199264,223254,1941
2026-08-20 01:30:00,50.02,219141,115,5560,20943,0,28246,2539,160018,2560,1919,198198,221785,1964
2026-08-20 01:45:00,50.02,217846,123,5555,20840,0,27770,2539,159481,2392,1841,197006,220418,2129
2026-08-20 02:00:00,50.07,216328,229,5569,20915,0,27749,2544,157853,2396,1840,195413,218866,2116
2026-08-20 02:15:00,50.01,215569,506,5569,20709,0,27744,2527,157446,2146,1863,194860,218004,2119
2026-08-20 02:30:00,49.98,215679,509,5568,20327,0,27844,2362,157779,2060,1863,195352,217803,2120
2026-08-20 02:45:00,50.02,215543,325,5552,19736,0,27872,2330,158451,2084,1835,195807,217860,2115
2026-08-20 03:00:00,50.04,214432,325,5573,19233,0,27666,2258,158019,2074,1839,195199,216662,2089
2026-08-20 03:15:00,49.99,213849,550,5554,18790,0,27641,2209,158061,1967,1861,195059,216083,2136
2026-08-20 03:30:00,50.02,213533,550,5588,18398,0,27908,2167,158004,1919,1828,195135,215812,2157
2026-08-20 03:45:00,50.03,212520,600,5583,17926,0,27901,2144,157701,1908,1829,194594,214992,2141
2026-08-20 04:00:00,50.06,211513,550,5592,17555,0,27823,2010,157287,1898,1805,193958,213970,2130
2026-08-20 04:15:00,50.0,212498,266,5577,17347,0,27833,1944,158705,1939,1768,195151,215113,2158
2026-08-20 04:30:00,49.99,213125,264,5592,17288,0,27790,1936,159493,1940,1787,195837,215826,2115
2026-08-20 04:45:00,50.01,213737,259,5582,17205,0,27717,1940,160259,1938,1781,196532,216422,2131
2026-08-20 05:00:00,50.04,215301,9,5573,16730,196,27701,1994,162169,1913,1788,198375,218064,2096
2026-08-20 05:15:00,49.99,217989,10,5587,16330,227,28757,2055,164365,1894,1828,201432,221043,2125
2026-08-20 05:30:00,49.96,220096,42,5578,16050,212,29472,2037,165680,2118,1817,203834,222964,2136
2026-08-20 05:45:00,49.97,221885,59,5591,15646,230,29712,1985,167312,2882,1788,206009,225146,2112
2026-08-20 06:00:00,49.9,222351,58,5567,15276,277,30410,1982,167466,2994,1788,206798,225760,2114
2026-08-20 06:15:00,49.75,223969,71,5605,14794,391,31749,1993,167803,3270,1806,208784,227411,2113
2026-08-20 06:30:00,49.75,227075,93,5586,15010,1515,32714,1975,168465,3421,1805,210550,230491,2117
2026-08-20 06:45:00,49.96,229484,80,5596,15394,3332,32731,2081,168366,3342,1787,210758,232629,2114
2026-08-20 07:00:00,50.02,231343,90,5609,15359,6152,32714,2116,167381,3084,1805,209832,234220,2140
2026-08-20 07:15:00,50.02,232605,101,5606,14780,10031,31700,2112,166850,2385,1804,207794,235268,2158
2026-08-20 07:30:00,50.06,233437,104,5566,14380,15044,30615,2036,164646,1543,1787,204013,235617,2131
2026-08-20 07:45:00,50.09,233361,47,5574,14723,21105,29406,1975,159542,1053,1786,197533,235164,2175
2026-08-20 08:00:00,50.18,231773,143,5517,14839,27301,28455,1969,152410,1045,1775,189633,233311,2143
2026-08-20 08:15:00,50.0,234350,671,5474,15224,32437,28169,1949,149784,855,1778,186689,235670,2158
2026-08-20 08:30:00,50.05,237397,1459,5344,15908,36834,27681,1942,148541,849,1725,184655,238824,2178
2026-08-20 08:45:00,50.04,240042,2784,5341,16325,41538,27773,1901,146127,844,1736,182179,241585,2113
2026-08-20 09:00:00,50.08,242263,3620,5322,16804,46286,27345,1854,143454,833,1765,179173,243663,2158
2026-08-20 09:15:00,49.93,245953,4076,5305,17274,49563,27120,1845,143787,870,1733,179116,247497,2183
2026-08-20 09:30:00,49.96,247897,4063,5340,17666,53764,27291,1847,140512,873,1824,176467,249117,2076
2026-08-20 09:45:00,49.95,248326,4100,5280,17825,56664,27074,1847,138386,957,1776,173837,249809,2035
2026-08-20 10:00:00,50.02,248164,4165,5289,18040,59573,26890,1851,135111,920,1785,170551,249459,2025
2026-08-20 10:15:00,50.04,248198,4451,5261,18497,63361,27289,1842,131092,925,1772,166340,250039,2047
2026-08-20 10:30:00,50.04,247138,4477,5283,18872,65583,27081,1843,128033,926,1793,162683,249414,2048
2026-08-20 10:45:00,50.04,246389,4482,5268,19736,67648,26255,1829,125258,939,1793,159005,248726,2004
2026-08-20 11:00:00,49.97,245925,4672,5277,20103,68286,26329,1852,123790,948,1823,157536,248408,1997
2026-08-20 11:15:00,49.96,246033,5624,5279,20145,68494,26435,1856,122963,956,1785,157394,247913,2024
2026-08-20 11:30:00,49.99,245740,5682,5277,20656,70424,26463,1828,120618,923,1778,154660,247967,2159
2026-08-20 11:45:00,49.98,246292,6108,5270,21341,73492,26961,1852,117197,871,1802,151459,248786,2081
2026-08-20 12:00:00,50.0,245962,6154,5281,21854,73801,26897,1836,116039,861,1807,150307,248376,1903
2026-08-20 12:15:00,49.96,244712,6129,5285,22215,71894,26289,1862,116998,577,1828,150603,246948,1903
2026-08-20 12:30:00,50.06,245177,6221,5288,22473,73229,26266,1831,115664,660,1861,149475,247272,1943
2026-08-20 12:45:00,50.08,244374,6246,5300,22760,73335,26238,1823,114844,823,1886,148279,247009,1887
2026-08-20 13:00:00,50.1,243042,6247,5319,23133,71157,26466,1836,114552,840,1870,148752,245173,1858
2026-08-20 13:15:00,50.03,240542,6093,5298,23307,69161,26446,1821,113965,848,1769,148074,242615,1876
2026-08-20 13:30:00,50.05,240874,6024,5302,23732,69036,26416,1834,114380,852,1777,148106,243329,1912
2026-08-20 13:45:00,49.99,242176,5469,5303,24125,69283,26568,1840,114792,864,1880,148768,244655,1814
2026-08-20 14:00:00,49.98,243719,5008,5313,24871,68520,26908,1829,116080,873,1793,150328,246187,1819
2026-08-20 14:15:00,49.97,245173,4675,5332,25501,68265,26940,1829,117167,870,1849,151407,247753,1865
2026-08-20 14:30:00,49.97,247041,3808,5313,25913,66779,27243,1830,119832,878,1853,154349,249641,1891
2026-08-20 14:45:00,49.88,249232,3340,5308,26788,63746,27392,1851,123925,886,1858,158698,251754,1887
2026-08-20 15:00:00,50.01,251503,3090,5305,27001,62036,27358,1868,128228,861,1778,162466,254435,1770
2026-08-20 15:15:00,50.04,251163,3006,5354,27133,59977,27027,1897,129681,852,1781,164053,253702,1748
2026-08-20 15:30:00,50.02,253154,2691,5417,27708,57252,27401,1851,132732,857,1774,168194,254992,1789
2026-08-20 15:45:00,50.05,252257,2283,5412,28172,53914,27399,1825,135040,861,1783,170171,254406,1800
2026-08-20 16:00:00,49.99,250791,2167,5347,28363,50023,27647,1877,137305,873,1843,172405,253278,1782
2026-08-20 16:15:00,49.95,249303,1713,5360,28525,45544,27685,1944,139534,870,1787,175234,251249,1777
2026-08-20 16:30:00,49.94,249164,1460,5354,28907,41462,27656,1961,143024,877,1841,178795,251082,1769
2026-08-20 16:45:00,49.97,248422,971,5370,29158,36791,27993,2007,146205,1031,1815,182473,250370,1831
2026-08-20 17:00:00,50.03,246524,223,5371,29199,32320,28033,2035,148837,1021,1860,185005,248676,1975
2026-08-20 17:15:00,50.03,242492,221,5363,29609,27191,27948,2095,148678,1036,1823,185692,243743,1984
2026-08-20 17:30:00,50.09,241265,222,5382,29332,22419,27932,2303,153495,1250,1814,189514,243927,2003
2026-08-20 17:45:00,50.05,239807,224,5375,28973,17394,27616,2516,157293,1442,1799,193440,242408,1961
2026-08-20 18:00:00,50.05,239014,221,5426,28532,12582,28039,2942,160339,2133,1780,197900,241773,1896
2026-08-20 18:15:00,49.95,237299,220,5451,28268,8567,28611,3489,162040,2314,1769,200464,240509,1915
2026-08-20 18:30:00,49.93,239015,8,5409,27673,5363,29898,4193,165786,2473,1694,205979,242489,1839
2026-08-20 18:45:00,49.91,240224,3,5412,27099,3098,31141,4528,167796,2701,1704,210027,243479,1789
2026-08-20 19:00:00,49.9,242807,3,5411,26845,1418,33155,4941,169257,3493,1731,214544,246251,1723
2026-08-20 19:15:00,49.83,244770,1,5410,26721,697,34179,5255,169832,4393,1705,217352,248192,1790
2026-08-20 19:30:00,49.92,245907,1,5384,26606,0,34849,5313,170218,5382,1711,219301,249463,1742
2026-08-20 19:45:00,49.97,245279,1,5393,26386,0,34159,5436,170248,5313,1850,218893,248785,1832
2026-08-20 20:00:00,50.05,243703,0,5428,26418,0,33872,5350,168994,5189,1912,217285,247163,1827
2026-08-20 20:15:00,49.98,243138,0,5429,26472,0,33386,5424,168869,4976,1848,216666,246404,1800
2026-08-20 20:30:00,49.86,242985,0,5402,26009,0,33329,5456,169189,4944,1852,216976,246181,1816
2026-08-20 20:45:00,49.89,242655,3,5406,25775,0,33328,5423,169340,4841,1896,216880,246009,1824
2026-08-20 21:00:00,50.04,241521,2,5403,25500,0,32960,5569,168794,4701,1925,216021,244852,1866
2026-08-20 21:15:00,50.0,241548,2,5437,25089,0,33142,5564,168937,5081,1934,216459,245184,1805
2026-08-20 21:30:00,49.92,241986,1,5460,24671,0,33076,5577,169698,5175,1912,217315,245569,1874
2026-08-20 21:45:00,50.01,241233,1,5469,24538,0,33093,5606,169024,5186,1939,216695,244855,1892
2026-08-20 22:00:00,50.02,240752,1,5485,23947,0,33071,5641,169095,5223,1870,216805,244332,1910
2026-08-20 22:15:00,49.87,241009,1,5461,23300,0,33282,5060,170186,5377,1850,217709,244516,1746
2026-08-20 22:30:00,49.94,240904,1,5496,23225,0,32986,5513,170057,5456,1821,217679,244554,1675
2026-08-20 22:45:00,49.85,240916,1,5485,22885,0,32847,5885,170051,5549,1786,218031,244488,1633
2026-08-20 23:00:00,49.98,239617,1,5490,22482,0,32406,5850,169644,5477,1828,217135,243177,1631
2026-08-20 23:15:00,49.97,238882,1,5533,22486,0,32494,5813,168980,5316,1933,216396,242555,1628
2026-08-20 23:30:00,49.94,238177,1,5539,22042,0,32328,5796,169124,5187,1977,216135,241993,1636
2026-08-20 23:45:00,49.9,237152,1,5546,21530,0,32012,5389,169459,5089,1940,215622,240965,1673
2026-08-21 00:00:00,49.97,234648,1,5533,20972,0,31558,4407,168932,4832,1895,213676,238129,1620
2026-08-21 00:15:00,49.99,231805,6,5521,20687,0,30426,4202,168631,4322,1935,211118,235724,1625
2026-08-21 00:30:00,50.01,230038,7,5519,20250,0,30026,3988,168054,3950,1910,209788,233697,1613
2026-08-21 00:45:00,49.97,229668,7,5539,19991,0,30396,3245,168377,3818,1924,209677,233290,1615
2026-08-21 01:00:00,50.03,228440,15,5575,19671,0,30097,3176,168052,3651,1889,208769,232111,1586
2026-08-21 01:15:00,50.02,226806,21,5588,19515,0,29782,3115,167956,2526,1892,207291,230374,1592
2026-08-21 01:30:00,50.02,225139,21,5573,19435,0,29587,2993,167764,2547,1895,205704,229794,1588
2026-08-21 01:45:00,50.03,223853,20,5580,19365,0,29135,2916,167097,2432,1878,204488,228403,1673
2026-08-21 02:00:00,50.06,223194,223,5575,19340,0,28743,2880,165933,2353,1875,203854,226699,1680
2026-08-21 02:15:00,50.04,222266,696,5595,19364,0,28275,2833,165695,2278,1886,202902,225926,1662
2026-08-21 02:30:00,50.04,222128,802,5599,19462,0,27616,2816,165996,2310,1873,202666,225672,1648
2026-08-21 02:45:00,49.97,221717,1015,5589,19366,0,27223,2804,165900,2346,1890,202351,225118,1666
2026-08-21 03:00:00,50.04,221005,1299,5597,19044,0,26852,2833,166150,2253,1822,201961,224551,1710
2026-08-21 03:15:00,49.93,220665,551,5605,18996,0,26773,2870,165768,2138,1928,201669,224078,1681
2026-08-21 03:30:00,50.02,220106,677,5622,18840,0,26796,2797,165574,2054,1924,201266,223607,1682
2026-08-21 03:45:00,50.04,219481,1345,5636,18589,0,26603,2812,165426,2006,1931,200892,223003,1703
2026-08-21 04:00:00,50.06,218906,1349,5633,18365,0,26501,2782,164907,1973,1935,200541,222096,1739
2026-08-21 04:15:00,50.04,220164,1188,5622,18332,0,27125,2782,165678,2065,1895,201832,223499,1792
2026-08-21 04:30:00,50.05,219977,1165,5632,18055,0,27573,2787,165251,2211,1905,201922,223414,1787
2026-08-21 04:45:00,50.03,220224,844,5624,17944,0,27848,2701,165293,2214,1999,202280,223623,1768
2026-08-21 05:00:00,50.01,221496,803,5614,17750,305,28128,2603,166755,2247,1956,203441,225358,1808
2026-08-21 05:15:00,49.96,222605,15,5623,17562,333,28465,2525,167845,2417,1896,204710,226666,1883
2026-08-21 05:30:00,49.97,224507,37,5598,17377,317,29475,2419,168821,2687,1907,206813,228601,1866
2026-08-21 05:45:00,50.01,225686,38,5648,17262,338,29361,2218,168509,4742,1903,208086,229981,1865
2026-08-21 06:00:00,50.02,226936,59,5624,17516,351,30065,2115,169087,4790,1944,209069,231492,1812
2026-08-21 06:15:00,49.85,228424,64,5642,17407,461,31056,2061,169520,4919,1943,210556,233009,1858
2026-08-21 06:30:00,49.92,231694,60,5673,17397,1703,32605,2101,169655,4875,2018,212594,236027,1770
2026-08-21 06:45:00,50.01,233334,81,5641,17197,3665,32628,2077,169421,4796,2016,212472,237441,1828
2026-08-21 07:00:00,50.02,233568,110,5677,16903,7026,31977,2088,168070,3760,1987,209639,237488,1847
2026-08-21 07:15:00,50.04,235444,124,5697,16466,10790,31449,2078,167565,2949,1987,208188,238981,1856
2026-08-21 07:30:00,50.06,235176,141,5663,16445,15359,30182,2009,165038,1646,1945,203372,238287,1852
2026-08-21 07:45:00,50.03,234945,66,5635,16737,20380,29042,1931,160560,1518,1965,197828,237768,1890
2026-08-21 08:00:00,50.07,233576,164,5662,16958,26078,27382,1879,154813,1474,1944,190540,236190,1933
2026-08-21 08:15:00,49.95,236829,484,5678,17553,31347,26585,1902,153405,1057,1936,187929,239463,1872
2026-08-21 08:30:00,49.95,239574,1271,5673,18140,36560,26510,1850,150500,904,1867,184874,242004,1877
2026-08-21 08:45:00,49.94,242485,2448,5653,18936,41233,26349,1850,147579,901,1920,182316,244421,1817
2026-08-21 09:00:00,50.07,244558,3208,5665,19337,46530,25755,1834,144725,857,1879,178691,246582,1727
2026-08-21 09:15:00,50.01,249207,3894,5631,20076,50918,26075,1827,144152,872,1915,178213,251466,1666
2026-08-21 09:30:00,50.02,251186,3918,5682,20897,55629,26117,1830,140727,865,1972,174660,253719,1731
2026-08-21 09:45:00,49.99,252858,4022,5615,21009,60286,25927,1809,137642,921,1834,171563,255043,1841
2026-08-21 10:00:00,49.97,252225,4054,5637,21356,62402,25750,1804,134583,659,1873,168467,254064,1828
2026-08-21 10:15:00,49.98,252081,4053,5619,21659,64670,25334,1824,132276,640,1828,165752,253850,1869
2026-08-21 10:30:00,49.97,251861,4071,5588,21982,66498,25244,1843,130428,633,1856,163381,254072,1784
2026-08-21 10:45:00,50.03,252462,4144,5601,21820,69476,25264,1836,128119,611,1867,161166,254594,1768
2026-08-21 11:00:00,49.96,252934,4183,5588,22336,70650,25557,1803,126856,633,1866,159948,255289,1770
2026-08-21 11:15:00,49.96,252903,5598,5612,22720,71494,25292,1790,125592,638,1916,158689,255054,1799
2026-08-21 11:30:00,50.01,253127,5833,5628,22912,72080,25685,1794,124464,778,1849,158135,255190,1764
2026-08-21 11:45:00,49.97,253885,6097,5617,23154,72057,26208,1813,124008,792,1927,158674,255576,1770
2026-08-21 12:00:00,50.0,253295,4559,5672,23301,72253,26166,1799,123082,786,2001,157741,255060,1715
2026-08-21 12:15:00,49.92,252039,5979,5662,23294,72300,25735,1809,122797,811,1917,156445,254325,1705
2026-08-21 12:30:00,49.89,251812,6032,5650,23455,71644,25546,1794,122867,784,1908,156713,253648,1766
2026-08-21 12:45:00,49.82,252641,6010,5623,23780,71260,25523,1772,123229,768,2021,157601,253976,1657
2026-08-21 13:00:00,50.03,250299,6095,5608,24188,70905,25668,1773,121617,739,1936,155206,252434,1691
2026-08-21 13:15:00,49.99,247551,6063,5643,24419,71311,24769,1801,118872,738,1932,151821,249485,1754
2026-08-21 13:30:00,50.06,248449,5882,5582,25021,70558,24566,1806,120451,734,1939,152870,250657,1750
2026-08-21 13:45:00,50.07,250407,5676,5589,25487,70164,24528,1807,122302,735,1884,154756,252496,1760
2026-08-21 14:00:00,50.07,251502,4767,5609,25841,69123,24599,1800,124335,740,1811,156538,253858,1716
2026-08-21 14:15:00,50.08,252041,3809,5611,26301,67803,24401,1787,125832,1256,1874,157937,254865,1724
2026-08-21 14:30:00,50.14,254724,3421,5642,26642,67382,24252,1798,128696,1229,1907,160700,257548,1715
2026-08-21 14:45:00,49.97,255869,3158,5622,26589,65307,24667,1796,132192,735,1854,163973,258762,1717
2026-08-21 15:00:00,50.02,257546,2949,5598,26746,63097,24879,1797,135569,730,1879,167703,260295,1809
2026-08-21 15:15:00,49.97,257032,2956,5645,26927,60384,24979,1867,137705,737,1904,169721,260148,1797
2026-08-21 15:30:00,49.97,258187,2941,5675,26947,58327,25119,1881,140902,874,1802,172913,261527,1794
2026-08-21 15:45:00,49.97,257672,2674,5672,27035,55394,24972,1881,143723,979,1771,175243,261427,1790
2026-08-21 16:00:00,49.98,258012,2861,5677,26746,52785,25320,1973,146066,916,1760,178481,261243,1844
2026-08-21 16:15:00,50.02,254984,2620,5684,26542,49065,25067,2005,147063,899,1832,179377,258157,1833
2026-08-21 16:30:00,50.01,254785,1944,5667,26717,44711,25500,2019,150825,925,1837,183357,258201,1809
2026-08-21 16:45:00,50.03,253173,1199,5677,26719,39691,25642,2147,153722,898,1851,186763,256347,1993
2026-08-21 17:00:00,49.94,250357,929,5653,26646,34684,25827,2159,156376,945,1812,189027,254102,2032
2026-08-21 17:15:00,50.08,246608,924,5670,26340,31712,25952,2143,157029,945,1881,188556,251672,1860
2026-08-21 17:30:00,50.08,245431,918,5642,26485,28595,26123,2352,159202,800,1904,190351,251103,1915
2026-08-21 17:45:00,50.08,244444,916,5668,25887,26162,27771,2475,160037,917,1901,192395,250818,1944
2026-08-21 18:00:00,50.05,243446,710,5633,26957,14312,28528,2954,164231,2115,1847,202177,246577,1891
2026-08-21 18:15:00,49.95,241047,32,5601,27107,10405,29206,3505,163823,2658,1837,203535,244142,1903
2026-08-21 18:30:00,49.92,241972,15,5636,27046,7151,30983,3924,166043,2795,1762,207775,245340,1881
2026-08-21 18:45:00,49.95,244213,7,5601,27350,4836,33233,4219,167801,3509,1773,212027,248322,1860
2026-08-21 19:00:00,49.9,244801,6,5617,27054,2014,33969,4996,169413,3433,1780,215733,248276,1850
2026-08-21 19:15:00,49.7,246884,5,5612,26934,1196,34657,5400,170410,4669,1807,218754,250685,1957
2026-08-21 19:30:00,49.79,247463,2,5596,26919,0,34769,5629,171070,4585,1835,220544,250403,2041
2026-08-21 19:45:00,49.88,246780,4,5595,26668,0,34647,5658,170953,4462,1855,220112,249838,1987
2026-08-21 20:00:00,50.05,245769,1,5626,26406,0,34393,5709,170240,4501,1842,219363,248717,1935
2026-08-21 20:15:00,49.96,245061,1,5633,26127,0,34064,5748,170080,4557,1900,218934,248109,1961
2026-08-21 20:30:00,49.93,244501,1,5609,26371,0,32807,5837,170435,4581,1883,218130,247523,1959
2026-08-21 20:45:00,50.02,243818,1,5600,26245,0,32441,5908,170218,4507,1902,217573,246821,2001
2026-08-21 21:00:00,49.93,243179,1,5618,26227,0,31718,5962,170124,4405,1895,216952,245949,1979
2026-08-21 21:15:00,49.99,243233,1,5652,26085,0,31899,6013,169930,4543,1852,217148,245974,1989
2026-08-21 21:30:00,49.99,242813,1,5613,25840,0,32067,6024,169588,4543,1855,216973,245530,2002
2026-08-21 21:45:00,49.96,243117,1,5634,25496,0,32430,6103,169570,4527,1968,217621,245728,2001
2026-08-21 22:00:00,50.02,242200,1,5596,25216,0,32520,6140,168474,4803,1878,216984,244627,1983
2026-08-21 22:15:00,49.96,243704,0,5637,25227,0,31994,6141,170033,5219,1908,218477,246159,1990
2026-08-21 22:30:00,50.01,243441,0,5637,25206,0,32156,6178,169690,5176,1932,218235,245975,1960
2026-08-21 22:45:00,50.04,243180,0,5646,25176,0,32201,6190,169565,5124,1921,218004,245823,1998
2026-08-21 23:00:00,50.04,241992,0,5666,25140,0,31656,6179,168825,5335,1917,216852,244718,2015
2026-08-21 23:15:00,50.02,240863,0,5686,24903,0,30959,6048,168823,4982,2008,215960,243409,2038
2026-08-21 23:30:00,50.05,239247,0,5679,24548,0,30743,5985,167843,5170,1984,214699,241952,2008
2026-08-21 23:45:00,50.03,238318,0,5679,24452,0,30005,5969,167701,4095,1932,213866,239833,2029
2026-08-22 00:00:00,50.03,236506,0,5680,24134,0,29676,5212,167338,3936,1970,212372,237946,2053
2026-08-22 00:15:00,50.0,235690,9,5655,23995,0,29261,5083,168369,4179,1961,211695,238503,2056
2026-08-22 00:30:00,50.03,234531,7,5680,24113,0,29059,4916,167774,3691,2184,210418,237417,2017
2026-08-22 00:45:00,50.0,233416,7,5682,24200,0,29258,3724,167829,3461,2055,209216,236209,2004
2026-08-22 01:00:00,50.05,231451,6,5700,24315,0,29081,3610,166312,3415,2046,207136,234479,1992
2026-08-22 01:15:00,50.02,229373,10,5681,24513,0,27750,3447,166307,2726,2055,204860,232479,1802
2026-08-22 01:30:00,50.06,227616,115,5668,24173,0,27158,3371,165956,2702,1990,203443,231018,1782
2026-08-22 01:45:00,50.06,226333,225,5704,23907,0,26849,3377,165242,2324,2006,202426,229409,1781
2026-08-22 02:00:00,50.04,224757,236,5712,23766,0,26478,3224,164286,2347,2009,200991,227822,1782
2026-08-22 02:15:00,50.04,223435,507,5692,23627,0,25770,3136,164006,2239,2021,199808,226491,1805
2026-08-22 02:30:00,50.04,222153,524,5675,23171,0,26029,2971,163066,2250,1958,198982,225120,1815
2026-08-22 02:45:00,50.02,221613,547,5674,23274,0,26150,2936,162515,2022,1982,198339,224553,1797
2026-08-22 03:00:00,50.04,221059,1545,5670,23295,0,26119,2779,162680,1642,2024,197764,224209,1825
2026-08-22 03:15:00,49.97,221077,1709,5701,23405,0,25759,2727,163399,1503,1952,197672,224446,1830
2026-08-22 03:30:00,49.97,220342,1705,5694,23021,0,25869,2737,162805,1502,1997,197321,223625,1854
2026-08-22 03:45:00,50.01,218950,1710,5715,22446,0,25871,2734,161856,1453,1956,196504,222031,1865
2026-08-22 04:00:00,50.03,218134,363,5703,22137,0,25858,2729,161534,1300,1951,195997,221212,1872
2026-08-22 04:15:00,50.0,219023,1549,5681,22103,0,26598,2713,161650,1426,2013,196920,222184,1868
2026-08-22 04:30:00,49.92,219063,1502,5678,21353,0,27145,2800,161815,1498,2033,197710,222322,1867
2026-08-22 04:45:00,49.99,219516,1495,5716,20471,0,27225,2802,163076,1476,1975,199045,222741,1898
2026-08-22 05:00:00,50.02,220393,1330,5716,20323,288,27483,2752,163891,1668,1950,199782,224071,1899
2026-08-22 05:15:00,50.0,221951,19,5736,20404,338,28079,2731,164676,1682,1877,201209,225523,1881
2026-08-22 05:30:00,50.03,223832,17,5688,20430,566,29066,2686,165274,2116,1890,202836,227716,1924
2026-08-22 05:45:00,50.06,225313,8,5716,20177,578,29091,2582,164984,4277,1926,204558,229331,1919
2026-08-22 06:00:00,50.07,225841,5,5746,19809,604,30295,2247,164688,4319,1914,205428,229622,1915
2026-08-22 06:15:00,49.97,227562,50,5754,19408,836,31219,2118,165799,4151,1865,207318,231150,1949
2026-08-22 06:30:00,49.92,230372,61,5752,19232,1915,31677,2125,167158,2479,1832,209225,232170,1897
2026-08-22 06:45:00,50.0,231604,88,5732,19597,3947,31774,2125,166159,2486,1788,208060,233608,1968
2026-08-22 07:00:00,50.06,231179,95,5738,19419,7105,30807,2141,163780,2180,1813,204655,232983,1972
2026-08-22 07:15:00,50.06,232391,352,5761,18897,11023,29711,2140,163168,1855,1801,202471,234356,1958
2026-08-22 07:30:00,50.06,231860,353,5743,19152,15908,28525,2048,160169,990,1796,196800,234331,1979
2026-08-22 07:45:00,50.06,231558,534,5718,19796,21278,27800,2072,155228,765,1820,190484,234477,1978
2026-08-22 08:00:00,50.06,230671,825,5725,19920,26608,26775,2052,149920,751,1810,184143,233561,1941
2026-08-22 08:15:00,49.96,234169,1578,5721,20565,32085,26501,2037,147589,748,1863,181519,237109,1969
2026-08-22 08:30:00,49.94,236342,1949,5718,21145,37310,26110,2024,144303,746,1854,177887,239210,1996
2026-08-22 08:45:00,49.85,238713,2784,5720,22132,41575,25768,2011,141621,789,1888,175006,241504,2013
2026-08-22 09:00:00,50.05,241104,3071,5701,23545,46532,25288,1974,137855,766,1900,171027,243561,2009
2026-08-22 09:15:00,50.01,246125,3766,5710,23767,51936,25281,1982,137244,739,1883,170422,248542,1976
2026-08-22 09:30:00,50.0,249622,3798,5686,24328,56065,25709,1978,135483,742,1864,169229,251855,1970
2026-08-22 09:45:00,50.0,249844,3778,5699,25135,60001,26040,1980,130705,740,1862,164708,252162,1975
2026-08-22 10:00:00,49.96,249902,4052,5670,25551,62681,25737,1995,127946,755,1867,161670,252202,2010
2026-08-22 10:15:00,49.94,250261,4268,5664,25611,65700,25504,2010,125165,758,1860,158950,252272,2027
2026-08-22 10:30:00,49.94,249865,4321,5684,25749,67641,25424,1991,122740,744,1890,156475,251863,2065
2026-08-22 10:45:00,50.0,250179,4344,5691,26290,68405,25252,1977,121964,776,1884,155484,252239,2058
2026-08-22 11:00:00,50.02,250756,4388,5686,27285,70394,24861,2028,119761,673,1858,153077,252546,2080
2026-08-22 11:15:00,49.98,250593,4421,5675,27495,71462,24923,2005,118134,659,1896,151636,252249,2033
2026-08-22 11:30:00,49.96,251591,4464,5699,27328,71383,25092,2044,119164,617,1903,152880,253230,1881
2026-08-22 11:45:00,49.91,251314,4435,5660,27540,71351,24992,2003,118929,492,1925,152423,252892,1967
2026-08-22 12:00:00,49.97,250947,4409,5610,27968,70707,24865,1993,119099,309,1885,152272,252436,1981
2026-08-22 12:15:00,49.97,250854,4419,5656,27850,71942,24515,2021,118870,306,1942,151062,253102,1932
2026-08-22 12:30:00,49.98,250924,4183,5682,28222,71850,24655,2030,118563,304,1937,150852,253243,1963
2026-08-22 12:45:00,49.94,250335,4170,5674,28103,70349,24568,1972,119557,314,1852,151883,252389,2025
2026-08-22 13:00:00,49.99,248550,4178,5689,28280,69492,24610,1947,118280,442,1883,150778,250623,2051
2026-08-22 13:15:00,49.99,246060,4074,5729,28387,69004,24656,1950,116413,442,1841,148669,248422,1960
2026-08-22 13:30:00,49.99,246924,4122,5728,28421,67659,24449,1933,118569,447,1835,150844,249041,1882
2026-08-22 13:45:00,49.94,248950,4033,5751,29031,66781,24360,1969,121363,453,1868,153138,251576,1914
2026-08-22 14:00:00,50.03,249985,3857,5772,29156,67237,24522,1921,121583,638,1822,153592,252651,2046
2026-08-22 14:15:00,50.01,250611,3666,5766,29302,66612,24652,1934,122582,665,1859,154697,253372,2038
2026-08-22 14:30:00,49.94,253500,3553,5752,29352,64331,24557,1932,128002,728,1801,159817,256455,2021
2026-08-22 14:45:00,49.96,254728,3192,5778,29515,61916,24733,1913,131245,708,1813,163297,257621,2008
2026-08-22 15:00:00,49.9,255594,2958,5749,29766,58589,24855,1917,134635,738,1858,167239,258107,2285
2026-08-22 15:15:00,50.01,255495,2722,5778,29664,56008,24948,1924,137290,761,1780,169823,258153,2300
2026-08-22 15:30:00,50.0,256086,2473,5820,29377,54553,24655,1942,140357,763,1794,172156,259261,2044
2026-08-22 15:45:00,50.01,256023,2204,5838,29364,52206,24689,1929,142651,696,1799,174453,259172,2072
2026-08-22 16:00:00,50.02,254528,1962,5820,29294,48799,25059,1924,144427,702,1797,176435,257822,1844
2026-08-22 16:15:00,50.05,251424,1547,5869,29359,44520,24599,2086,145715,684,1805,177545,254637,1810
2026-08-22 16:30:00,50.04,250398,1172,5869,29197,40939,24490,2204,149177,694,1810,180262,254380,1885
2026-08-22 16:45:00,49.99,249098,1155,5838,29223,36000,24383,2305,151894,576,1826,183875,252045,1897
2026-08-22 17:00:00,49.99,247242,398,5857,29407,30914,24767,2465,154332,784,1878,186921,250404,1887
2026-08-22 17:15:00,50.01,241916,148,5914,29489,25355,24750,2596,154167,889,1841,187072,245001,1904
2026-08-22 17:30:00,49.98,240604,146,5900,29581,20157,25629,2796,154882,1209,1848,190866,242002,1946
2026-08-22 17:45:00,50.01,239748,152,5924,29271,15595,26817,2988,159405,1174,1849,194882,243023,1876
2026-08-22 18:00:00,50.1,238812,144,5938,28904,11449,28433,3469,160524,1796,1841,198459,242354,1807
2026-08-22 18:15:00,49.99,236673,139,5982,28648,7961,29082,4195,161151,2213,1838,200064,241070,1780
2026-08-22 18:30:00,49.98,237776,5,5970,27953,5069,30759,5011,163529,2247,1786,204754,242324,1922
2026-08-22 18:45:00,49.94,239584,59,5961,27298,3172,32639,5700,164692,2703,1772,209114,243937,1909
2026-08-22 19:00:00,49.92,241070,78,5920,26699,1834,33977,6278,165708,3403,1798,212537,245617,1876
2026-08-22 19:15:00,49.65,242163,66,5921,25596,1149,34742,6384,166754,4040,1847,215418,246433,2025
2026-08-22 19:30:00,49.79,241689,74,5941,24663,0,34656,6276,167184,4210,1831,217026,244761,2145
2026-08-22 19:45:00,49.9,240987,74,5969,24083,0,34366,6375,167001,3748,1833,216904,243375,2158
2026-08-22 20:00:00,50.0,240193,74,5945,23611,0,34382,6350,166933,3630,1864,216582,242715,2109
2026-08-22 20:15:00,49.92,239803,74,5955,23227,0,34422,6414,166782,3713,1836,216576,242349,2166
2026-08-22 20:30:00,49.87,238275,70,5952,22443,0,33690,6475,166815,3735,1883,215832,240993,2096
2026-08-22 20:45:00,49.75,238355,0,5945,21686,0,33705,6515,167570,3582,1911,216669,240914,2097
2026-08-22 21:00:00,49.96,236368,0,5955,21258,0,33274,6478,166963,3868,1851,215110,239647,2117
2026-08-22 21:15:00,49.93,236756,0,5930,21133,0,33632,6485,167070,4089,1845,215623,240184,2137
2026-08-22 21:30:00,49.9,236915,0,5934,20882,0,33746,6504,167273,4210,1900,216033,240449,2278
2026-08-22 21:45:00,49.93,236857,0,5934,20332,0,33930,6483,167265,4437,1888,216525,240269,2299
2026-08-22 22:00:00,49.86,236341,0,5941,19575,0,34002,6518,167188,4315,1891,216766,239430,2230
2026-08-22 22:15:00,49.73,236227,0,5985,18909,0,34140,6530,167039,4496,1843,217318,238942,2258
2026-08-22 22:30:00,49.69,235623,0,5960,18028,0,34103,6547,167404,4325,1848,217595,238215,2247
2026-08-22 22:45:00,49.8,235521,0,5954,17672,0,33935,6554,167571,4351,1863,217849,237900,2235
2026-08-22 23:00:00,49.98,234122,0,5993,17716,0,33272,6545,166792,4262,1864,216406,236444,2200
2026-08-22 23:15:00,49.87,233763,0,5996,17689,0,32871,6514,167255,4233,1889,216074,236447,2247
2026-08-22 23:30:00,49.85,232964,0,6011,17363,0,32349,6545,167608,4392,1868,215601,236136,2230
2026-08-22 23:45:00,49.96,232502,0,6002,17346,0,31857,6477,167680,4560,1890,215156,235812,2246
2026-08-23 00:00:00,50.0,231235,0,5987,17222,0,31294,6413,167087,4300,1845,214013,234148,2296
2026-08-23 00:15:00,49.86,230183,6,5978,17249,0,31228,6059,167406,3648,1855,212934,233423,2182
2026-08-23 00:30:00,49.82,228935,7,6022,17505,0,30919,4955,167239,3999,1861,211430,232500,2118
2026-08-23 00:45:00,49.73,228194,7,6016,17391,0,31124,3919,167579,3700,1970,210803,231699,2206
2026-08-23 01:00:00,49.79,227073,6,5977,17187,0,31173,3710,167158,3608,1906,209886,230719,2140
2026-08-23 01:15:00,49.86,225997,5,6005,17047,0,30965,3690,167358,2229,1902,208950,229196,2145
2026-08-23 01:30:00,49.86,225126,11,5990,16926,0,30529,3608,167130,2407,1934,208200,228524,2118
2026-08-23 01:45:00,49.95,223909,5,5976,16886,0,29958,3492,166861,2370,1945,207023,227488,2040
2026-08-23 02:00:00,49.97,223196,7,5997,16566,0,29757,3447,166772,2496,1892,206630,226927,1992
2026-08-23 02:15:00,49.84,222517,3,5969,16255,0,29319,3378,166939,2392,1967,206262,226219,2001
2026-08-23 02:30:00,49.88,221554,8,6002,16044,0,28798,3311,166873,2402,1949,205510,225379,1939
2026-08-23 02:45:00,49.85,221128,390,5980,15915,0,28917,3235,166807,2153,1884,205213,224891,1938
2026-08-23 03:00:00,49.95,220715,410,5988,15994,0,28443,3217,166861,2102,1884,204721,224489,1936
2026-08-23 03:15:00,49.9,220076,580,6013,16001,0,28248,2814,166861,1976,1930,204075,223843,1958
2026-08-23 03:30:00,49.99,219623,732,5994,16223,0,28034,2600,166730,1923,1868,203400,223372,1972
2026-08-23 03:45:00,50.0,219517,737,6012,15990,0,28251,2602,166606,1843,1883,203527,223187,1972
2026-08-23 04:00:00,50.01,218422,788,6003,15665,0,28302,2497,166121,1929,1809,202757,222326,1995
2026-08-23 04:15:00,49.99,219186,62,6023,15429,0,28954,2494,166311,1879,1840,203757,222930,2033
2026-08-23 04:30:00,50.03,219613,776,5999,15364,0,29061,2482,166684,1989,1871,204249,223450,2063
2026-08-23 04:45:00,49.94,220103,697,6024,15345,0,29279,2429,166935,2067,1868,204758,223947,2031
2026-08-23 05:00:00,50.04,220504,620,6021,15581,305,29610,2350,167147,1971,1829,204618,224814,2052
2026-08-23 05:15:00,50.0,221042,314,6010,15639,338,29944,2285,167285,2057,1907,205065,225465,2052
2026-08-23 05:30:00,50.02,221568,336,6027,15516,638,30585,2188,167190,1861,1865,205414,225870,2070
2026-08-23 05:45:00,50.04,222342,356,5984,15623,390,30207,2110,167345,2805,1886,206329,226350,2086
2026-08-23 06:00:00,50.05,221511,356,6008,15394,409,30116,2087,166398,2991,1853,205708,225256,2076
2026-08-23 06:15:00,49.97,222589,608,6051,15574,838,30404,2090,166485,2229,1850,206177,225521,2069
2026-08-23 06:30:00,50.04,223855,614,6053,15890,1761,31002,2067,165806,2445,1852,206204,226876,2072
2026-08-23 06:45:00,50.02,223892,609,6028,16083,3782,30962,2066,163889,1969,1818,204027,226597,2091
2026-08-23 07:00:00,50.0,223754,614,6077,15682,6743,29775,2050,162558,1644,1848,201329,226377,2021
2026-08-23 07:15:00,50.0,225882,638,6046,15338,10818,28339,2000,162732,984,1877,199726,228134,2062
2026-08-23 07:30:00,50.01,225513,604,6063,15471,15770,26958,2027,159282,586,1870,194272,228027,2067
2026-08-23 07:45:00,50.05,225898,574,6058,15723,21471,27585,1936,153368,534,1878,188704,228553,2027
2026-08-23 08:00:00,50.07,225844,726,6071,16179,27278,27052,1913,146838,686,1889,182387,227906,2007
2026-08-23 08:15:00,49.96,228480,1358,6091,17159,32675,26808,1905,143373,720,1913,178646,230644,1927
2026-08-23 08:30:00,49.88,231987,2497,6049,18378,37747,26784,1880,139685,754,1852,175862,233129,1952
2026-08-23 08:45:00,49.95,234568,3210,6081,19494,42456,26594,1842,137176,786,1811,172618,236240,1940
2026-08-23 09:00:00,50.09,235061,3639,6054,20637,46912,26033,1836,133106,733,1816,167512,237127,1954
2026-08-23 09:15:00,49.98,239010,4415,6059,21610,49852,25792,1828,133264,632,1925,167548,240962,1950
2026-08-23 09:30:00,50.01,239511,4373,6044,22255,52935,25486,1835,129991,628,1828,164321,241002,1942
2026-08-23 09:45:00,50.0,239696,4226,6037,22969,55523,24946,1841,127849,585,1829,161204,241579,1906
2026-08-23 10:00:00,49.96,239415,4146,6034,23719,57955,24767,1828,124494,497,1877,157741,241171,1917
2026-08-23 10:15:00,49.89,238944,4126,6051,24039,59664,23757,1861,122896,4,1839,155241,240111,1909
2026-08-23 10:30:00,49.88,238883,4150,6030,24127,60472,23622,1843,122066,3,1879,154284,240042,1863
2026-08-23 10:45:00,49.92,239015,4157,6020,24427,60407,23708,1825,121602,3,1858,154181,239850,1879
2026-08-23 11:00:00,49.97,239825,4212,6024,24531,60463,24054,1841,122098,3,1876,154831,240890,1903
2026-08-23 11:15:00,49.97,239995,4151,6052,24342,60346,24025,1857,122700,55,1860,155307,241237,1934
2026-08-23 11:30:00,50.03,240233,4233,6027,24929,60755,23801,1841,122292,28,1841,154549,241514,1929
2026-08-23 11:45:00,49.94,239894,4096,6035,25488,57971,23903,1863,124030,32,1901,156435,241223,1910
2026-08-23 12:00:00,49.94,238336,4121,5995,25404,55345,23976,1846,125310,32,1849,157587,239757,1912
2026-08-23 12:15:00,49.94,238135,4090,5988,24638,55029,23894,1861,126208,183,1826,158468,239627,1867
2026-08-23 12:30:00,50.07,238709,4167,6022,24448,55793,23908,1864,126661,131,1836,158468,240663,1772
2026-08-23 12:45:00,50.05,238754,4134,6030,24439,56104,24103,1864,126070,3,1812,158211,240425,1785
2026-08-23 13:00:00,50.23,238443,4107,6012,24811,56938,23634,1877,125002,3,1822,156694,240099,1759
2026-08-23 13:15:00,50.26,237327,4134,6026,25247,57282,23336,1881,123428,3,1806,154798,239009,1818
2026-08-23 13:30:00,50.26,237313,4115,6024,25277,58160,23221,1895,122578,3,1906,153876,239064,1848
2026-08-23 13:45:00,50.15,236745,3847,6041,25755,57638,23359,1874,121882,3,1882,153352,238434,1834
2026-08-23 14:00:00,50.16,236607,3759,6002,26495,57521,23265,1846,121907,3,1829,152591,238868,1817
2026-08-23 14:15:00,50.08,236284,3648,6026,26225,55847,23667,1833,123175,3,1825,154212,238601,1849
2026-08-23 14:30:00,50.09,236682,3380,6028,26283,55406,23440,1828,124071,3,1818,154993,238877,1835
2026-08-23 14:45:00,49.97,236674,3111,6006,26546,54069,23727,1831,124147,3,1883,156059,238212,1863
2026-08-23 15:00:00,49.92,236710,3015,6014,26741,52159,23870,1822,125418,3,1881,157810,237908,1876
2026-08-23 15:15:00,49.93,235387,2765,5990,26586,50354,23808,1829,126518,3,1873,158447,236961,1902
2026-08-23 15:30:00,49.86,236340,2744,6012,26833,47326,23974,1830,130116,2,1861,162181,237954,1898
2026-08-23 15:45:00,49.64,233688,2420,5984,26997,41649,24224,1810,133001,3,1872,165042,235540,1842
2026-08-23 16:00:00,49.8,233410,2010,6004,27454,37446,24217,1805,137350,2,1917,168510,236195,1692
2026-08-23 16:15:00,50.0,231979,1805,5990,27390,34768,23962,1781,138370,3,1916,169821,234180,1804
2026-08-23 16:30:00,50.04,230798,1557,6019,26886,31718,23946,1786,140891,3,1951,172194,233200,1746
2026-08-23 16:45:00,50.05,228628,746,5970,26805,28587,23416,1820,142639,6,1919,173236,231162,1933
2026-08-23 17:00:00,50.05,226543,495,5985,26273,24172,23586,1824,144890,215,1948,176098,228893,1981
2026-08-23 17:15:00,50.04,222502,246,5940,25925,20091,23714,1882,145285,444,1948,176486,225229,1880
2026-08-23 17:30:00,49.99,220268,243,5987,25777,15997,23815,1950,147540,735,1910,178494,223711,1744
2026-08-23 17:45:00,50.03,219710,242,5952,25224,12366,24030,2091,150972,720,1907,182120,223262,1717
2026-08-23 18:00:00,50.11,218707,10,5953,24698,9175,24858,2096,152295,1506,1886,184834,222467,1681
2026-08-23 18:15:00,50.03,218914,10,5964,24281,6145,25998,2243,153983,1589,1893,188488,222096,1780
2026-08-23 18:30:00,50.05,221491,10,5965,23521,3928,27167,2422,158446,1750,1845,194042,225044,1714
2026-08-23 18:45:00,49.94,223882,10,5938,22509,2121,28446,2668,161460,2486,1820,199252,227448,1863
2026-08-23 19:00:00,49.93,226294,5,5937,22243,1100,29620,2891,163523,2875,1843,202951,230032,1788
2026-08-23 19:15:00,49.85,229708,2,5962,21807,376,31243,3139,165585,3648,1843,207525,233603,1719
2026-08-23 19:30:00,49.86,231395,1,5955,21317,0,32119,3182,166689,3662,1879,210078,234803,1752
2026-08-23 19:45:00,49.91,232029,4,5966,21028,0,33073,3193,166785,3547,1886,211001,235478,1801
2026-08-23 20:00:00,49.96,231598,5,5969,20934,0,32578,3218,166889,3437,1873,210664,234898,1802
2026-08-23 20:15:00,49.92,230336,3,5966,20635,0,32007,2982,166683,3477,1873,209701,233623,1782
2026-08-23 20:30:00,49.94,230916,5,5948,20467,0,32440,2960,167179,3488,1864,210449,234346,1828
2026-08-23 20:45:00,49.94,231445,5,5960,20277,0,32723,2988,167277,3559,1892,211168,234676,1854
2026-08-23 21:00:00,50.01,230209,3,5967,19915,0,32175,2978,167370,3488,1895,210294,233788,1807
2026-08-23 21:15:00,49.95,230063,3,5949,19563,0,31819,3037,167269,3647,1855,210500,233139,1825
2026-08-23 21:30:00,49.84,230031,9,5967,19239,0,32181,3022,166560,3841,1876,210792,232686,1834
2026-08-23 21:45:00,49.82,229515,27,5961,19031,0,32144,3015,166635,3893,1864,210484,232543,1865
2026-08-23 22:00:00,49.96,228920,46,5930,18911,0,31704,2993,166350,3841,1914,210009,231643,1821
2026-08-23 22:15:00,49.9,230036,55,5945,18809,0,31866,3032,167072,3970,1914,211227,232608,1847
2026-08-23 22:30:00,49.96,229639,54,5956,18780,0,31578,2991,166893,4035,1898,210859,232131,1940
2026-08-23 22:45:00,49.86,229027,74,5936,18718,0,31272,3010,166979,4090,1901,210309,231906,1910
2026-08-23 23:00:00,49.9,228645,74,5957,18953,0,30722,3006,166726,4157,1899,209692,231420,1892
2026-08-23 23:15:00,49.94,227109,38,5944,18953,0,30233,3006,166051,3972,1896,208156,230055,1894
2026-08-23 23:30:00,50.0,226059,11,5948,18978,0,29946,2998,165358,3863,1936,207081,229027,1931
2026-08-23 23:45:00,50.01,225658,9,5962,18865,0,29752,3001,165139,3737,1910,206793,228366,1920
2026-08-24 00:00:00,50.06,223674,0,5969,19177,0,29232,2983,163744,3742,1874,204497,226721,1938
2026-08-24 00:15:00,50.05,223162,4,5961,19359,0,29265,2784,163693,3462,1888,203803,226412,1915
2026-08-24 00:30:00,50.04,222052,4,5975,19458,0,29272,2709,162626,3286,1955,202594,225281,1957
2026-08-24 00:45:00,50.05,219622,2,5967,19097,0,28633,2503,161872,2855,1955,200525,222882,1965
2026-08-24 01:00:00,50.02,218006,2,5981,19008,0,28282,2430,160845,2686,1980,198998,221212,1965
2026-08-24 01:15:00,50.03,216278,1,5950,18854,0,26979,2383,161297,2277,1949,197424,219689,1991
2026-08-24 01:30:00,50.01,214851,41,5961,18922,0,27015,2252,159995,2185,1968,195929,218298,1978
2026-08-24 01:45:00,50.0,213443,42,5985,18727,0,26362,2244,159729,1763,1965,194716,216775,2020
2026-08-24 02:00:00,50.03,211796,41,5995,18177,0,26080,2206,159331,1611,1959,193619,215359,1992
2026-08-24 02:15:00,50.0,210213,42,5968,17757,0,25844,2190,158807,1405,1974,192456,213945,1988
2026-08-24 02:30:00,49.95,208970,42,5962,17634,0,25574,2150,158195,1403,1907,191336,212825,2001
2026-08-24 02:45:00,49.9,209530,46,5950,17486,0,25622,2146,158814,1562,1941,192044,213521,2004
2026-08-24 03:00:00,50.0,209041,41,5980,17431,0,25361,2123,159102,1187,1885,191610,213069,2024
2026-08-24 03:15:00,50.02,208968,6,5963,17438,0,25264,2087,158892,1487,1871,191530,213002,2009
2026-08-24 03:30:00,50.04,208144,8,5959,17295,0,25321,2086,158349,1466,1906,190849,212382,1989
2026-08-24 03:45:00,50.04,207864,8,5987,16854,0,25293,2108,158145,1470,1984,191010,211841,2002
2026-08-24 04:00:00,50.07,207326,8,5995,16598,0,25112,2092,158155,1459,1943,190728,211354,2027
2026-08-24 04:15:00,50.02,208632,8,6000,16163,0,25480,2080,159482,1604,1950,192469,212759,1986
2026-08-24 04:30:00,50.04,208764,7,6001,15759,0,25803,2085,159706,1568,1964,193005,212886,2022
2026-08-24 04:45:00,50.01,209625,5,6006,15518,0,26358,2137,159979,1518,1969,194107,213485,2037
2026-08-24 05:00:00,50.05,209996,130,5995,15129,307,26595,2166,160747,1627,1958,194560,214524,2007
2026-08-24 05:15:00,49.93,212784,307,5986,14883,354,27169,2217,163092,1523,1922,197547,217146,2016
2026-08-24 05:30:00,50.03,215155,307,5984,14581,451,28144,2225,163809,1489,1994,200123,218677,2038
2026-08-24 05:45:00,49.91,215790,333,5996,14035,506,28292,2237,164865,655,1974,201249,218560,2039
2026-08-24 06:00:00,49.95,217790,354,6009,13854,735,29157,2254,165361,942,1960,203201,220272,2026
2026-08-24 06:15:00,49.63,219196,367,5999,13612,753,30395,2290,165502,899,1919,204831,221369,2047
2026-08-24 06:30:00,49.75,221810,357,5979,13799,1335,31675,2312,165851,1173,1911,206676,224035,2028
2026-08-24 06:45:00,49.64,223452,64,5974,13869,2885,31930,2349,165556,1257,1893,206698,225713,2039
2026-08-24 07:00:00,49.97,225190,63,5997,13747,5380,31788,2343,164749,1189,1960,206063,227153,2027
2026-08-24 07:15:00,49.77,226398,94,5995,13437,8680,31986,2294,164529,1144,1940,204281,230005,2055
2026-08-24 07:30:00,50.01,228176,332,6011,13025,12187,31947,2213,163463,1072,1889,202964,231807,2083
2026-08-24 07:45:00,50.0,229012,257,5986,12973,16298,31829,2057,160259,1056,1898,199741,232356,2057
2026-08-24 08:00:00,50.06,228406,319,5841,13050,21371,30259,1887,156427,723,1884,193985,231442,2059
2026-08-24 08:15:00,49.96,232450,1102,5620,13144,27118,29607,1886,155248,700,1915,192188,235238,2020
2026-08-24 08:30:00,49.94,235330,1768,5642,13481,32377,29473,1874,152815,706,1873,189472,238241,2000
2026-08-24 08:45:00,49.96,238394,2576,5626,14140,36772,29165,1867,151069,693,1851,187482,241183,1983
2026-08-24 09:00:00,50.07,240484,3200,5652,14490,41813,28485,1854,148089,656,1930,184181,242969,2010
2026-08-24 09:15:00,50.0,245971,4101,5639,15242,45417,27602,1860,150220,679,1861,185312,248520,1936
2026-08-24 09:30:00,50.01,248109,4081,5604,15898,48748,27092,1856,149071,681,1841,183463,250791,1894
2026-08-24 09:45:00,50.05,249312,4171,5567,16385,51454,26671,1880,147472,672,1795,181473,251896,1840
2026-08-24 10:00:00,50.03,249145,4148,5546,16832,53948,26722,1875,144206,679,1756,178365,251564,1863
2026-08-24 10:15:00,50.0,249649,4105,5501,17212,55830,26772,1859,142913,694,1803,176607,252584,1877
2026-08-24 10:30:00,50.06,249730,4326,5540,17558,59024,26671,1857,139286,661,1866,173148,252463,1923
2026-08-24 10:45:00,49.97,249367,4512,5538,17392,60495,26686,1856,137565,686,1742,171480,251960,1937
2026-08-24 11:00:00,49.97,248609,5064,5531,17378,61994,26324,1861,135698,702,1967,169237,251455,1964
2026-08-24 11:15:00,49.96,248840,5712,5525,16967,62163,25352,1849,136918,754,1886,169710,251414,1960
2026-08-24 11:30:00,49.97,248525,4503,5541,16925,62378,25163,1892,136463,632,1838,169222,250832,1954
2026-08-24 11:45:00,49.96,247856,4474,5531,16340,62805,24786,1943,136009,479,1820,168711,249713,1969
2026-08-24 12:00:00,49.99,247058,5941,5495,16532,62839,24663,1691,135520,443,1848,167687,249031,1992
2026-08-24 12:15:00,50.04,245598,5712,5437,16275,64876,24571,1658,132531,302,1872,164447,247522,1979
2026-08-24 12:30:00,49.97,244995,5607,5460,16618,63410,24560,1800,132847,301,1833,164967,246829,1926
2026-08-24 12:45:00,49.93,244426,5615,5459,16668,62690,24404,1877,132777,303,1900,165068,246078,1966
2026-08-24 13:00:00,50.0,242910,5621,5447,16861,61986,24727,1898,131739,357,1843,164063,244858,1951
2026-08-24 13:15:00,49.94,239947,4118,5456,16946,61050,25155,1948,129181,374,1839,161951,241949,2092
2026-08-24 13:30:00,50.01,241462,5668,5474,16928,61271,25245,2016,130485,301,1792,163263,243512,1995
2026-08-24 13:45:00,49.96,242354,5037,5478,17508,60600,25595,1952,131073,367,1864,164246,244437,1935
2026-08-24 14:00:00,50.08,242923,3876,5466,18361,59541,25992,2062,131506,565,1829,165021,245322,1937
2026-08-24 14:15:00,50.03,243427,3874,5420,18324,59043,25876,2017,132639,620,1872,166060,245811,1996
2026-08-24 14:30:00,50.07,244889,3437,5423,18630,58505,25147,1978,135051,548,2014,167754,247296,1967
2026-08-24 14:45:00,50.21,245995,3163,5431,18440,58866,24385,1970,136951,500,1970,168689,248513,1902
2026-08-24 15:00:00,50.09,245598,3023,5429,18215,57440,24862,2011,137613,623,1941,169943,248134,1954
2026-08-24 15:15:00,50.0,244371,2710,5443,18733,54912,25088,2050,138587,664,1912,170726,247389,1995
2026-08-24 15:30:00,50.02,245016,2241,5439,18974,51954,24877,2062,136688,3,1698,174088,241695,2034
2026-08-24 15:45:00,50.01,245264,2411,5453,19326,50598,25770,2120,142635,748,1865,175340,248515,2003
2026-08-24 16:00:00,50.0,245341,2170,5462,19323,46860,26251,2265,145780,743,1907,179158,248591,1942
2026-08-24 16:15:00,49.97,241328,1639,5460,19459,41604,25916,2471,147326,749,1921,180265,244906,1937
2026-08-24 16:30:00,50.02,241482,1233,5466,19506,37796,25957,2631,150725,745,1981,184180,244807,1936
2026-08-24 16:45:00,49.82,239842,599,5448,19810,32950,26233,2991,152791,753,1895,187082,242871,1940
2026-08-24 17:00:00,49.97,239348,476,5438,20195,29477,26400,3308,154573,900,1885,189676,242176,2002
2026-08-24 17:15:00,49.88,236271,222,5453,20543,25318,26644,3468,154841,899,1873,190410,239039,2042
2026-08-24 17:30:00,49.93,235988,224,5445,20540,20519,27854,3999,157401,938,1937,194929,238633,1982
2026-08-24 17:45:00,49.83,235602,125,5464,20724,15886,28817,4129,160242,962,1970,198992,238194,1979
2026-08-24 18:00:00,49.95,235554,24,5449,20885,11503,29745,4576,162376,1565,1889,203166,237988,1980
2026-08-24 18:15:00,49.95,235379,23,5462,21238,8160,30894,5180,162636,2486,1924,205981,237980,1904
2026-08-24 18:30:00,49.88,236343,11,5465,21066,4994,32643,5571,164542,3235,1883,210283,239399,1781
2026-08-24 18:45:00,49.94,237926,7,5467,20879,3173,34622,6732,165486,3187,1861,213874,241407,1784
2026-08-24 19:00:00,49.79,237721,1,5467,20726,1539,34675,7108,165886,3762,1885,215456,241048,1828
2026-08-24 19:15:00,49.67,239452,0,5459,20422,569,35420,7440,166459,4260,1893,218461,241922,1912
2026-08-24 19:30:00,49.94,239172,2,5447,20058,0,35489,7551,166686,4001,1942,219114,241174,2005
2026-08-24 19:45:00,49.98,239103,5,5468,20274,0,35635,7752,165965,3971,1917,218829,240982,1929
2026-08-24 20:00:00,50.03,237757,2,5477,20436,0,35480,7861,164777,3880,1897,217321,239808,1958
2026-08-24 20:15:00,50.03,236501,2,5468,20514,0,35047,7982,163675,3898,1953,215987,238537,1997
2026-08-24 20:30:00,50.04,236605,13,5447,20526,0,34790,8292,163776,3688,1974,216079,238493,2019
2026-08-24 20:45:00,49.99,236322,3,5471,20664,0,34676,8391,163678,3672,1964,215658,238516,2019
2026-08-24 21:00:00,50.06,235373,0,5472,20516,0,34528,8437,162839,3627,1962,214857,237381,2003
2026-08-24 21:15:00,50.0,235151,0,5467,20386,0,34353,8487,162466,3841,2012,214765,237012,1957
2026-08-24 21:30:00,50.05,235364,0,5463,20268,0,34181,8581,162759,3767,1959,215096,236978,1991
2026-08-24 21:45:00,50.06,235197,0,5486,20326,0,34224,8500,162077,3793,1966,214871,236372,2025
2026-08-24 22:00:00,50.07,233774,0,5488,20600,0,33649,7786,161471,3769,2038,213174,234801,1980
2026-08-24 22:15:00,50.03,235117,0,5473,20797,0,33471,7841,162941,3801,1969,214320,236293,1948
2026-08-24 22:30:00,50.05,234983,5,5492,20957,0,32879,8052,162892,4018,2041,214026,236331,1921
2026-08-24 22:45:00,50.07,233507,8,5482,20837,0,32731,8233,161565,3842,2028,212670,234718,1911
2026-08-24 23:00:00,50.05,232013,22,5467,20784,0,31770,8288,161467,3854,2000,211229,233630,1896
2026-08-24 23:15:00,50.02,231032,42,5486,20639,0,30711,7441,162570,3838,2029,210393,232714,1929
2026-08-24 23:30:00,50.03,229630,67,5485,20239,0,30650,6867,162154,3930,2025,209391,231350,1919
2026-08-24 23:45:00,49.98,228554,70,5495,20055,0,30036,6177,162765,3912,2029,208499,230469,1953
2026-08-25 00:00:00,50.05,225977,61,5500,19529,0,29585,5421,162281,3694,2040,206448,228050,1981
2026-08-25 00:15:00,50.0,225158,5,5485,19275,0,29283,4769,163520,4021,2119,205883,228472,1849
2026-08-25 00:30:00,50.01,223863,4,5494,19121,0,29008,4614,163020,4012,2054,204742,227323,1803
2026-08-25 00:45:00,50.03,221759,2,5516,19128,0,28685,4807,161437,3759,2055,202631,225387,1786
2026-08-25 01:00:00,50.06,219821,11,5533,19098,0,27993,4949,160173,3511,2076,200723,223333,1820
2026-08-25 01:15:00,50.03,217965,115,5516,19109,0,27082,4645,159895,3155,2147,198856,221549,1827
2026-08-25 01:30:00,50.04,216249,140,5539,18989,0,26894,4373,158834,2996,2039,197260,219664,1870
2026-08-25 01:45:00,50.0,215559,214,5548,18834,0,26921,4346,158838,2173,2073,196725,218733,1847
2026-08-25 02:00:00,50.05,213762,215,5528,18828,0,26935,4211,157478,2058,2120,194934,217158,1856
2026-08-25 02:15:00,50.03,212512,682,5554,19125,0,26782,4124,156700,1681,2140,193387,216106,1838
2026-08-25 02:30:00,50.05,211961,682,5564,19272,0,26719,3982,156036,1749,2066,192689,215388,1901
2026-08-25 02:45:00,50.03,212668,1555,5574,19386,0,26638,3803,156928,1775,2105,193282,216209,1941
2026-08-25 03:00:00,50.03,212053,1553,5565,19444,0,26536,3730,156865,1443,2104,192609,215687,1942
2026-08-25 03:15:00,50.07,211724,1606,5600,19281,0,26579,3601,156569,1543,2152,192443,215325,1936
2026-08-25 03:30:00,50.02,210844,1608,5611,19519,0,26323,3137,156052,1474,2160,191325,214276,1962
2026-08-25 03:45:00,50.05,210275,1610,5614,19488,0,25853,2992,156306,1434,2171,190787,213858,1958
2026-08-25 04:00:00,50.02,209879,1609,5637,19269,0,25692,2975,156369,1430,2103,190610,213475,1937
2026-08-25 04:15:00,50.0,210882,1562,5643,18766,0,26117,3143,157238,1516,2119,192116,214542,1971
2026-08-25 04:30:00,50.04,210469,997,5667,17977,0,26372,2971,157370,1503,2081,192492,213941,1950
2026-08-25 04:45:00,50.01,211312,997,5641,17937,0,27124,3022,157480,1504,2120,193375,214828,1930
2026-08-25 05:00:00,50.06,211241,6,5668,17568,228,27556,2991,157447,1237,2100,193445,214795,1930
2026-08-25 05:15:00,49.92,213375,17,5684,17287,275,27785,3171,159503,1496,2100,195813,217301,1950
2026-08-25 05:30:00,50.0,216157,13,5704,16792,379,28653,3254,160514,2882,2119,198986,220297,1920
2026-08-25 05:45:00,49.98,217239,27,5703,16252,308,29882,3284,160731,1639,2089,200679,219888,1926
2026-08-25 06:00:00,50.03,218402,42,5696,15852,317,30273,3298,161468,2260,2064,202233,221228,1936
2026-08-25 06:15:00,49.86,219922,75,5705,15448,400,31150,3296,162014,2341,2067,204074,222421,1951
2026-08-25 06:30:00,49.71,220994,79,5685,14962,973,31862,3301,162155,2241,2063,205059,223242,1953
2026-08-25 06:45:00,49.84,223196,76,5689,14438,3079,32427,3294,162098,2055,2004,205679,225084,1941
2026-08-25 07:00:00,49.92,225713,75,5704,14123,5788,32471,3319,162305,2061,2117,205802,227888,1929
2026-08-25 07:15:00,49.99,228055,336,5689,14103,9252,32439,3298,161868,1523,2015,204700,230187,1971
2026-08-25 07:30:00,50.0,229985,333,5738,13644,13467,32481,3324,161079,1243,2024,202874,233000,1939
2026-08-25 07:45:00,50.05,230315,575,5737,13251,18041,31323,3221,158318,767,1963,199023,232621,1948
2026-08-25 08:00:00,50.12,229090,529,5687,13025,23284,30066,2683,153648,550,2063,192781,231006,1920
2026-08-25 08:15:00,50.03,232437,1186,5729,13208,29377,29149,2579,151733,608,2054,189852,234437,1925
2026-08-25 08:30:00,50.04,235098,2083,5729,13507,34778,28570,2391,148919,581,1988,186813,236463,1933
2026-08-25 08:45:00,50.0,238523,3060,5715,13854,39591,28325,2297,147212,590,1989,185078,239573,1917
2026-08-25 09:00:00,50.04,239385,3512,5712,14126,43435,27651,2232,144651,601,2010,181824,240418,1904
2026-08-25 09:15:00,49.96,243870,4063,5509,14109,47318,27267,2221,145540,617,1985,182443,244566,1945
2026-08-25 09:30:00,49.98,245058,4163,5496,14369,50490,26291,2226,144389,610,2021,180199,245892,1951
2026-08-25 09:45:00,50.03,247098,4346,5502,15085,53729,25776,2228,141838,722,1949,178284,246829,1919
2026-08-25 10:00:00,50.0,247143,4349,5499,15586,56896,25561,2213,138474,710,1918,174661,246857,1924
2026-08-25 10:15:00,49.93,246727,4501,5479,15931,60850,25278,2261,135568,743,1909,169946,248019,1903
2026-08-25 10:30:00,50.03,246805,4851,5485,16101,64265,25075,2251,132194,710,1946,166439,248027,1931
2026-08-25 10:45:00,50.01,246461,4951,5484,16664,65936,25215,2264,130127,776,1864,163861,248330,1954
2026-08-25 11:00:00,49.94,246618,5369,5489,17044,66663,25060,2257,129520,677,1899,162911,248609,2032
2026-08-25 11:15:00,49.92,246352,5542,5516,17103,67351,25266,2277,127396,652,1848,161898,247409,2066
2026-08-25 11:30:00,49.89,246115,5790,5486,17331,67616,25339,2257,126784,545,1777,161168,247135,2059
2026-08-25 11:45:00,49.9,246189,6125,5503,17579,68397,25173,2243,126417,508,1850,160213,247670,2022
2026-08-25 12:00:00,50.01,246604,6306,5496,17818,69625,25098,2285,124690,476,1859,159161,247347,2045
2026-08-25 12:15:00,50.02,244722,6135,5494,17969,70218,24211,2306,123518,345,1788,156535,245849,2030
2026-08-25 12:30:00,50.01,243908,6130,5481,18387,69837,24082,2268,122665,209,1833,155684,244762,2017
2026-08-25 12:45:00,50.02,244045,6133,5494,18565,70899,24113,2280,121232,165,1787,154581,244535,2038
2026-08-25 13:00:00,50.06,241918,6088,5477,18855,70299,24298,2229,119175,173,1813,152764,242319,2009
2026-08-25 13:15:00,50.0,239343,5822,5493,19405,70154,24269,2228,116713,5,1772,149784,240039,1993
2026-08-25 13:30:00,49.98,239047,5822,5492,19791,69150,24240,2216,116723,5,1801,150106,239418,1998
2026-08-25 13:45:00,49.92,240764,5642,5478,20166,68311,24135,2279,118519,109,1890,152287,240887,1987
2026-08-25 14:00:00,49.98,241897,5111,5477,20832,69519,24051,2244,118517,146,1819,151546,242605,1944
2026-08-25 14:15:00,49.94,242217,4317,5551,21490,67134,23966,2259,120443,151,1830,153593,242824,1941
2026-08-25 14:30:00,49.9,243834,3831,5576,22106,64779,24068,2329,123984,294,1834,156949,244970,1934
2026-08-25 14:45:00,49.92,245420,3214,5557,22612,63234,24114,2390,126693,293,1829,159574,246722,1925
2026-08-25 15:00:00,49.93,245960,3318,5570,22589,60719,24917,2489,129242,547,1812,162652,247885,1950
2026-08-25 15:15:00,49.99,246064,3090,5552,22674,58917,25388,2663,130036,595,1784,164473,247609,1753
2026-08-25 15:30:00,50.04,246584,2734,5564,22982,57292,25335,2723,131854,3,1772,166310,247525,1751
2026-08-25 15:45:00,49.99,247072,2556,5585,23240,54030,26311,2847,133677,745,1764,169802,248199,1778
2026-08-25 16:00:00,50.0,246880,1992,5549,23361,50466,26247,3157,136885,750,1750,173053,248165,1738
2026-08-25 16:15:00,50.05,244600,1893,5554,23501,46843,25985,3326,138112,729,1781,174256,245831,1729
2026-08-25 16:30:00,50.03,243584,1408,5632,23514,43228,25763,3624,140388,572,1813,176842,244534,1807
2026-08-25 16:45:00,49.99,242395,945,5640,23520,38457,26342,4102,142657,593,1804,180418,243115,1913
2026-08-25 17:00:00,50.03,242246,475,5802,23583,33480,26990,4397,146418,725,1812,185183,243207,1887
2026-08-25 17:15:00,49.98,237974,226,5638,23695,28732,27209,4609,147739,759,1872,185547,240253,1813
2026-08-25 17:30:00,50.0,234293,227,5671,23209,24154,27767,4899,148562,749,1870,186930,236881,1806
2026-08-25 17:45:00,49.96,234582,120,5598,23231,19042,28673,5202,152346,898,1789,192309,236779,1800
2026-08-25 18:00:00,49.99,234204,14,5547,23371,13843,29680,5517,156908,1408,1827,196990,238101,1968
2026-08-25 18:15:00,49.82,233074,27,5577,23742,9580,29337,5900,158367,1934,1779,199752,236216,2059
2026-08-25 18:30:00,49.89,235416,29,5492,23580,5447,31438,6742,161918,2644,1780,206389,239041,1817
2026-08-25 18:45:00,49.85,237340,29,5485,23627,2900,33161,7037,163365,3736,1819,210813,241130,1812
2026-08-25 19:00:00,49.84,238946,31,5492,23822,1207,34773,7618,163888,4022,1761,213917,242583,1924
2026-08-25 19:15:00,49.89,241086,38,5488,23938,488,35559,8146,163973,5136,1797,216660,244525,1967
2026-08-25 19:30:00,49.96,241245,28,5502,23871,0,35540,8257,164248,5115,1826,217374,244359,1966
2026-08-25 19:45:00,49.96,240951,10,5485,23575,0,35664,8345,164236,5098,1827,217376,244230,1947
2026-08-25 20:00:00,50.03,239640,8,5479,23568,0,35561,8345,162924,4911,1837,216072,242625,1992
2026-08-25 20:15:00,50.04,237507,0,5494,23594,0,35028,8231,161259,4930,1923,213913,240459,1996
2026-08-25 20:30:00,50.05,237313,4,5489,23591,0,34504,8268,161565,4875,1936,213722,240228,1959
2026-08-25 20:45:00,50.02,237376,3,5480,23679,0,34691,8201,161658,4657,1893,213697,240259,1976
2026-08-25 21:00:00,50.02,236879,2,5489,23664,0,34007,8233,161959,4649,1912,213215,239913,1966
2026-08-25 21:15:00,49.99,236039,1,5494,23533,0,34271,7212,161439,5168,1977,212506,239094,1979
2026-08-25 21:30:00,49.98,236478,1,5474,23256,0,34471,6878,162117,5215,1994,213222,239405,2001
2026-08-25 21:45:00,50.06,235489,1,5478,23184,0,34344,6642,161779,4902,2060,212305,238389,1970
2026-08-25 22:00:00,50.09,233911,1,5496,23267,0,33536,6601,160291,4757,1977,210644,235925,1980
2026-08-25 22:15:00,50.04,236095,1,5490,23334,0,33653,7478,161603,4677,1924,212761,238159,1952
2026-08-25 22:30:00,50.07,235929,1,5489,23196,0,33301,7580,161868,4459,1893,212733,237786,1970
2026-08-25 22:45:00,50.03,234688,0,5472,22849,0,33296,6810,161571,3650,1903,211839,235551,2008
2026-08-25 23:00:00,50.04,233037,1,5498,22569,0,32569,6218,161499,4376,2006,210468,234735,1976
2026-08-25 23:15:00,50.0,232720,1,5564,22588,0,32525,5806,161456,4457,1968,210132,234364,1956
2026-08-25 23:30:00,49.95,231404,2,5626,22863,0,32135,5088,161495,4144,1948,208541,233299,1883
2026-08-25 23:45:00,50.03,230230,1,5649,22980,0,32042,4554,160838,4204,1930,207250,232197,1849
2026-08-26 00:00:00,50.03,228341,1,5640,22997,0,31280,4369,160041,3998,1927,205344,230252,1873
2026-08-26 00:15:00,50.03,227630,5,5641,23282,0,30266,4387,160836,3681,1964,204348,230057,1860
2026-08-26 00:30:00,50.06,226512,13,5674,23452,0,29696,4065,160449,3641,2039,203060,229016,1901
2026-08-26 00:45:00,50.06,224731,12,5665,23706,0,29651,3461,159199,3752,2014,201025,227448,1890
2026-08-26 01:00:00,50.07,222913,110,5644,23514,0,29339,3364,158061,3438,2018,199399,225378,1884
2026-08-26 01:15:00,50.02,221133,217,5654,23258,0,28682,3272,157575,3029,2158,197875,223628,1898
2026-08-26 01:30:00,50.03,219972,321,5678,22997,0,28418,3169,156962,2643,2070,196975,221937,1878
2026-08-26 01:45:00,50.04,218692,323,5674,22969,0,28479,3158,156464,2281,2055,195723,221080,1917
2026-08-26 02:00:00,50.04,216905,423,5674,22829,0,28071,3058,155727,2103,2106,194076,219568,1873
2026-08-26 02:15:00,50.0,215905,795,5678,22728,0,27174,3033,155965,1759,2081,193177,218418,1916
2026-08-26 02:30:00,50.02,215086,796,5687,22196,0,26939,3000,155655,1734,2078,192890,217289,1963
2026-08-26 02:45:00,50.0,214930,1670,5685,21616,0,26666,2807,156936,1539,2121,193314,217370,1953
2026-08-26 03:00:00,49.89,214263,1671,5670,21276,0,26571,2825,157082,1169,2097,192987,216690,1936
2026-08-26 03:15:00,49.87,213704,1702,5675,20844,0,26503,2829,156776,1300,2152,192860,216079,1938
2026-08-26 03:30:00,49.92,213269,1706,5643,20757,0,26691,2811,156509,1265,2144,192512,215820,1950
2026-08-26 03:45:00,49.93,212685,1719,5666,20693,0,26456,2828,156043,1240,2178,191992,215104,1969
2026-08-26 04:00:00,50.04,212051,1720,5660,20359,0,26298,2924,155963,1195,2053,191692,214452,1962
2026-08-26 04:15:00,49.99,212561,1720,5676,19793,0,26110,3054,157113,1083,2059,192768,214888,1972
2026-08-26 04:30:00,49.97,213133,1686,5682,19374,0,26605,2838,157849,1085,2122,193759,215555,1940
2026-08-26 04:45:00,50.03,213144,977,5713,18907,0,26681,2837,158287,1038,2050,194237,215513,1959
2026-08-26 05:00:00,50.04,213362,23,5677,18677,244,27106,2990,158137,1041,2043,194441,215915,1938
2026-08-26 05:15:00,49.97,215158,19,5684,18309,287,27430,3417,159624,1070,2008,196562,217829,1949
2026-08-26 05:30:00,50.01,216717,20,5694,18138,404,27651,3429,159843,2561,2012,198175,219732,1991
2026-08-26 05:45:00,50.01,217842,31,5681,17754,399,28594,3302,160125,2912,2033,199689,220800,1995
2026-08-26 06:00:00,50.03,218322,17,5685,17607,474,29110,3331,160168,3236,2078,200241,221689,1981
2026-08-26 06:15:00,50.02,220155,16,5702,17432,825,29967,3343,160782,3259,2080,201898,223390,2033
2026-08-26 06:30:00,49.97,221758,15,5676,17258,1587,30911,3303,160888,3453,2051,202913,225127,2044
2026-08-26 06:45:00,50.02,222997,17,5684,16819,3524,31077,3306,160173,3299,2081,202654,225963,2038
2026-08-26 07:00:00,50.04,223796,24,5704,16552,6358,30727,3106,158775,2998,2109,200886,226329,2159
2026-08-26 07:15:00,50.04,226286,22,5705,16262,10301,30243,3100,159045,2505,2018,199723,229179,2110
2026-08-26 07:30:00,50.1,227233,56,5696,16073,15120,29014,2651,157260,1715,2081,196040,229610,2036
2026-08-26 07:45:00,50.13,227535,43,5699,16023,20943,27271,2556,154162,768,2015,190569,229437,2065
2026-08-26 08:00:00,50.22,227221,62,5701,16380,27044,25817,2408,148986,453,2047,183797,228836,2032
2026-08-26 08:15:00,50.01,230680,1033,5719,17002,33640,26332,2315,144889,760,1986,180038,232643,2018
2026-08-26 08:30:00,49.98,234566,1819,5702,18099,39158,25936,2273,142340,578,1970,177309,236056,2008
2026-08-26 08:45:00,49.99,238281,2923,5712,19340,44273,25781,2282,139859,718,1953,174668,239918,1950
2026-08-26 09:00:00,50.07,240136,3378,5702,19785,48821,25382,2276,136623,707,2051,171530,241347,1969
2026-08-26 09:15:00,50.03,243859,3702,5669,19967,53944,25172,2275,135388,717,1973,169948,245105,1703
2026-08-26 09:30:00,49.98,244886,4205,5710,20782,58450,24907,2274,131991,731,1895,165654,246740,1560
2026-08-26 09:45:00,49.98,246643,4334,5691,21330,62904,24034,2270,129416,737,1935,162409,248317,1612
2026-08-26 10:00:00,49.96,245853,4288,5682,21761,65704,23778,2295,126200,734,1924,158388,248078,1643
2026-08-26 10:15:00,50.03,245882,4399,5699,22091,68592,23566,2265,123283,715,1882,155199,248093,1669
2026-08-26 10:30:00,49.98,245535,4613,5688,22452,70517,23528,2258,120510,724,1933,152566,247610,1788
2026-08-26 10:45:00,49.98,245772,4792,5673,22744,72490,23535,2257,118592,729,1939,150538,247959,1769
2026-08-26 11:00:00,49.97,245775,4612,5660,22940,72708,23597,2249,118148,749,1864,150127,247915,1694
2026-08-26 11:15:00,49.98,245122,5737,5704,23042,74880,23657,2246,115445,590,1878,147200,247442,1778
2026-08-26 11:30:00,49.95,244876,5664,5706,23501,74826,23326,2279,115760,294,1908,146549,247600,1755
2026-08-26 11:45:00,49.74,244809,6039,5672,23287,72417,23663,2319,117490,290,1837,149105,246975,1787
2026-08-26 12:00:00,49.88,245355,6088,5664,23442,73496,23454,2243,117314,316,1879,148417,247808,1752
2026-08-26 12:15:00,49.94,245355,4585,5682,24149,75715,22879,2228,115126,311,1911,145491,248001,1761
2026-08-26 12:30:00,49.99,245444,6167,5680,24063,75038,23174,2244,115370,311,1886,146343,247766,1739
2026-08-26 12:45:00,49.95,244313,6031,5689,23942,73500,23214,2257,115891,309,1893,146871,246695,1596
2026-08-26 13:00:00,49.99,242429,6065,5679,24279,72372,22937,2236,114592,56,1921,145778,244072,1583
2026-08-26 13:15:00,49.97,240539,6070,5680,23382,71590,22292,2262,113591,8,1910,145567,240715,1537
2026-08-26 13:30:00,50.0,241558,6007,5687,25002,71880,21922,2254,111776,2,1838,144676,240361,1565
2026-08-26 13:45:00,49.93,242731,5978,5693,24136,71703,22166,2248,115934,2,1928,146892,243810,1654
2026-08-26 14:00:00,50.0,244466,5566,5671,24159,72574,22384,2235,115997,2,1883,147733,244905,1744
2026-08-26 14:15:00,49.99,244746,4825,5675,25848,70314,22446,2313,117788,2,1899,148584,246285,1718
2026-08-26 14:30:00,49.94,246449,4054,5679,26398,68394,22514,2320,121417,5,1946,151657,248673,1748
2026-08-26 14:45:00,50.04,248571,3807,5648,26736,67486,22100,2428,124457,3,2003,154349,250861,1763
2026-08-26 15:00:00,50.03,248621,2941,6073,26858,65639,21354,2517,125524,2,2010,156124,249977,1735
2026-08-26 15:15:00,49.95,248379,2808,5671,26970,63126,23187,2644,127100,1,2023,158283,250722,1742
2026-08-26 15:30:00,50.03,248841,2401,5669,27270,60449,23353,2886,129287,21,1953,161122,250888,1739
2026-08-26 15:45:00,49.89,248711,2314,5684,27241,57049,23530,2901,132339,21,1926,164421,250691,1766
2026-08-26 16:00:00,49.95,248610,2108,5677,27371,53281,23756,3152,135423,7,1912,167958,250579,1720
2026-08-26 16:15:00,50.0,244470,1713,5659,26989,49112,23833,3364,135295,2,1927,168369,246181,1776
2026-08-26 16:30:00,49.94,243925,1432,5649,27441,44647,24073,3704,138395,2,1897,171837,245808,1781
2026-08-26 16:45:00,49.88,240747,720,5632,26277,40837,24520,4092,139399,2,1843,173633,242602,1821
2026-08-26 17:00:00,49.99,241714,468,5648,27427,36143,25512,4357,142637,278,1887,178144,243889,1790
2026-08-26 17:15:00,50.01,238559,224,5659,27652,30935,25896,4660,144136,449,1904,179972,241291,1862
2026-08-26 17:30:00,50.06,237522,225,5662,27437,25718,26578,4892,148091,714,1867,184367,240959,1811
2026-08-26 17:45:00,50.07,237455,225,5650,27374,21048,26841,5209,152260,718,1889,189033,240989,1856
2026-08-26 18:00:00,50.06,236334,376,5669,27215,15194,28001,5826,154239,1474,1903,193925,239521,1808
2026-08-26 18:15:00,50.04,234227,296,5664,27719,10294,29253,5870,155868,1918,1900,196214,238486,1704
2026-08-26 18:30:00,50.05,236166,222,5659,27069,7278,30848,6170,158447,2715,1899,201819,240085,1636
2026-08-26 18:45:00,50.02,238531,7,5666,27068,4907,32172,5899,161112,3169,1907,206556,241900,1731
2026-08-26 19:00:00,50.05,240155,3,5678,27684,2188,33602,6130,162623,3331,1945,210283,243181,1698
2026-08-26 19:15:00,49.97,242328,0,5680,26987,1522,34171,6591,163566,4132,1916,213819,244565,1721
2026-08-26 19:30:00,50.01,243207,0,5698,26975,0,34618,6459,164568,4251,1887,216232,244456,1716
2026-08-26 19:45:00,49.97,242315,0,5684,27100,0,34550,6463,163941,4415,1918,215215,244071,1804
2026-08-26 20:00:00,50.0,240332,4,5655,26690,0,33765,6316,163008,4297,1932,213642,241663,1808
2026-08-26 20:15:00,49.94,239282,29,5664,26451,0,33447,6327,162641,4328,2033,212831,240891,1823
2026-08-26 20:30:00,49.86,239275,34,5681,26267,0,33140,6240,163504,4019,2019,213008,240870,1815
2026-08-26 20:45:00,49.97,240395,0,5674,26183,0,33262,7446,163846,3752,2044,214212,242207,1795
2026-08-26 21:00:00,50.01,240365,0,5680,26169,0,33245,7755,163793,3572,2098,214196,242312,1801
2026-08-26 21:15:00,50.03,241205,0,5662,25625,0,34033,7792,163937,3823,2115,215580,242987,1800
2026-08-26 21:30:00,50.04,240008,0,5672,25270,0,34225,6720,163990,3827,2092,214738,241796,1786
2026-08-26 21:45:00,50.05,239243,0,5684,24470,0,34624,6350,164223,3842,2088,214773,241281,1826
2026-08-26 22:00:00,50.04,238623,0,5694,24162,0,34460,6290,163659,3906,2114,214461,240285,1842
2026-08-26 22:15:00,49.95,240358,0,5674,23984,0,34142,6387,165668,3964,2127,216374,241946,1857
2026-08-26 22:30:00,49.97,240582,5,5694,24073,0,34296,6231,165863,3940,2116,216509,242213,1878
2026-08-26 22:45:00,50.03,240035,27,5677,24166,0,33750,6522,165426,4112,2091,215869,241744,1876
2026-08-26 23:00:00,50.01,238468,29,5707,23990,0,33136,6382,164893,4063,2095,214478,240266,1851
2026-08-26 23:15:00,49.99,236939,22,5693,23672,0,31928,6109,165267,3923,2029,213267,238621,1807
2026-08-26 23:30:00,50.01,235122,19,5672,23661,0,31172,5288,164769,3684,2011,211461,236257,1771
2026-08-26 23:45:00,50.02,233283,12,5697,23666,0,30554,4638,164090,3699,2027,209617,234371,1790
2026-08-27 00:00:00,50.06,231518,5,5693,23724,0,29773,4216,163550,3325,2004,207794,232285,1814
2026-08-27 00:15:00,50.03,230544,4,5685,23749,0,29272,3963,164223,3065,2007,206795,231964,1799
2026-08-27 00:30:00,50.03,229512,4,5680,23817,0,28748,3722,163866,2997,1988,205695,230818,1826
2026-08-27 00:45:00,50.04,228204,3,5694,23883,0,28463,3334,163412,2998,2004,204321,229788,1855
2026-08-27 01:00:00,50.03,226533,2,5683,23993,0,28302,2994,162224,2737,2000,202540,227933,1879
2026-08-27 01:15:00,50.0,224318,11,5696,23780,0,27659,2772,161974,2570,1996,200538,226447,1739
2026-08-27 01:30:00,49.97,222948,108,5702,23442,0,27421,2508,161294,2500,1983,199506,224850,1790
2026-08-27 01:45:00,49.95,221353,213,5696,23538,0,26613,2423,160878,2004,1997,197815,223149,1878
2026-08-27 02:00:00,50.04,220262,323,5677,23628,0,26415,2385,159766,1637,2008,196634,221516,1880
2026-08-27 02:15:00,50.03,219050,322,5690,23575,0,26000,2379,159471,1400,2008,195475,220523,1910
2026-08-27 02:30:00,50.05,218385,322,5679,23620,0,25945,2237,159008,1397,2049,194765,219935,1894
2026-08-27 02:45:00,50.02,219221,361,5711,23638,0,26183,2119,159587,1423,2058,195583,220719,1929
2026-08-27 03:00:00,50.04,218153,363,5684,23737,0,26186,2040,159290,1049,2061,194416,220047,1939
2026-08-27 03:15:00,50.02,217729,361,5695,23469,0,25866,2080,159218,1061,2041,194260,219430,1963
2026-08-27 03:30:00,50.05,217215,361,5690,23703,0,25629,2077,158558,1105,2024,193512,218786,1999
2026-08-27 03:45:00,50.04,215985,362,5696,23403,0,25476,2080,157719,1116,2064,192582,217554,1972
2026-08-27 04:00:00,50.05,215265,363,5694,22898,0,25489,2087,157626,1121,2043,192367,216958,1939
2026-08-27 04:15:00,49.97,216741,361,5697,22387,0,26093,2094,158861,1172,2045,194354,218349,1943
2026-08-27 04:30:00,49.97,216979,352,5685,21797,0,26132,2083,159559,1173,2054,195182,218483,1941
2026-08-27 04:45:00,50.03,216954,322,5698,21392,0,26063,2120,159998,1144,2041,195562,218456,1959
2026-08-27 05:00:00,50.04,217687,326,5704,21268,749,26193,2173,160629,1104,2054,195670,219874,1937
2026-08-27 05:15:00,49.97,219778,115,5695,21080,798,26764,2184,162516,1110,2034,197900,222181,1942
2026-08-27 05:30:00,50.02,221490,9,5690,20841,836,27326,2184,162469,1177,2027,199813,222550,1909
2026-08-27 05:45:00,50.04,222771,38,5710,20589,798,28324,2177,162576,1177,2015,201384,223366,1913
2026-08-27 06:00:00,49.98,223373,46,5717,20324,832,28351,2192,163320,1330,2008,202217,224074,1870
2026-08-27 06:15:00,49.94,225236,39,5697,20204,1371,29602,2190,164036,1543,1973,203661,226616,1793
2026-08-27 06:30:00,49.83,228114,12,5684,19984,2290,30878,2177,164806,2100,2000,205840,229919,1844
2026-08-27 06:45:00,50.0,229725,20,5701,19678,4353,31232,2176,164135,2064,2012,205694,231351,1818
2026-08-27 07:00:00,50.04,230102,48,5719,19431,8082,29673,2150,162871,892,2013,202589,230831,1845
2026-08-27 07:15:00,50.11,232434,65,5705,19261,12941,28980,2165,161046,801,2028,200232,232927,1820
2026-08-27 07:30:00,50.12,232331,88,5727,19459,18195,27342,2083,158773,387,2013,194677,233979,1825
2026-08-27 07:45:00,50.13,231799,70,5727,19930,24130,25386,2061,154439,196,2047,187739,233916,1823
2026-08-27 08:00:00,50.29,231736,145,5726,20781,30326,24749,2060,147927,1,2060,180629,233630,1853
2026-08-27 08:15:00,50.13,234181,938,5735,22204,36827,24575,2057,142497,2,2013,175150,235910,1842
2026-08-27 08:30:00,50.05,236547,1648,5711,23857,42064,24663,1892,137482,2,2030,170626,237701,1844
2026-08-27 08:45:00,50.1,239061,2866,5715,24851,48092,24488,1894,132997,2,2022,166118,240061,1830
2026-08-27 09:00:00,50.08,241387,3494,5685,25816,53928,24408,1895,128239,2,2039,161643,242012,1843
2026-08-27 09:15:00,49.89,244326,3952,5696,26585,57133,24291,1864,127838,2,1968,160608,245377,1792
2026-08-27 09:30:00,49.81,245471,3928,5646,26834,58827,24748,1861,126726,72,1915,159810,246629,1801
2026-08-27 09:45:00,49.98,246955,4087,5671,27231,62644,24756,1874,124032,74,1878,157080,248160,1841
2026-08-27 10:00:00,50.08,247122,4080,5704,27900,66926,24142,1876,119748,2,1908,152296,248206,1765
2026-08-27 10:15:00,49.96,246963,4346,5706,28020,66490,24192,1873,119906,44,1871,152453,248102,1780
2026-08-27 10:30:00,49.94,245692,4403,5666,28026,66877,24326,1876,117859,41,1866,150789,246537,1801
2026-08-27 10:45:00,49.9,245448,4365,5699,28389,68390,23476,1881,116767,7,1941,148669,246550,1817
2026-08-27 11:00:00,49.93,247448,4577,5656,28706,71211,23032,1868,115960,2,1913,147531,248348,1802
2026-08-27 11:15:00,49.87,248354,5316,5693,29024,71452,23106,1709,116327,2,1896,147878,249209,1605
2026-08-27 11:30:00,49.9,248203,5411,5685,28883,72306,23396,1697,115432,2,1886,147014,249287,1485
2026-08-27 11:45:00,50.04,249382,4467,5721,29592,74881,23304,1692,113436,2,1920,144909,250548,1522
2026-08-27 12:00:00,50.07,248538,6029,5713,29514,74765,23263,1712,112749,2,1887,144259,249605,1571
2026-08-27 12:15:00,50.03,246951,4463,5751,29081,74080,23294,1700,112246,2,1902,143790,248056,1661
2026-08-27 12:30:00,50.1,245641,4484,5763,29265,75776,23076,1694,110294,2,1866,140600,247736,1400
2026-08-27 12:45:00,49.97,246344,6022,5752,28601,73863,23249,1714,112725,229,1881,143880,248014,1625
2026-08-27 13:00:00,50.06,244852,6085,5767,28168,71794,23430,1715,112617,283,1932,144890,245706,1601
2026-08-27 13:15:00,50.03,242715,6077,5759,27983,71677,23328,1693,111218,288,1967,143055,243913,1532
2026-08-27 13:30:00,50.11,243286,6021,5746,27928,72180,23756,1712,110798,528,1905,143178,244553,1885
2026-08-27 13:45:00,49.96,243873,4093,5767,28487,70913,24553,1748,111410,706,1901,144473,245485,1794
2026-08-27 14:00:00,50.0,244895,5301,5791,28771,70407,24601,1846,112476,756,1875,145717,246523,1971
2026-08-27 14:15:00,50.0,245861,4691,5800,29142,71890,24063,1837,112378,745,1900,144829,247755,1994
2026-08-27 14:30:00,49.93,246850,3749,5784,28987,69021,24377,1661,116396,771,1911,148842,248908,2023
2026-08-27 14:45:00,49.92,248329,3497,5782,29076,67941,24630,1655,118929,787,1847,151312,250647,2143
2026-08-27 15:00:00,49.87,248414,3174,5776,27651,65456,24579,1813,122965,751,1830,155307,250821,2107
2026-08-27 15:15:00,49.88,247613,2891,5809,27775,62568,24238,1838,124789,462,1958,157270,249437,1867
2026-08-27 15:30:00,49.97,249351,2411,5779,29103,60411,24373,1873,127126,447,1897,159837,251009,1995
2026-08-27 15:45:00,49.91,249372,2361,5766,29214,56637,24572,1746,130212,462,1819,163521,250428,2044
2026-08-27 16:00:00,50.04,249194,2050,5773,29062,53164,24945,1769,133470,704,1836,166968,250723,2035
2026-08-27 16:15:00,50.02,246593,1515,5790,27406,49536,24787,1959,133892,874,1828,169651,246072,2033
2026-08-27 16:30:00,50.03,245913,1254,5796,29370,45172,25023,1968,137122,903,1817,171371,247171,2073
2026-08-27 16:45:00,49.88,245093,725,5803,29510,39254,25373,2126,141389,929,1813,176329,246197,2019
2026-08-27 17:00:00,50.0,244478,235,5803,29302,34477,26414,2258,144131,911,1820,180699,245116,1948
2026-08-27 17:15:00,50.03,240569,233,5803,29389,29879,25730,2487,145768,903,1776,181301,241735,1898
2026-08-27 17:30:00,50.09,237828,234,5826,29524,24643,25859,2615,147953,883,1805,183661,239108,1942
2026-08-27 17:45:00,50.06,237854,235,5833,29839,20095,26838,2696,151374,875,1828,187920,239378,1969
2026-08-27 18:00:00,50.11,237945,234,5828,30089,14403,28115,2948,155022,1362,1848,193453,239615,1901
2026-08-27 18:15:00,50.02,235919,234,5808,30249,9465,28295,2970,157334,1880,1835,196205,237836,1895
2026-08-27 18:30:00,50.02,237956,11,5824,30098,6003,30036,3093,160820,2334,1838,201855,240046,1840
2026-08-27 18:45:00,49.99,240649,8,5836,30165,3129,31472,3113,163516,3577,1894,207355,242702,1870
2026-08-27 19:00:00,49.94,242123,3,5854,30088,1378,33126,3246,164497,3828,1937,210657,243954,1773
2026-08-27 19:15:00,49.95,243517,0,5832,29712,671,33910,3380,165095,4762,1958,213134,245320,1619
2026-08-27 19:30:00,50.04,243302,0,5826,29604,0,34325,3376,164933,4884,1955,213698,244903,1681
2026-08-27 19:45:00,50.01,243157,1,5816,29177,0,34990,3374,164403,4889,1941,213980,244590,1706
2026-08-27 20:00:00,50.04,241933,1,5865,29056,0,34582,3405,163962,4665,2035,212877,243570,1721
2026-08-27 20:15:00,50.03,240013,1,5848,28666,0,34219,3375,163014,4394,2072,211347,241588,1777
2026-08-27 20:30:00,50.03,240139,0,5864,28776,0,33910,3372,163045,4364,2063,211363,241394,1792
2026-08-27 20:45:00,50.01,238813,7,5874,28591,0,33621,3390,163493,3750,2044,210222,240763,1799
2026-08-27 21:00:00,50.01,238343,5,5873,28455,0,33553,3403,163682,3506,2134,209888,240606,1399
2026-08-27 21:15:00,50.0,238117,6,5890,27886,0,33904,3431,163326,4024,2144,210231,240605,1351
2026-08-27 21:30:00,49.98,238689,35,5887,27479,0,34427,3416,163739,4152,2117,211210,241217,1374
2026-08-27 21:45:00,49.97,239863,61,5921,27274,0,35329,3438,164454,4396,2148,212589,242960,1393
2026-08-27 22:00:00,50.04,239000,48,5941,26988,0,35016,3406,163605,4437,2131,212012,241524,1811
2026-08-27 22:15:00,50.04,240043,27,5973,26825,0,34997,3397,164652,4854,2094,213218,242792,1765
2026-08-27 22:30:00,50.02,239954,32,5961,26319,0,35304,3188,164738,5049,2137,213635,242696,1774
2026-08-27 22:45:00,50.02,239426,65,5993,25893,0,35442,3228,164206,5392,2181,213533,242335,1719
2026-08-27 23:00:00,50.03,238172,40,6001,25450,0,34689,3232,164185,5547,2178,212722,241282,1656
2026-08-27 23:15:00,50.03,236824,36,6007,25306,0,34043,3237,163945,5455,2075,211518,240068,1679
2026-08-27 23:30:00,50.04,235327,42,6020,25152,0,33370,3243,162973,5424,2156,210175,238338,1749
2026-08-27 23:45:00,50.01,233985,36,6024,25071,0,32511,3234,162841,5303,2084,208914,237068,1806
2026-08-28 00:00:00,50.06,232596,47,6000,25185,0,31850,3006,162030,4534,2175,207411,234780,1847
2026-08-28 00:15:00,49.98,231143,5,5999,24587,0,30801,2745,163310,4600,2083,206556,234125,1842
2026-08-28 00:30:00,49.95,229949,3,6008,24393,0,30955,2661,162058,3896,2056,205556,232027,1862
2026-08-28 00:45:00,50.06,228195,2,6031,24251,0,31062,2425,161007,4256,2042,203944,231074,1851
2026-08-28 01:00:00,50.07,226364,2,6009,24102,0,30366,2399,160034,3896,2081,202262,228887,1843
2026-08-28 01:15:00,50.05,224385,5,6006,24297,0,29211,2290,159619,3447,2080,200088,226950,1880
2026-08-28 01:30:00,50.04,223172,4,6012,24172,0,28735,2279,159004,3237,2089,199000,225528,1792
2026-08-28 01:45:00,50.04,221794,3,5995,23703,0,28708,2237,158565,2372,2170,198091,223750,1812
2026-08-28 02:00:00,50.04,220111,3,6025,23428,0,28459,2164,157721,2114,2064,196683,221975,1846
2026-08-28 02:15:00,50.0,219249,184,6015,23404,0,27759,2178,157876,1748,2031,195845,221011,1839
2026-08-28 02:30:00,50.03,218619,23,5998,23583,0,27334,2182,157631,1613,2052,195036,220393,1851
2026-08-28 02:45:00,50.01,219139,41,5992,23365,0,27361,2057,158623,1671,1946,195774,221015,1849
2026-08-28 03:00:00,50.05,217947,1410,6009,23221,0,27284,1965,157896,1402,1983,194726,219760,1897
2026-08-28 03:15:00,49.96,217878,1412,6009,22957,0,27523,2035,157870,1538,2015,194921,219947,1937
2026-08-28 03:30:00,49.98,217234,1415,5989,22771,0,27614,1978,157332,1480,1991,194463,219155,1925
2026-08-28 03:45:00,49.99,216481,1376,6006,22531,0,27567,1925,156803,1446,2012,193950,218290,1927
2026-08-28 04:00:00,50.01,215970,1416,5992,22458,0,27487,1801,156837,1285,2002,193512,217862,1957
2026-08-28 04:15:00,49.91,217375,45,5997,22285,0,27428,1723,158286,1171,2142,195090,219032,1949
2026-08-28 04:30:00,50.05,217424,1224,5995,22153,0,27339,1782,158864,1252,2179,195271,219564,1933
2026-08-28 04:45:00,50.0,217969,731,6026,21905,0,27485,1801,159309,1252,2131,196064,219909,1953
2026-08-28 05:00:00,50.07,218582,21,5999,21784,273,28110,1795,159420,1239,2178,196525,220798,1944
2026-08-28 05:15:00,50.05,221603,16,6014,22033,305,28566,1851,161783,1217,2183,199265,223952,1928
2026-08-28 05:30:00,50.03,223473,55,6011,21801,341,29902,1851,162077,1488,2178,201331,225649,1912
2026-08-28 05:45:00,50.03,224028,61,6013,21878,341,30155,1875,160913,3015,2209,201809,226399,1818
2026-08-28 06:00:00,50.04,224325,41,6001,21745,386,30779,1850,160463,3456,2183,202194,226863,1767
2026-08-28 06:15:00,50.01,225647,50,6018,21562,730,31799,1836,160594,3546,2203,203355,228288,1627
2026-08-28 06:30:00,50.0,228721,56,6031,21593,1684,32701,1806,162087,3518,2182,205444,231602,1590
2026-08-28 06:45:00,50.05,230694,40,6015,21177,4075,32457,1803,162113,3498,2291,205442,233429,1618
2026-08-28 07:00:00,50.06,229968,38,6019,20737,7506,31229,1775,159851,3075,2296,201725,232488,1588
2026-08-28 07:15:00,50.04,230457,66,6013,20180,11714,29527,1710,158799,2911,2296,198563,233150,1636
2026-08-28 07:30:00,50.06,231338,83,6031,19774,17353,28406,1708,155759,477,2340,194211,231848,1655
2026-08-28 07:45:00,50.08,230390,308,6034,19867,23934,27337,1714,150055,470,2272,186589,231683,1687
2026-08-28 08:00:00,50.22,229743,408,6043,20556,30917,25532,1708,143293,444,2295,178270,230788,1698
2026-08-28 08:15:00,50.04,232494,1208,6022,21786,37399,25355,1701,138615,593,2199,173309,233670,1673
2026-08-28 08:30:00,50.06,233898,2138,6028,23334,44154,25191,1696,132102,578,2178,166410,235261,1675
2026-08-28 08:45:00,50.09,234964,2717,6028,24823,49797,24978,1715,126587,742,2178,160344,236848,1336
2026-08-28 09:00:00,50.17,236305,3633,6025,25964,55547,24142,1700,121526,734,2188,154794,237826,1316
2026-08-28 09:15:00,50.02,239995,4116,6020,26775,60598,24165,1673,119566,778,2115,152622,241690,1141
2026-08-28 09:30:00,49.94,240769,4056,6004,26891,61321,24179,1674,119619,823,2121,152557,242632,1042
2026-08-28 09:45:00,49.94,240651,4091,6002,26893,63248,24383,1663,117647,836,2075,150510,242747,1003
2026-08-28 10:00:00,50.04,240651,4134,5997,26984,66063,24152,1687,114761,811,2117,147604,242572,1033
2026-08-28 10:15:00,49.99,240553,4484,5993,27334,67250,23794,1674,113839,802,2035,145969,242721,1002
2026-08-28 10:30:00,49.98,241056,4830,6011,27708,66237,24112,1669,114576,749,2032,147111,243094,1000
2026-08-28 10:45:00,49.97,240690,5005,6024,27387,66801,23868,1670,114304,536,2009,146502,242599,875
2026-08-28 11:00:00,49.99,240527,5020,6008,27661,67791,23319,1646,113688,529,2072,145075,242714,913
2026-08-28 11:15:00,50.04,240594,5518,6009,27698,69146,22935,1681,112400,474,2084,143750,242427,1029
2026-08-28 11:30:00,49.98,240269,5892,6031,27734,70414,22818,1687,111299,466,2000,142121,242449,1076
2026-08-28 11:45:00,49.95,240845,6116,6049,27705,70660,22795,1702,112229,469,2019,142480,243628,1208
2026-08-28 12:00:00,49.95,239995,6074,6026,27663,69498,22830,1675,112388,483,2022,142834,242585,1356
2026-08-28 12:15:00,49.97,238897,6087,6034,28424,69796,22754,1711,110812,451,2018,140677,242000,1222
2026-08-28 12:30:00,49.99,239081,6071,6072,28691,70728,22494,1729,109996,446,2006,139662,242162,1310
2026-08-28 12:45:00,49.97,238692,6054,6080,28564,70392,22335,1686,110049,450,1984,139736,241540,1324
2026-08-28 13:00:00,50.05,237337,6136,6079,28205,68838,22314,1688,110397,435,1997,140294,239953,1371
2026-08-28 13:15:00,49.99,235421,6080,6073,27670,67383,22442,1670,110601,459,2031,140368,238329,1460
2026-08-28 13:30:00,50.02,235407,6137,6097,27517,68302,22427,1659,108955,439,2049,139588,237445,1349
2026-08-28 13:45:00,50.05,235100,5508,6094,27227,68194,22373,1717,109071,433,2080,139679,237189,1370
2026-08-28 14:00:00,49.98,233688,4801,6109,27249,66588,22624,1681,109509,444,2008,139851,236212,1408
2026-08-28 14:15:00,49.98,235008,4301,6095,27337,66905,23109,1678,109919,588,1996,140766,237627,1305
2026-08-28 14:30:00,49.95,236407,3796,6082,27296,67051,23154,1627,110886,474,2004,142060,238574,1362
2026-08-28 14:45:00,49.98,236622,3136,6113,27611,66446,23164,1624,111195,459,2026,142565,238638,1423
2026-08-28 15:00:00,49.98,237603,3042,6078,28100,66204,23539,1660,110864,459,2005,143299,238909,1426
2026-08-28 15:15:00,49.97,237859,2945,6106,27994,63712,23841,1639,113156,467,2039,146153,238954,1419
2026-08-28 15:30:00,49.96,238295,2648,6088,28757,61611,23911,1638,114549,464,1965,147927,238983,1390
2026-08-28 15:45:00,49.94,238675,2373,6118,29067,58604,24648,1635,116757,715,1937,151004,239481,1423
2026-08-28 16:00:00,49.97,238194,2382,6103,29395,55566,24735,1621,118844,719,1975,153233,238958,1443
2026-08-28 16:15:00,49.94,236117,1880,6133,29586,51569,24627,1646,120657,735,1999,154962,236952,1492
2026-08-28 16:30:00,50.02,234940,1400,6122,29702,47138,24446,1631,123824,718,2019,158100,235600,1502
2026-08-28 16:45:00,50.01,233590,881,6091,29665,42178,24956,1623,127257,727,1950,161747,234447,1582
2026-08-28 17:00:00,50.0,231327,353,6116,29651,36640,25539,1615,130058,733,2007,165036,232359,1527
2026-08-28 17:15:00,50.03,226066,232,6132,29959,30905,25786,1627,129852,724,2068,165202,227053,1545
2026-08-28 17:30:00,50.06,224603,234,6158,30248,24761,26420,1648,133939,726,1950,169594,225850,1506
2026-08-28 17:45:00,50.04,223172,230,6149,30458,19196,27407,1658,137126,738,1970,173518,224702,1482
2026-08-28 18:00:00,50.08,222562,232,6159,30375,13541,27869,1652,140970,1225,2025,178646,223816,1497
2026-08-28 18:15:00,49.96,220650,228,6169,30267,8941,27584,1787,143425,1530,1950,181442,221653,1410
2026-08-28 18:30:00,50.02,223643,224,6150,30000,5164,29020,1930,148514,1896,1961,188479,224635,1427
2026-08-28 18:45:00,50.08,226504,219,6176,29852,2512,30615,2055,151329,2395,1918,194140,226852,1321
2026-08-28 19:00:00,50.07,228366,3,6173,29712,1236,31205,2221,153775,2671,1935,197418,228928,1398
2026-08-28 19:15:00,50.03,230961,0,6211,29432,532,31480,2437,156099,4105,1954,200997,232250,1393
2026-08-28 19:30:00,50.03,232843,0,6175,29138,0,32251,2486,157540,4415,1973,203705,233978,1354
2026-08-28 19:45:00,50.05,232612,0,6199,28858,0,32396,2471,157382,4599,1984,203754,233889,1418
2026-08-28 20:00:00,50.05,231914,11,6203,28782,0,32672,2452,156567,4684,2064,203132,233424,1421
2026-08-28 20:15:00,50.04,231038,21,6236,28598,0,32582,2464,156619,4705,2032,202440,233236,1351
2026-08-28 20:30:00,50.03,230534,4,6201,28402,0,32771,2469,156407,4679,2063,202132,232992,1369
2026-08-28 20:45:00,50.03,230736,8,6234,28379,0,32698,2470,156864,4718,2067,202357,233430,1356
2026-08-28 21:00:00,50.02,230768,17,6220,28350,0,32706,2471,157835,4693,2035,202418,234310,1366
2026-08-28 21:15:00,49.99,230722,11,6255,27988,0,32699,2471,157530,5265,1988,202734,234196,1385
2026-08-28 21:30:00,50.02,230909,3,6269,27793,0,32856,2626,157972,5288,1984,203116,234788,1419
2026-08-28 21:45:00,49.98,231354,35,6279,27482,0,33092,2570,158404,5436,2009,203872,235272,1217
2026-08-28 22:00:00,50.0,229959,50,6270,27015,0,32751,2568,157743,5430,2042,202944,233819,1102
2026-08-28 22:15:00,49.97,232947,35,6249,26863,0,32789,2587,160039,5392,2090,206084,236009,1200
2026-08-28 22:30:00,49.99,233007,51,6263,26713,0,32551,2597,160454,5385,2054,206294,236017,1386
2026-08-28 22:45:00,50.05,232250,46,6279,26914,0,32358,2599,159695,4338,2159,205336,234342,1417
2026-08-28 23:00:00,50.05,231311,34,6305,26794,0,32065,2617,159251,5333,2099,204517,234464,1413
2026-08-28 23:15:00,50.01,229726,25,6302,26949,0,31008,2612,158978,4870,2168,202777,232887,1433
2026-08-28 23:30:00,50.02,227921,10,6328,26948,0,30576,2613,157514,4824,2125,200973,230928,1469
2026-08-28 23:45:00,50.04,226238,1,6321,26689,0,30027,2620,156793,4831,2149,199549,229430,1427
2026-08-29 00:00:00,50.05,224413,1,6334,26743,0,29493,2597,155415,4825,2119,197670,227526,1466
2026-08-29 00:15:00,50.03,224151,5,6339,26984,0,29161,2475,156309,3536,2144,197167,226948,1466
2026-08-29 00:30:00,50.04,223182,12,6351,27315,0,28755,2402,155706,3366,2217,195867,226112,1474
2026-08-29 00:45:00,50.03,221441,7,6377,27569,0,28555,2169,154550,3349,2135,193872,224704,1527
2026-08-29 01:00:00,50.05,219548,5,6382,27429,0,28321,2051,153425,3081,2173,192119,222862,1542
2026-08-29 01:15:00,49.99,217621,9,6383,27520,0,27663,2003,152305,2693,2208,190101,220775,1503
2026-08-29 01:30:00,49.98,216754,7,6389,27668,0,27673,1869,151387,2635,2206,189086,219827,1503
2026-08-29 01:45:00,49.97,215113,6,6405,27470,0,27647,1822,150342,2278,2125,187643,218089,1474
2026-08-29 02:00:00,50.03,213532,6,6421,27480,0,27252,1806,149511,1959,2138,186052,216567,1550
2026-08-29 02:15:00,50.01,212979,188,6406,27484,0,27104,1797,149164,1601,2181,185495,215737,1573
2026-08-29 02:30:00,50.02,212644,650,6418,27561,0,26814,1819,148943,1546,2147,185083,215248,1598
2026-08-29 02:45:00,50.03,212965,1351,6403,27555,0,26910,1822,149048,1562,2138,185410,215438,1604
2026-08-29 03:00:00,50.02,212095,1390,6425,27576,0,26864,1812,148459,1190,2119,184519,214445,1562
2026-08-29 03:15:00,50.04,211625,1403,6425,27421,0,26558,1815,148266,1268,2185,184204,213938,1585
2026-08-29 03:30:00,50.06,210948,1406,6441,27292,0,26433,1820,147880,1222,2168,183656,213256,1589
2026-08-29 03:45:00,50.05,210017,1405,6429,27315,0,26299,1791,146806,1234,2140,182702,212014,1744
2026-08-29 04:00:00,50.06,209474,1407,6451,27402,0,26136,1812,146258,1190,2187,182072,211436,1909
2026-08-29 04:15:00,50.03,210658,1362,6458,27471,0,26176,1827,147385,1223,2204,183187,212744,1871
2026-08-29 04:30:00,50.08,210386,1219,6458,27648,0,26269,1806,146832,1194,2197,182738,212404,1918
2026-08-29 04:45:00,50.06,210401,692,6471,27433,0,26175,1810,147169,1189,2203,182968,212450,1975
2026-08-29 05:00:00,50.08,210933,19,6457,27149,298,26235,1820,147751,1185,2221,183486,213116,1973
2026-08-29 05:15:00,50.02,214075,8,6472,26827,333,26691,1833,151221,1041,2177,186915,216595,1948
2026-08-29 05:30:00,50.04,215398,13,6482,26777,367,27029,1837,151819,1356,2136,188254,217803,1990
2026-08-29 05:45:00,50.07,215842,14,6487,26650,364,26955,1826,151448,2566,2208,188828,218504,1972
2026-08-29 06:00:00,50.1,215567,17,6504,26237,381,26946,1833,151498,2655,2206,188949,218260,1971
2026-08-29 06:15:00,50.06,217704,15,6499,25879,655,27914,1807,152966,1386,2126,191170,219232,1970
2026-08-29 06:30:00,49.95,220399,9,6511,25572,1393,29020,1786,154121,3244,2153,193434,223800,1958
2026-08-29 06:45:00,49.98,222154,10,6508,25356,3402,29654,1794,153288,3245,2169,193396,225416,1921
2026-08-29 07:00:00,50.02,222440,19,6538,24919,6628,29429,1804,150837,3183,2211,190893,225549,1934
2026-08-29 07:15:00,49.97,223688,32,6529,24445,10595,28683,1797,149571,2959,2170,188648,226749,1906
2026-08-29 07:30:00,50.02,224782,47,6534,24630,15821,27335,1791,147058,1721,2143,184331,227033,1888
2026-08-29 07:45:00,50.05,225257,275,6537,25113,21645,26522,1797,142916,760,2164,178499,227454,1894
2026-08-29 08:00:00,50.21,225552,411,6534,25879,28466,25469,1809,136248,682,2173,171207,227260,1846
2026-08-29 08:15:00,50.02,230131,942,6544,27020,34300,25173,1792,133591,728,2131,168811,231279,1848
2026-08-29 08:30:00,50.06,232881,1920,6524,28013,39808,25003,1806,129247,709,2219,165060,233329,1868
2026-08-29 08:45:00,50.01,235678,2946,6503,28546,43316,24863,1793,128000,732,2208,163816,235961,1855
2026-08-29 09:00:00,50.02,237454,3582,6508,29586,47905,24395,1807,125000,622,2167,159963,237990,1910
2026-08-29 09:15:00,49.99,242437,4241,6513,29904,52738,24048,1772,125177,610,1898,159795,242660,1829
2026-08-29 09:30:00,49.96,245052,4216,6521,30015,57508,24195,1767,122662,613,1882,157529,245163,1871
2026-08-29 09:45:00,49.97,247112,4293,6507,30217,60657,24545,1773,121050,613,1817,156238,247179,1897
2026-08-29 10:00:00,49.98,246823,4283,6501,30271,62691,24588,1768,119157,676,1859,153861,247511,1867
2026-08-29 10:15:00,49.93,247297,4499,6500,30584,63541,24454,1771,118295,743,1800,153172,247688,1944
2026-08-29 10:30:00,49.98,247198,4535,6481,30702,64167,24757,1784,117441,743,1861,152329,247936,1907
2026-08-29 10:45:00,49.99,247063,4558,6496,31055,66080,24252,1747,115923,763,1831,149928,248147,1895
2026-08-29 11:00:00,50.06,247115,4989,6488,31004,68019,24178,1770,114218,751,1817,148092,248245,1940
2026-08-29 11:15:00,50.1,247092,5357,6513,31040,70688,23845,1790,111945,718,1825,145364,248364,1944
2026-08-29 11:30:00,49.99,247645,4389,6520,31156,71775,23885,1777,111189,754,1811,144714,248867,1906
2026-08-29 11:45:00,49.98,248841,5966,6499,32177,71503,23957,1783,112524,764,1831,145161,251038,1933
2026-08-29 12:00:00,49.99,248880,5973,6487,31550,70573,23904,1806,113440,625,1837,146757,250222,1881
2026-08-29 12:15:00,49.91,246866,5784,6492,31282,69748,23496,1812,113060,481,1854,145836,248225,1928
2026-08-29 12:30:00,50.03,247097,5635,6503,31382,70814,23723,1798,112443,463,1846,144901,248972,1927
2026-08-29 12:45:00,49.96,246803,5598,6492,31349,70288,23739,1793,112423,313,1825,145166,248222,1931
2026-08-29 13:00:00,50.07,244719,5665,6529,31753,70406,23652,1796,110119,277,1839,142560,246371,1931
2026-08-29 13:15:00,49.99,241942,5619,6515,31812,68913,23424,1779,109136,4,1860,141217,243443,1911
2026-08-29 13:30:00,49.96,242602,5575,6512,32920,68613,23171,1772,110041,2,1867,141069,244898,1883
2026-08-29 13:45:00,49.84,242777,5195,6499,31927,66346,23344,1782,112657,3,1930,144504,244488,1921
2026-08-29 14:00:00,49.91,243797,4730,6506,32729,66821,23547,1772,112350,2,1844,144247,245571,1898
2026-08-29 14:15:00,49.8,243566,3686,6516,32558,66423,23482,1783,112213,2,1812,144585,244789,1927
2026-08-29 14:30:00,49.86,245638,3573,6502,32618,66019,23579,1788,114034,3,1856,147001,246399,1910
2026-08-29 14:45:00,49.95,246790,3154,6496,32462,65668,23786,1777,114994,4,1808,148660,246995,1913
2026-08-29 15:00:00,49.95,247469,2814,6513,32216,63647,23894,1767,117947,5,1865,151606,247854,1924
2026-08-29 15:15:00,50.04,247819,2588,6500,32053,61147,24038,1773,120053,3,1904,154619,247471,1962
2026-08-29 15:30:00,50.01,248300,2274,6499,32349,59638,24021,1829,121924,4,1841,156313,248105,1943
2026-08-29 15:45:00,50.01,248115,2034,6483,32406,55752,24085,1845,125457,5,1798,159957,247831,1919
2026-08-29 16:00:00,50.0,247685,1487,6488,32340,52199,24543,1851,128757,6,1914,163146,248098,1900
2026-08-29 16:15:00,49.94,244291,991,6480,32677,47185,24848,1890,130077,7,1824,164429,244988,1524
2026-08-29 16:30:00,49.94,244230,628,6499,32982,42489,25216,1934,133723,3,1856,168759,244702,1585
2026-08-29 16:45:00,49.88,243497,479,6508,32373,37349,25595,1964,137914,4,1934,173775,243641,1605
2026-08-29 17:00:00,49.91,241600,229,6507,32541,31536,25921,1991,141262,3,1893,177523,241654,1605
2026-08-29 17:15:00,49.93,236999,225,6495,32529,25736,25707,2045,142763,3,1907,178734,237185,1592
2026-08-29 17:30:00,50.02,235640,229,6482,32255,20476,26226,2190,146701,3,1961,182909,236294,1653
2026-08-29 17:45:00,49.97,234874,229,6502,32183,15195,26621,2232,150567,3,1921,187496,235224,1620
2026-08-29 18:00:00,50.06,233867,228,6496,32276,10652,27089,2283,153011,518,1941,190939,234266,1558
2026-08-29 18:15:00,50.04,233305,226,6500,32667,7129,27564,2377,155213,1174,1991,193509,234615,1476
2026-08-29 18:30:00,49.95,235394,12,6499,31489,4140,29400,2462,158407,1975,1973,199765,236345,1454
2026-08-29 18:45:00,50.03,238184,9,6510,31625,2164,31250,2510,160688,3282,1890,204395,239919,1402
2026-08-29 19:00:00,50.02,238818,4,6513,31166,1139,32287,2638,161345,3854,1907,206513,240849,1372
2026-08-29 19:15:00,49.97,240549,1,6515,30867,666,32922,2830,162386,4930,1941,209016,243057,1327
2026-08-29 19:30:00,50.02,242351,1,6512,30460,0,33996,2896,163273,5050,1955,211891,244142,1300
2026-08-29 19:45:00,50.03,241999,1,6498,30094,0,34180,2840,163573,4965,1902,211905,244052,1208
2026-08-29 20:00:00,50.04,241007,1,6508,29956,0,33806,2871,163050,4825,1981,211051,242997,1356
2026-08-29 20:15:00,49.99,239544,1,6520,29755,0,33124,2882,162352,4693,1999,209789,241325,1389
2026-08-29 20:30:00,50.0,239319,1,6498,29617,0,33218,2885,162493,4715,1977,209702,241403,1302
2026-08-29 20:45:00,50.02,238377,1,6517,29561,0,32451,2878,163004,4679,2079,208816,241169,1353
2026-08-29 21:00:00,49.98,238703,1,6515,29303,0,32016,2846,163518,4757,1982,209400,240937,1378
2026-08-29 21:15:00,49.97,238208,1,6506,29123,0,31428,2876,163784,5130,2009,209085,240856,1317
2026-08-29 21:30:00,50.01,238293,1,6514,29035,0,31544,2891,163894,5143,2022,209258,241043,1250
2026-08-29 21:45:00,50.01,237686,5,6517,28858,0,31690,2890,163216,4748,2023,208828,239942,1106
2026-08-29 22:00:00,50.04,237598,8,6534,28559,0,31555,2885,162941,4713,1973,209039,239160,1173
2026-08-29 22:15:00,50.03,238992,7,6513,28578,0,31231,2862,164366,5023,2036,210414,240609,1174
2026-08-29 22:30:00,49.94,239052,19,6535,28372,0,31615,2795,164374,5134,1950,210680,240775,1214
2026-08-29 22:45:00,50.03,238851,34,6524,28226,0,32128,2729,163444,5113,1975,210625,240139,1268
2026-08-29 23:00:00,50.03,237204,29,6511,28170,0,31083,2678,163055,4840,1991,209034,238328,1372
2026-08-29 23:15:00,50.01,236166,22,6516,28147,0,30233,2610,163110,4654,1979,208019,237249,1353
2026-08-29 23:30:00,50.03,235234,23,6526,29482,0,30145,2572,162769,4426,2012,205752,237932,1331
2026-08-29 23:45:00,50.07,233125,17,6537,27616,0,29974,2540,161229,4308,1995,205509,234199,1327
2026-08-30 00:00:00,50.09,231402,26,6533,27673,0,29012,2522,160308,3981,1993,203729,232022,1362
2026-08-30 00:15:00,50.03,230576,6,6530,27525,0,27926,2419,161949,3162,2004,203051,231515,1339
2026-08-30 00:30:00,50.0,229187,6,6527,27388,0,27610,2206,161205,3069,2016,201799,230021,1332
2026-08-30 00:45:00,50.01,228404,3,6528,27724,0,27597,2059,160175,2940,2021,200680,229044,1339
2026-08-30 01:00:00,50.04,226025,2,6525,28307,0,27358,1907,158539,2701,1986,197718,227323,1349
2026-08-30 01:15:00,49.98,224245,5,6541,27568,0,27152,1828,157896,2129,1995,196677,225109,1325
2026-08-30 01:30:00,50.0,223522,5,6529,27667,0,27084,1838,157636,1651,2015,195855,224420,1303
2026-08-30 01:45:00,50.01,222104,1,6541,27561,0,26612,1822,156944,1421,1965,194543,222866,1367
2026-08-30 02:00:00,50.0,220200,5,6553,27420,0,26050,1827,155777,1201,1973,192780,220801,1336
2026-08-30 02:15:00,49.97,219336,184,6548,27263,0,25728,1833,155461,909,2014,192073,219756,1441
2026-08-30 02:30:00,49.92,218404,184,6552,27151,0,25700,1822,154829,928,1962,191253,218944,1420
2026-08-30 02:45:00,49.9,217924,186,6563,27649,0,25859,1829,154677,973,2027,190275,219577,1468
2026-08-30 03:00:00,49.91,217669,220,6552,26731,0,25808,1826,154942,496,1972,190938,218327,1471
2026-08-30 03:15:00,49.92,217230,403,6553,27098,0,25284,1832,155404,638,1960,190132,218769,1492
2026-08-30 03:30:00,49.99,216661,219,6565,26316,0,25192,1850,154988,595,1998,190345,217504,1472
2026-08-30 03:45:00,49.96,216123,219,6566,26213,0,25171,1829,154520,594,1982,189910,216875,1480
2026-08-30 04:00:00,49.99,215205,218,6578,25873,0,25278,1809,154169,414,1998,189332,216119,1487
2026-08-30 04:15:00,49.86,215800,204,6547,25307,0,25532,1813,155073,447,2036,190493,216755,1489
2026-08-30 04:30:00,49.92,216300,39,6550,24699,0,26247,1825,155632,427,1982,191601,217362,1477
2026-08-30 04:45:00,50.04,216938,7,6558,25019,0,26317,1834,156915,411,1957,191919,219011,1496
2026-08-30 05:00:00,49.98,217787,11,6564,24449,337,26333,1821,157680,409,1988,193001,219581,1491
2026-08-30 05:15:00,49.84,219065,11,6554,24268,382,26797,1885,158771,419,1998,194415,221074,1488
2026-08-30 05:30:00,50.04,220605,32,6565,24538,396,28020,1895,159321,1424,1977,195671,224136,1498
2026-08-30 05:45:00,50.05,220402,44,6576,23702,396,28147,1898,159485,1713,1943,196304,223860,1528
2026-08-30 06:00:00,50.06,219407,42,6564,23210,417,27799,1956,159022,1927,1984,195780,222879,1496
2026-08-30 06:15:00,50.03,219361,49,6576,22951,794,28130,1942,158877,1935,1979,195616,223184,1483
2026-08-30 06:30:00,50.03,221093,283,6572,22765,1392,28609,2041,159343,2110,1921,196936,224753,1491
2026-08-30 06:45:00,50.05,220914,446,6566,22744,3042,28441,2083,157892,1644,1903,195128,224315,1490
2026-08-30 07:00:00,50.01,221078,443,6592,22461,5652,28229,2075,155841,1314,1987,192965,224151,1515
2026-08-30 07:15:00,49.93,222082,445,6588,22250,9352,26961,2063,154753,396,1948,190480,224311,1487
2026-08-30 07:30:00,49.85,222194,452,6568,22409,13772,26545,2056,150891,32,1955,186013,224228,1445
2026-08-30 07:45:00,50.0,222868,429,6568,22744,18732,26025,2057,146726,34,1980,181392,224866,1389
2026-08-30 08:00:00,50.14,223369,650,6579,23359,24099,24735,2049,142050,34,1996,175911,224901,1384
2026-08-30 08:15:00,50.11,227151,1206,6577,24300,30332,23525,2062,139744,15,1954,172519,228509,1424
2026-08-30 08:30:00,50.05,229926,2264,6580,25341,36010,23578,2049,134874,3,1945,168575,230380,1390
2026-08-30 08:45:00,50.08,232142,3146,6579,26182,42040,23596,2078,130417,3,1915,163920,232810,1350
2026-08-30 09:00:00,50.15,233796,3861,6571,27066,46046,23682,2076,126199,27,1909,160684,233576,1409
2026-08-30 09:15:00,50.1,237436,4484,6578,27935,50305,23604,2037,124847,76,1893,159196,237275,1408
2026-08-30 09:30:00,50.1,238511,4500,6603,28963,53955,23461,2017,121789,76,1924,155593,238788,1388
2026-08-30 09:45:00,50.12,240055,4539,6577,29337,57720,23377,2045,119199,76,1959,152998,240290,1429
2026-08-30 10:00:00,50.05,239799,4784,6578,29423,59218,23433,2053,117579,64,1880,151158,240228,1423
2026-08-30 10:15:00,49.94,239588,4749,6574,29683,59258,22866,2054,118075,41,1885,150647,240436,1382
2026-08-30 10:30:00,49.95,239821,4768,6565,29993,60676,22785,2054,116874,4,1867,149152,240818,1365
2026-08-30 10:45:00,50.0,240567,4801,6550,29800,63766,22702,2036,114558,4,1881,147001,241297,1356
2026-08-30 11:00:00,49.99,240755,5484,6574,29721,64961,22315,2042,114019,4,1893,146073,241529,1364
2026-08-30 11:15:00,49.98,240794,5788,6560,30216,65758,22222,2037,113527,4,1878,144820,242202,1282
2026-08-30 11:30:00,50.03,241438,5803,6566,30272,66687,22365,2036,112655,4,1921,144479,242506,1314
2026-08-30 11:45:00,50.03,241504,6145,6570,30534,67569,22213,2050,111982,4,1844,143401,242766,1245
2026-08-30 12:00:00,50.11,241269,6201,6556,30900,66848,22240,2058,111847,4,2113,143521,242566,1263
2026-08-30 12:15:00,49.97,239147,6098,6570,30526,65087,22162,2059,111992,4,2155,143534,240555,1261
2026-08-30 12:30:00,49.94,239131,6071,6564,30794,63315,22077,2055,113978,4,1885,145022,240672,1226
2026-08-30 12:45:00,49.94,238991,6096,6552,31028,62400,22389,2062,114709,4,1836,145563,240980,1250
2026-08-30 13:00:00,49.98,237919,6115,6554,31281,62560,22408,2064,112962,4,1859,144078,239692,1234
2026-08-30 13:15:00,49.98,236059,6082,6558,31279,62085,22281,2091,111571,4,1857,142695,237726,1216
2026-08-30 13:30:00,49.97,236484,6020,6562,31421,61481,22477,2058,111973,4,1913,143582,237889,1204
2026-08-30 13:45:00,49.97,237329,5578,6551,31567,60670,22371,2091,113223,4,2073,145092,238550,1168
2026-08-30 14:00:00,49.97,236479,5059,6549,31539,59306,22718,2045,114005,4,2085,145634,238251,1182
2026-08-30 14:15:00,49.93,236868,4076,6557,31804,59129,22705,2078,114354,4,2059,145935,238690,1177
2026-08-30 14:30:00,49.92,237890,3733,6550,31956,58673,22605,2042,115423,4,2027,147261,239280,1180
2026-08-30 14:45:00,49.98,239079,3564,6543,31912,58608,22612,2080,116027,4,2010,148559,239796,1155
2026-08-30 15:00:00,49.89,238878,3406,6535,31973,57367,23272,2031,116277,4,2023,149538,239482,1170
2026-08-30 15:15:00,49.9,238837,2892,6541,32063,57049,22970,2027,116691,5,2014,149725,239360,1305
2026-08-30 15:30:00,49.95,240167,2618,6532,32667,55081,22666,2030,118542,6,2001,152419,239525,1404
2026-08-30 15:45:00,50.01,239731,2163,6538,32611,52709,23022,2018,120656,6,2023,154411,239583,1398
2026-08-30 16:00:00,50.02,238494,1640,6550,32479,49003,23177,2020,123115,2,2002,157012,238348,1439
2026-08-30 16:15:00,50.01,234779,1127,6550,32237,44407,23628,2026,123629,3,1975,158135,234455,1483
2026-08-30 16:30:00,50.07,234892,1129,6553,32469,40267,23791,2033,127631,2,1955,162156,234701,1552
2026-08-30 16:45:00,49.96,234017,970,6525,32460,36139,24660,2028,130294,3,1976,165418,234085,1650
2026-08-30 17:00:00,49.98,232236,451,6524,32285,30227,25047,2034,133873,3,1906,169724,231899,1721
2026-08-30 17:15:00,50.04,227002,227,6543,32123,25027,24927,2032,134082,3,1964,169852,226701,1733
2026-08-30 17:30:00,49.99,225503,221,6541,32066,19868,24465,2030,138428,3,1984,173569,225385,1747
2026-08-30 17:45:00,50.02,224361,227,6541,31804,15044,25055,1945,141860,3,1909,177513,224161,1711
2026-08-30 18:00:00,50.02,223413,225,6548,31500,10873,25686,1938,144247,884,1948,181040,223624,1669
2026-08-30 18:15:00,50.01,222538,222,6545,30718,6924,26473,1943,146855,1422,1949,184896,222829,1614
2026-08-30 18:30:00,50.07,225358,225,6541,30256,4032,27617,2017,152070,1646,1863,191070,226042,1475
2026-08-30 18:45:00,50.05,228169,6,6554,30097,2267,28599,1953,155125,2345,1935,195805,228875,1493
2026-08-30 19:00:00,50.07,229734,4,6550,29927,1244,29694,2077,156320,3066,1981,198563,230859,1471
2026-08-30 19:15:00,50.01,232396,1,6553,29598,820,30790,2265,157937,4172,2059,201978,234194,1460
2026-08-30 19:30:00,50.01,233966,15,6554,29381,0,30785,2270,159735,3769,2023,204585,234517,1486
2026-08-30 19:45:00,50.03,233646,8,6543,29116,0,30671,2303,159841,3744,1970,204530,234188,1534
2026-08-30 20:00:00,50.04,232372,12,6530,28992,0,30089,2292,159747,3748,1940,203380,233338,1499
2026-08-30 20:15:00,50.05,231058,32,6557,28759,0,29837,2304,158954,3983,1958,202299,232352,1507
2026-08-30 20:30:00,50.0,231067,38,6545,28658,0,30266,2251,158653,4054,2058,202409,232485,1476
2026-08-30 20:45:00,49.93,231720,38,6552,28456,0,30529,2258,159089,4515,1976,203264,233375,1543
2026-08-30 21:00:00,49.95,231550,32,6544,28328,0,30981,2264,159314,4546,1978,203222,233955,1589
2026-08-30 21:15:00,49.87,231806,13,6551,28293,0,30721,2258,159441,4972,1955,203513,234191,1601
2026-08-30 21:30:00,49.99,232667,16,6542,28885,0,30952,2314,159948,4893,1967,203782,235501,1554
2026-08-30 21:45:00,50.0,232586,26,6556,28494,0,30748,2260,160389,4340,1952,204092,234739,1561
2026-08-30 22:00:00,50.06,231882,17,6560,28325,0,30891,2258,159330,4512,1990,203557,233866,1548
2026-08-30 22:15:00,50.02,232765,0,6552,28107,0,30937,2319,160193,4817,2000,204658,234925,1563
2026-08-30 22:30:00,50.05,232580,0,6560,28143,0,30876,2303,159878,4735,1963,204437,234458,1645
2026-08-30 22:45:00,50.01,231943,0,6573,27916,0,30726,2320,159410,4896,2143,204027,233984,1696
2026-08-30 23:00:00,50.03,230591,0,6563,27843,0,30127,2265,159048,4963,2130,202748,232939,1626
2026-08-30 23:15:00,50.03,229439,0,6564,27077,0,29139,2253,159165,3569,2130,202362,229897,1710
2026-08-30 23:30:00,50.01,227673,0,6558,26921,0,29047,2276,157791,4364,2074,200752,229031,1654
2026-08-30 23:45:00,50.0,225778,0,6559,26796,0,28680,2251,156281,4391,2152,198982,227110,1674
2026-08-31 00:00:00,50.09,223749,0,6560,26853,0,28312,2233,154626,4228,2170,196896,224982,1699
2026-08-31 00:15:00,50.04,223386,3,6560,26965,0,27298,2108,157078,3141,2111,196421,225261,1764
2026-08-31 00:30:00,49.99,222518,3,6568,26769,0,27159,2012,156241,3154,2075,195749,223978,1719
2026-08-31 00:45:00,49.95,220854,2,6572,26460,0,26940,1871,155412,3108,2108,194394,222471,1749
2026-08-31 01:00:00,50.03,219653,1,6560,26467,0,26736,1801,154767,2676,2089,193186,221096,1741
2026-08-31 01:15:00,49.98,217869,5,6566,26571,0,26345,1799,153998,2074,2101,191298,219454,1752
2026-08-31 01:30:00,49.94,216473,5,6557,26578,0,26292,1793,153325,1830,2129,189895,218504,1770
2026-08-31 01:45:00,49.98,215302,8,6557,26432,0,26100,1797,152996,1391,2090,188870,217363,1754
2026-08-31 02:00:00,50.05,214069,7,6575,26365,0,25861,1797,152017,1135,2086,187704,215836,1828
2026-08-31 02:15:00,50.01,213439,190,6573,26166,0,25515,1801,152349,736,2095,187273,215235,1813
2026-08-31 02:30:00,49.98,212908,188,6573,25803,0,25490,1822,152490,755,2103,187105,215036,1795
2026-08-31 02:45:00,50.01,213010,387,6568,25467,0,25151,1794,153136,820,2126,187543,215062,1837
2026-08-31 03:00:00,50.0,212472,417,6573,25231,0,25212,1812,152806,921,2141,187241,214696,1810
2026-08-31 03:15:00,49.98,212690,482,6551,24997,0,25041,1834,153697,629,2161,187693,214910,1810
2026-08-31 03:30:00,50.02,211613,483,6498,24722,0,25256,1827,153289,627,2214,186891,214433,1811
2026-08-31 03:45:00,49.97,210551,481,6515,24480,0,25399,1851,152260,632,2195,186071,213332,1822
2026-08-31 04:00:00,50.0,210195,480,6506,24110,0,25471,1847,152441,625,2144,186085,213144,1816
2026-08-31 04:15:00,49.9,211517,33,6494,23655,0,26123,1841,153703,628,2212,187862,214656,1778
2026-08-31 04:30:00,50.06,212592,34,6505,23698,0,26152,1872,154588,599,2151,188894,215565,1808
2026-08-31 04:45:00,50.06,212942,3,6507,23420,0,26569,1924,154747,589,2128,189522,215884,1840
2026-08-31 05:00:00,50.06,214113,3,6507,23704,340,26511,1919,154919,591,2160,190069,216651,1827
2026-08-31 05:15:00,50.02,216368,5,6493,23689,379,26585,1927,157496,528,2087,192300,219184,1841
2026-08-31 05:30:00,50.04,218326,5,6507,23781,413,27145,1948,158548,520,2067,194132,220929,1855
2026-08-31 05:45:00,50.05,220162,52,6506,23539,443,26832,1986,159566,534,2145,196180,221551,1836
2026-08-31 06:00:00,50.05,220692,66,6521,23325,431,27087,2010,160043,533,2119,196936,222069,1782
2026-08-31 06:15:00,49.86,222610,52,6510,23189,738,27543,2043,161611,571,2073,198683,224278,1805
2026-08-31 06:30:00,49.8,224725,42,6507,22998,1373,28729,2070,161737,899,2032,200354,226345,1824
2026-08-31 06:45:00,49.97,226667,31,6508,22592,3182,29798,2099,161433,860,2067,200893,228539,1801
2026-08-31 07:00:00,50.04,228190,43,6517,22611,5917,29822,2145,160311,672,2095,199662,230090,1793
2026-08-31 07:15:00,50.01,230216,286,6528,22206,9485,29888,2126,159399,655,2111,198525,232398,1760
2026-08-31 07:30:00,49.99,230990,281,6523,21834,13630,28901,2137,158024,466,2060,195526,233575,1830
2026-08-31 07:45:00,50.02,231340,289,6519,21963,18105,27290,2061,155608,210,2030,191272,233786,1822
2026-08-31 08:00:00,50.11,231193,529,6522,22499,23800,26015,2038,150297,212,2060,184894,233443,1756
2026-08-31 08:15:00,50.02,235289,1089,6513,23445,28626,24614,2052,149689,3,2052,183218,236994,1783
2026-08-31 08:30:00,50.08,237837,2114,6514,24407,33798,24113,2059,146142,3,2032,179632,239068,1755
2026-08-31 08:45:00,50.06,241031,3000,6506,25205,38190,23768,2064,144227,3,2061,177636,242024,1778
2026-08-31 09:00:00,50.14,242588,3525,6504,25949,42675,23185,2038,141182,2,2054,173964,243589,1798
2026-08-31 09:15:00,50.04,248504,4317,6502,26575,49224,22876,2056,140346,3,2028,172705,249610,1676
2026-08-31 09:30:00,49.97,249541,4270,6489,26571,53116,22359,2043,138359,3,1999,169854,250939,1639
2026-08-31 09:45:00,49.97,251261,4322,6474,26803,56407,22131,2052,136690,2,1989,168051,252548,1584
2026-08-31 10:00:00,49.99,251076,4285,6465,27041,59811,22217,2049,133260,3,1987,164224,252833,1582
2026-08-31 10:15:00,49.93,250889,4383,6472,27171,63185,21962,2042,129424,3,2010,160533,252269,1589
2026-08-31 10:30:00,50.03,251099,4545,6469,27204,65440,22049,2054,127477,4,2087,158455,252784,1605
2026-08-31 10:45:00,49.93,250849,4497,6487,27208,66374,21991,2028,126368,3,1966,157267,252425,1637
2026-08-31 11:00:00,50.04,251256,4599,6470,26973,68160,22006,2040,125393,3,2053,156123,253098,1622
2026-08-31 11:15:00,50.06,249563,4650,6494,26831,68930,21621,2047,123240,3,2079,153802,251245,1592
2026-08-31 11:30:00,50.06,250878,4622,6501,27111,70655,21748,2034,122155,4,2084,153112,252292,1576
2026-08-31 11:45:00,50.09,250612,4624,6491,27247,71478,21960,1927,120988,41,2056,151887,252188,1499
2026-08-31 12:00:00,50.05,249904,4632,6489,28111,71604,21122,2071,120626,42,2058,150189,252123,1566
2026-08-31 12:15:00,50.09,248468,4401,6494,28327,72693,20353,2052,118777,48,2081,147448,250825,1680
2026-08-31 12:30:00,50.04,247391,4303,6479,28386,72555,20399,2133,117445,25,2055,146450,249477,1733
2026-08-31 12:45:00,49.98,247714,4276,6473,27750,72732,20312,2136,117672,37,2055,147232,249167,1732
2026-08-31 13:00:00,50.09,245380,4319,6476,27675,72609,19891,2139,116021,17,2123,145096,246951,1711
2026-08-31 13:15:00,50.04,242453,4287,6479,27860,70315,19832,2201,115003,42,2095,144278,243827,1820
2026-08-31 13:30:00,50.15,243021,4292,6497,28004,72008,19541,2189,114137,10,2042,143009,244428,1716
2026-08-31 13:45:00,50.01,243716,3953,6488,28589,71330,19796,2173,114714,8,1863,143797,244961,1779
2026-08-31 14:00:00,49.96,244339,3810,6472,28547,70221,20420,2186,115626,3,2049,145571,245524,1814
2026-08-31 14:15:00,49.76,244080,3350,6451,28487,67134,20477,2150,118240,7,2036,148459,244982,1814
2026-08-31 14:30:00,49.87,246389,3322,6458,28588,66924,20523,2171,121474,25,2072,150877,248235,1854
2026-08-31 14:45:00,49.9,247392,3203,6463,28717,66068,20549,2118,124694,31,2024,152607,250664,1794
2026-08-31 15:00:00,49.87,247771,3085,6459,28587,63943,20318,2117,125327,30,2089,155241,248870,1826
2026-08-31 15:15:00,49.98,248441,2544,6470,28586,61238,20384,2112,127725,32,2062,158617,248609,1865
2026-08-31 15:30:00,50.04,250201,2307,6463,28576,59704,21181,2142,130715,22,1993,161921,250796,1817
2026-08-31 15:45:00,50.02,250924,1919,6466,28499,57092,21918,2216,134215,151,2002,165333,252559,1791
2026-08-31 16:00:00,49.98,250423,1484,6462,27521,51576,22385,1997,138669,161,1964,171326,250735,1843
2026-08-31 16:15:00,50.04,249283,988,6459,28074,48621,23010,2025,139634,307,2021,172588,250151,1918
2026-08-31 16:30:00,50.0,250243,728,6465,28334,44763,23939,2270,142833,309,2024,177146,250937,1952
2026-08-31 16:45:00,49.95,249823,478,6465,28486,39706,24333,2362,147135,500,2133,181631,251120,1913
2026-08-31 17:00:00,49.98,248145,347,6441,28397,33319,24719,2526,151399,509,2144,186429,249454,1940
2026-08-31 17:15:00,50.02,243374,226,6464,28364,28335,24903,2446,151798,412,2149,186675,244871,1890
2026-08-31 17:30:00,49.97,241570,222,6460,28027,22612,25285,2681,155247,361,2086,190931,242759,1941
2026-08-31 17:45:00,49.87,240801,220,6458,27749,16802,26496,2858,159028,328,2078,196250,241797,1933
2026-08-31 18:00:00,50.06,240503,222,6457,27275,12733,27738,3463,161104,915,2117,200495,241802,1917
2026-08-31 18:15:00,49.94,238056,221,6474,27134,8344,28628,3882,161499,1745,2007,202578,239713,1850
2026-08-31 18:30:00,49.93,239003,43,6452,27002,5149,30358,4574,163587,1924,1973,206852,241019,1823
2026-08-31 18:45:00,49.94,239371,80,6465,26929,2563,32109,4877,164275,2414,1964,209879,241596,1790
2026-08-31 19:00:00,49.93,240587,100,6468,26652,1349,33094,5166,164945,2815,1914,212586,242403,1808
2026-08-31 19:15:00,49.96,241867,75,6470,26297,889,33659,5674,165050,3028,1961,214681,243028,1915
2026-08-31 19:30:00,49.73,242232,75,6466,26023,0,34101,5832,165362,3125,2034,216209,242943,1927
2026-08-31 19:45:00,50.02,241609,193,6480,25817,0,34120,5796,164851,3724,1970,215792,242758,1925
2026-08-31 20:00:00,50.05,239827,74,6480,25673,0,33751,5053,164530,3067,1956,214154,240510,1949
2026-08-31 20:15:00,50.05,237850,192,6482,25718,0,32875,5054,162743,3615,2032,212132,238519,2012
2026-08-31 20:30:00,50.01,237857,116,6473,25912,0,32851,5001,162872,3642,1979,211945,238730,1986
2026-08-31 20:45:00,50.01,237601,122,6472,25386,0,31914,5551,163665,3635,2021,212215,238644,2006
2026-08-31 21:00:00,49.99,236484,117,6486,24889,0,31693,5937,163093,3956,2008,211595,238062,1976
2026-08-31 21:15:00,50.03,237532,53,6477,24570,0,32574,5996,162811,4090,2034,212962,238552,1993
2026-08-31 21:30:00,50.02,236675,14,6494,24177,0,32939,5956,162115,4506,2085,212498,238272,2011
2026-08-31 21:45:00,50.01,236802,30,6489,24025,0,33479,5099,162793,4604,2122,212777,238611,2066
2026-08-31 22:00:00,50.02,237492,22,6485,23833,0,33372,5043,163442,4546,2084,213659,238805,2093
2026-08-31 22:15:00,49.99,238025,21,6489,23556,0,33506,5547,163855,4693,2071,214469,239717,2031
2026-08-31 22:30:00,49.97,237868,21,6483,23491,0,33304,5587,164110,4471,2071,214377,239517,2028
2026-08-31 22:45:00,49.97,237525,21,6485,23491,0,33285,5100,164458,4486,2065,214034,239370,1950
2026-08-31 23:00:00,50.04,235035,21,6482,23555,0,32215,4696,163567,4384,2089,211480,236988,1955
2026-08-31 23:15:00,49.97,233059,21,6475,23833,0,31792,4059,162678,4339,2069,209226,235245,1957
2026-08-31 23:30:00,50.01,231738,21,6487,23825,0,30949,3863,162454,4237,2083,207913,233898,1981
2026-08-31 23:45:00,50.03,230657,0,6480,24076,0,30558,3464,162053,3385,2043,206581,232059,1921
